mtllib base_link_visuals.mtl
v 0.10300000011920929 0.2237413078546524 0.045445799827575684
v 0.21795590221881866 0.2193509191274643 0.04707741737365723
v 0.2114725559949875 0.22349447011947632 0.03817075490951538
v 0.2952781319618225 0.1425936371088028 0.04681122303009033
v 0.29940956830978394 0.12869960069656372 0.03758084774017334
v 0.29059767723083496 0.1632205992937088 0.03830009698867798
v 0.26672089099884033 0.19294898211956024 0.04666930437088013
v 0.2581637501716614 0.20399872958660126 0.037817761301994324
v 0.21768711507320404 0.21788468956947327 0.03251555562019348
v 0.10300000011920929 0.21645289659500122 0.03118896484375
v 0.292021781206131 -0.14844106137752533 0.04751017689704895
v 0.2979350984096527 -0.1430274099111557 0.042526304721832275
v 0.29301178455352783 0.14700540900230408 0.032796427607536316
v 0.26739057898521423 0.18926896154880524 0.03249877691268921
v 0.2169395387172699 -0.22007957100868225 0.0469079315662384
v 0.21041397750377655 -0.22354403138160706 0.037604570388793945
v 0.24413664638996124 -0.2117461860179901 0.0378512442111969
v 0.25979387760162354 -0.19739121198654175 0.04721254110336304
v 0.2757248878479004 -0.18728965520858765 0.0395285040140152
v 0.2946222424507141 -0.14562830328941345 0.032998234033584595
v 0.10300105810165405 -0.22384150326251984 0.045963436365127563
v 0.21546074748039246 -0.21825629472732544 0.03251713514328003
v 0.2578802704811096 -0.19699841737747192 0.032362908124923706
v 0.10300128161907196 -0.22116681933403015 0.03319165110588074
v 0.2797386944293976 -0.15109412372112274 0.04800000786781311
v 0.22767339646816254 -0.2046215534210205 0.04800000786781311
v 0.10300000011920929 -0.2084999978542328 0.04800000786781311
v 0.10300000011920929 0.2084999978542328 0.04800000786781311
v 0.2172406017780304 0.20611752569675446 0.04800000786781311
v 0.2819666564464569 0.14235351979732513 0.04800000786781311
v 0.2563934922218323 0.18349689245224 0.04800000786781311
v 0.10300000011920929 -0.2084999978542328 0.03200000524520874
v 0.22659410536289215 -0.20423869788646698 0.03200000524520874
v 0.22767339646816254 0.2046215534210205 0.03200000524520874
v 0.2801215648651123 -0.15217341482639313 0.03200000524520874
v 0.2797386944293976 0.15109413862228394 0.03200000524520874
v 0.11973747611045837 0.1973000019788742 0.038208186626434326
v 0.1183413565158844 0.1973000019788742 0.04219019412994385
v 0.11573666334152222 0.1973000019788742 0.03993125259876251
v 0.11961150169372559 0.20250001549720764 0.03811858594417572
v 0.116376131772995 0.20250001549720764 0.04189541935920715
v -0.10300001502037048 -0.2237413078546524 0.045445799827575684
v -0.21795590221881866 -0.2193509191274643 0.04707741737365723
v -0.2114725559949875 -0.22349447011947632 0.03817075490951538
v -0.2952781319618225 -0.1425936371088028 0.04681122303009033
v -0.29940956830978394 -0.12869960069656372 0.03758084774017334
v -0.29059767723083496 -0.1632205992937088 0.03830009698867798
v -0.26672089099884033 -0.19294898211956024 0.04666930437088013
v -0.2581637501716614 -0.20399872958660126 0.037817761301994324
v -0.21768711507320404 -0.21788468956947327 0.03251555562019348
v -0.10300001502037048 -0.22107362747192383 0.032876163721084595
v -0.292021781206131 0.14844106137752533 0.04751017689704895
v -0.2979350984096527 0.1430274099111557 0.042526304721832275
v -0.29301178455352783 -0.14700540900230408 0.032796427607536316
v -0.26739057898521423 -0.18926896154880524 0.03249877691268921
v -0.2169395387172699 0.22007957100868225 0.0469079315662384
v -0.21041397750377655 0.22354403138160706 0.037604570388793945
v -0.24413666129112244 0.2117461860179901 0.0378512442111969
v -0.25979387760162354 0.19739121198654175 0.04721254110336304
v -0.2757248878479004 0.18728965520858765 0.0395285040140152
v -0.2946222424507141 0.14562830328941345 0.032998234033584595
v -0.10300105810165405 0.22384150326251984 0.045963436365127563
v -0.21546074748039246 0.21825629472732544 0.03251713514328003
v -0.2578802704811096 0.19699841737747192 0.032362908124923706
v -0.10300129652023315 0.22116681933403015 0.03319165110588074
v -0.27739226818084717 0.15521278977394104 0.04800000786781311
v -0.23546703159809113 0.19960275292396545 0.04800000786781311
v -0.10300000011920929 0.2084999978542328 0.04800000786781311
v -0.19300000369548798 0.2084999978542328 0.04800000786781311
v -0.10300000011920929 -0.2084999978542328 0.04800000786781311
v -0.19300000369548798 -0.2084999978542328 0.04800000786781311
v -0.22148054838180542 -0.2044665366411209 0.04800000786781311
v -0.2707131505012512 -0.16990981996059418 0.04800000786781311
v -0.2840000092983246 0.11749999970197678 0.04800000786781311
v -0.2840000092983246 -0.11749999970197678 0.04800000786781311
v -0.10300000011920929 0.2084999978542328 0.03200000524520874
v -0.19300000369548798 0.2084999978542328 0.03200000524520874
v -0.23071280121803284 0.20189227163791656 0.03200000524520874
v -0.10300000011920929 -0.2084999978542328 0.03200000524520874
v -0.19300000369548798 -0.2084999978542328 0.03200000524520874
v -0.23546703159809113 -0.19960273802280426 0.03200000524520874
v -0.27510276436805725 0.15996702015399933 0.03200000524520874
v -0.27739226818084717 -0.15521281957626343 0.03200000524520874
v -0.2840000092983246 -0.11749999970197678 0.03200000524520874
v -0.2840000092983246 0.11749999970197678 0.03200000524520874
v -0.11859984695911407 -0.20250001549720764 0.03761546313762665
v -0.12023644149303436 -0.1973000019788742 0.03943789005279541
v -0.1156589537858963 -0.1973000019788742 0.04058907926082611
v -0.11741304397583008 -0.20250001549720764 0.0423351526260376
v -0.17157317698001862 -0.2084999978542328 0.038789138197898865
v -0.17399483919143677 -0.19750002026557922 0.038532108068466187
v -0.1747620701789856 -0.2084999978542328 0.03936976194381714
v -0.17421086132526398 -0.19750002026557922 0.041426852345466614
v -0.17266477644443512 -0.2084999978542328 0.041841134428977966
v -0.13460753858089447 -0.2084999978542328 0.03887620568275452
v -0.1347770094871521 -0.19750002026557922 0.039169758558273315
v -0.13312757015228271 -0.2084999978542328 0.041768670082092285
v -0.13287243247032166 -0.19750002026557922 0.041768670082092285
v -0.2840000092983246 0.048789143562316895 0.041426852345466614
v -0.27300000190734863 0.05033523216843605 0.041841134428977966
v -0.27300000190734863 0.048237938433885574 0.03936976194381714
v -0.2840000092983246 0.049005176872015 0.03853212296962738
v -0.27300000190734863 0.05142683535814285 0.03878912329673767
v -0.2840000092983246 -0.05033523216843605 0.041841134428977966
v -0.27300000190734863 -0.048789143562316895 0.041426852345466614
v -0.27300000190734863 -0.05195405334234238 0.03983050584793091
v -0.2840000092983246 -0.05142683535814285 0.03878912329673767
v -0.27300000190734863 -0.049005176872015 0.03853212296962738
v -0.2840000092983246 -0.09033523499965668 0.041841134428977966
v -0.27300000190734863 -0.08878914266824722 0.041426852345466614
v -0.27300000190734863 -0.0919540598988533 0.03983050584793091
v -0.2840000092983246 -0.09142684191465378 0.03878912329673767
v -0.27300000190734863 -0.08900517970323563 0.038532108068466187
v -0.2840000092983246 0.08878914266824722 0.041426852345466614
v -0.27300000190734863 0.09033523499965668 0.041841134428977966
v -0.27300000190734863 0.0882379412651062 0.03936976194381714
v -0.2840000092983246 0.08900517970323563 0.038532108068466187
v -0.27300000190734863 0.09142684191465378 0.03878912329673767
v -0.1723697930574417 0.2084999978542328 0.041762083768844604
v -0.17266477644443512 0.19750002026557922 0.041841134428977966
v -0.17484112083911896 0.2084999978542328 0.03966476023197174
v -0.1747620701789856 0.19750002026557922 0.03936976194381714
v -0.17178912460803986 0.2084999978542328 0.038573190569877625
v -0.17157317698001862 0.19750002026557922 0.038789138197898865
v -0.13421086966991425 0.2084999978542328 0.041426852345466614
v -0.13363021612167358 0.19750002026557922 0.041762083768844604
v -0.13421089947223663 0.19750002026557922 0.038573190569877625
v -0.13399483263492584 0.2084999978542328 0.038532108068466187
v -0.10300000011920929 -0.19750000536441803 0.04800000786781311
v -0.11800000071525574 -0.19865386188030243 0.04800000786781311
v -0.21943557262420654 -0.19545534253120422 0.04800000786781311
v -0.22611956298351288 -0.20344437658786774 0.04800000786781311
v -0.27384355664253235 -0.1636861115694046 0.04800000786781311
v -0.2714731693267822 -0.144903302192688 0.04800000786781311
v -0.10300000011920929 0.19750000536441803 0.04800000786781311
v -0.21220040321350098 0.19684885442256927 0.04800000786781311
v -0.23918604850769043 0.19834358990192413 0.04800000786781311
v -0.2510192394256592 0.17323051393032074 0.04800000786781311
v -0.27894434332847595 0.15061964094638824 0.04800000786781311
v -0.2725432813167572 0.1344640552997589 0.04800000786781311
v -0.11800000071525574 -0.1991666853427887 0.03200000524520874
v -0.10300000011920929 -0.19750000536441803 0.03200000524520874
v -0.22019286453723907 -0.1961018592119217 0.03200000524520874
v -0.23918604850769043 -0.19834358990192413 0.03200000524520874
v -0.2712242007255554 -0.14344610273838043 0.03200000524520874
v -0.24873049557209015 0.17551927268505096 0.03200000524520874
v -0.23455937206745148 0.20081660151481628 0.03200000524520874
v -0.21142973005771637 0.19649100303649902 0.03200000524520874
v -0.10300000011920929 0.19750000536441803 0.03200000524520874
v -0.27894434332847595 -0.15061962604522705 0.03200000524520874
v -0.27252236008644104 0.13629600405693054 0.03200000524520874
v -0.2771908938884735 0.15485280752182007 0.03200000524520874
v -0.13115888833999634 0.19750002026557922 0.03966476023197174
v -0.13104593753814697 0.2084999978542328 0.03983050584793091
v -0.2840000092983246 -0.0882379412651062 0.03936976194381714
v -0.2840000092983246 0.05195405334234238 0.03983050584793091
v -0.2840000092983246 -0.048237938433885574 0.03936976194381714
v -0.2840000092983246 0.0919540598988533 0.03983050584793091
v -0.13115888833999634 -0.2084999978542328 0.03966476023197174
v -0.1710459589958191 -0.19750002026557922 0.03983050584793091
v -0.1312379390001297 -0.19750002026557922 0.03936976194381714
v 0.08867761492729187 -0.21445804834365845 0.09900999069213867
v 0.08689248561859131 -0.2126999944448471 0.10221236944198608
v 0.08894467353820801 -0.21510814130306244 0.10289737582206726
v -0.0885000079870224 -0.21669141948223114 0.06108856201171875
v -0.09026207029819489 -0.2126999944448471 0.06171879172325134
v -0.08653904497623444 -0.2126999944448471 0.061430662870407104
v -0.06355410814285278 -0.2126999944448471 0.03305807709693909
v -0.06364613026380539 -0.21970000863075256 0.0328732430934906
v -0.09140455722808838 -0.21291150152683258 0.032097697257995605
v -0.07968290895223618 -0.2196650207042694 0.03232201933860779
v 0.06349492073059082 -0.21970000863075256 0.03313039243221283
v 0.06357985734939575 -0.2126999944448471 0.03296081721782684
v 0.07792823016643524 -0.2196851521730423 0.03213018178939819
v 0.09148481488227844 -0.2132277935743332 0.032105952501297
v 0.025944985449314117 -0.21970000863075256 0.15957851707935333
v 0.042064156383275986 -0.21984530985355377 0.17043563723564148
v -0.015776000916957855 -0.21970000863075256 0.16230329871177673
v -0.05343398079276085 -0.21974755823612213 0.16146184504032135
v -0.05902794376015663 -0.21970000863075256 0.1392396241426468
v 0.07916288077831268 -0.21970000863075256 0.09905612468719482
v 0.09397539496421814 -0.2197345793247223 0.09288942813873291
v 0.06071395054459572 -0.21970000863075256 0.136358380317688
v -0.09251274168491364 -0.21971789002418518 0.09869980812072754
v -0.07977857440710068 -0.21970000863075256 0.09559613466262817
v -0.07602157443761826 -0.21970000863075256 0.05616077780723572
v 0.07704684138298035 -0.21970000863075256 0.0592522919178009
v 0.10306070744991302 -0.2140883058309555 0.1029539704322815
v 0.10331176221370697 -0.21330484747886658 0.06491386890411377
v 0.09771864116191864 -0.21461503207683563 0.047033846378326416
v 0.09063807129859924 -0.21394690871238708 0.060370683670043945
v 0.08699509501457214 -0.2153092473745346 0.06199602782726288
v 0.08215886354446411 -0.2126999944448471 0.08229337632656097
v 0.08665889501571655 -0.2126999944448471 0.060753315687179565
v 0.0774109959602356 -0.21380476653575897 0.12820234894752502
v 0.09062638878822327 -0.21341371536254883 0.13541175425052643
v 0.07948556542396545 -0.21460671722888947 0.13179560005664825
v 0.0711807906627655 -0.214241623878479 0.15980316698551178
v 0.04145543649792671 -0.21371029317378998 0.17922884225845337
v 0.05902794376015663 -0.2126999944448471 0.1392396241426468
v 0.009124848991632462 -0.2126999944448471 0.16404518485069275
v 0.011333346366882324 -0.21418090164661407 0.18743082880973816
v -0.0625518411397934 -0.21375001966953278 0.16702759265899658
v -0.08050952851772308 -0.21337251365184784 0.13006043434143066
v -0.09332635998725891 -0.2138034701347351 0.13016727566719055
v -0.03883317857980728 -0.2126999944448471 0.15391117334365845
v -0.030839798972010612 -0.2142913043498993 0.18306881189346313
v -0.07661472260951996 -0.21483954787254333 0.13040496408939362
v -0.07656256854534149 -0.2126999944448471 0.11342242360115051
v -0.08682499825954437 -0.21443361043930054 0.10006710886955261
v -0.09041374921798706 -0.21407978236675262 0.10213117301464081
v -0.10343718528747559 -0.2141534835100174 0.09930253028869629
v -0.10376991331577301 -0.21357731521129608 0.07005400955677032
v -0.08902053534984589 -0.2126999944448471 0.05947592854499817
v -0.07704684883356094 -0.2126999944448471 0.0592522919178009
v -0.09770318865776062 -0.21461352705955505 0.0469832569360733
v -0.07892990112304688 -0.214613676071167 0.15119844675064087
v -0.08867761492729187 0.21445804834365845 0.09900999069213867
v -0.08689248561859131 0.2126999944448471 0.10221236944198608
v -0.08894467353820801 0.21510814130306244 0.10289737582206726
v 0.0884999930858612 0.21669141948223114 0.06108856201171875
v 0.09026205539703369 0.2126999944448471 0.06171879172325134
v 0.08653904497623444 0.2126999944448471 0.061430662870407104
v 0.06355409324169159 0.2126999944448471 0.03305807709693909
v 0.06364612281322479 0.21970000863075256 0.0328732430934906
v 0.09140454232692719 0.21291150152683258 0.032097697257995605
v 0.07968291640281677 0.2196650207042694 0.03232201933860779
v -0.06349492073059082 0.21970000863075256 0.03313039243221283
v -0.06357986479997635 0.2126999944448471 0.03296081721782684
v -0.07792823016643524 0.2196851521730423 0.03213018178939819
v -0.09148478507995605 0.21322780847549438 0.03210592269897461
v 0.05902794376015663 0.21970000863075256 0.1392396241426468
v 0.053433988243341446 0.21974755823612213 0.16146183013916016
v 0.09251274168491364 0.21971789002418518 0.09869980812072754
v 0.07977856695652008 0.21970000863075256 0.09559613466262817
v 0.07602156698703766 0.21970000863075256 0.05616077780723572
v -0.07916288822889328 0.21970000863075256 0.09905612468719482
v -0.09397540986537933 0.2197345793247223 0.09288942813873291
v -0.06071395426988602 0.21970000863075256 0.136358380317688
v -0.042064156383275986 0.21984530985355377 0.17043563723564148
v -0.025944985449314117 0.21970000863075256 0.15957851707935333
v 0.015776000916957855 0.21970000863075256 0.16230329871177673
v -0.07704684883356094 0.21970000863075256 0.0592522919178009
v -0.10306072235107422 0.2140883058309555 0.1029539704322815
v -0.10331176221370697 0.21330484747886658 0.06491385400295258
v -0.09771865606307983 0.21461504697799683 0.047033876180648804
v -0.09063808619976044 0.21394690871238708 0.060370683670043945
v -0.08699509501457214 0.2153092473745346 0.06199602782726288
v -0.08215886354446411 0.2126999944448471 0.08229337632656097
v -0.08665890246629715 0.2126999944448471 0.060753315687179565
v -0.07741100341081619 0.21380476653575897 0.12820234894752502
v -0.09062638878822327 0.21341371536254883 0.13541175425052643
v -0.07948556542396545 0.21460671722888947 0.13179560005664825
v -0.0711807981133461 0.214241623878479 0.15980316698551178
v -0.04145544022321701 0.21371029317378998 0.17922884225845337
v -0.05902794376015663 0.2126999944448471 0.1392396241426468
v -0.009124848991632462 0.2126999944448471 0.16404518485069275
v -0.011333344504237175 0.21418091654777527 0.18743082880973816
v 0.0625518411397934 0.21375001966953278 0.16702759265899658
v 0.08050952851772308 0.21337251365184784 0.13006043434143066
v 0.09332635998725891 0.2138034701347351 0.13016727566719055
v 0.03883317485451698 0.2126999944448471 0.15391117334365845
v 0.03083980083465576 0.2142913043498993 0.18306881189346313
v 0.07661472260951996 0.21483954787254333 0.13040496408939362
v 0.07656256854534149 0.2126999944448471 0.11342242360115051
v 0.08682499825954437 0.21443361043930054 0.10006710886955261
v 0.09041373431682587 0.21407978236675262 0.10213117301464081
v 0.10343717038631439 0.2141534835100174 0.09930256009101868
v 0.10376991331577301 0.21357731521129608 0.0700540542602539
v 0.08902053534984589 0.2126999944448471 0.05947592854499817
v 0.07704684138298035 0.2126999944448471 0.0592522919178009
v 0.09770315885543823 0.21461352705955505 0.04698321223258972
v 0.07892990112304688 0.214613676071167 0.15119844675064087
v -0.2781960368156433 -0.09010812640190125 0.07265174388885498
v -0.2670007050037384 -0.08413681387901306 0.07823258638381958
v -0.2770526707172394 -0.08890072256326675 0.07639420032501221
v -0.26699987053871155 -0.0889020562171936 0.07631248235702515
v -0.26699942350387573 -0.09175726026296616 0.0727573037147522
v -0.2773248851299286 -0.08765333145856857 0.05557791888713837
v -0.2670000195503235 -0.08806970715522766 0.05195409059524536
v -0.2670000195503235 -0.08907333016395569 0.05634324252605438
v -0.277886301279068 -0.09098869562149048 0.05274364352226257
v -0.2670000195503235 -0.09368138015270233 0.04947778582572937
v -0.2773248851299286 0.09134666621685028 0.05557791888713837
v -0.2670000195503235 0.09427405893802643 0.0495651513338089
v -0.2670000195503235 0.0886978879570961 0.05624264478683472
v -0.277886301279068 0.08801131695508957 0.05274364352226257
v -0.2670000195503235 0.0884433165192604 0.05173838138580322
v -0.277886301279068 0.09098868817090988 0.07525637745857239
v -0.2670000195503235 0.09436960518360138 0.07921889424324036
v -0.2670000195503235 0.08862918615341187 0.07637912034988403
v -0.2773248851299286 0.08765333890914917 0.07242211699485779
v -0.2670000195503235 0.08235549926757812 0.07850231230258942
v -0.2670000195503235 0.08249770104885101 0.049355506896972656
v -0.2670000195503235 0.08907333016395569 0.07165679335594177
v -0.2770000100135803 0.08249770104885101 0.0786445140838623
v -0.2770000100135803 0.08243062347173691 0.049334943294525146
v -0.2770000100135803 0.09436105936765671 0.08107730746269226
v -0.2670000195503235 -0.09664450585842133 0.07850231230258942
v -0.2670000195503235 -0.08235550671815872 0.04949769377708435
v -0.2770000100135803 -0.08421780169010162 0.08220648765563965
v -0.2770000100135803 -0.0940207913517952 0.08113047480583191
v -0.2770000100135803 -0.08253076672554016 0.04929487407207489
v -0.2799488306045532 -0.0869826227426529 0.08595716953277588
v -0.2670000195503235 -0.08664592355489731 0.08299234509468079
v -0.2670000195503235 -0.08836429566144943 0.08859804272651672
v -0.2802720069885254 -0.09073807299137115 0.08418598771095276
v -0.2670000195503235 -0.09149177372455597 0.08257034420967102
v -0.2799488306045532 0.08917977660894394 0.08722570538520813
v -0.2670000195503235 0.09104812145233154 0.08243337273597717
v -0.2670000195503235 0.0910022035241127 0.08789782226085663
v -0.2670000195503235 0.08539319783449173 0.08459809422492981
v -0.2770000100135803 0.0842629075050354 0.08541086316108704
v -0.2770000100135803 0.09245897829532623 0.08793547749519348
v -0.28700000047683716 -0.0816393792629242 0.09752233326435089
v -0.28700000047683716 0.08150230348110199 0.09764450788497925
v -0.2770000100135803 -0.08152230829000473 0.09763941168785095
v -0.2770000100135803 0.0833660289645195 0.09366670250892639
v -0.28691351413726807 0.08149191737174988 0.08865818381309509
v -0.2770000100135803 -0.08164449781179428 0.0904977023601532
v -0.28690412640571594 -0.08157258480787277 0.0890265703201294
v -0.28640300035476685 -0.04019078239798546 0.05785560607910156
v -0.2770007848739624 -0.042706456035375595 0.055607929825782776
v -0.28648313879966736 0.04005679115653038 0.057631731033325195
v -0.27699965238571167 0.03961509093642235 0.05414886772632599
v -0.2808857858181 -0.04567843675613403 0.07307508587837219
v -0.2773973345756531 -0.04154633730649948 0.07859411835670471
v -0.27801263332366943 0.04532841593027115 0.07317277789115906
v -0.287572979927063 0.09641768783330917 0.04951426386833191
v -0.2790885865688324 0.08025941997766495 0.07914629578590393
v -0.2880072295665741 -0.09624181687831879 0.049622029066085815
v -0.27854588627815247 -0.08092855662107468 0.08050701022148132
v -0.27742713689804077 0.03567783161997795 0.08036677539348602
v -0.28700000047683716 -0.09500440955162048 0.10100442171096802
v -0.28700000047683716 0.09482165426015854 0.10082167387008667
v -0.2770000100135803 0.09500440955162048 0.10100442171096802
v -0.2770000100135803 -0.09482165426015854 0.10082167387008667
v -0.2770000100135803 -0.09087595343589783 0.08886784315109253
v -0.2802720069885254 0.0888359323143959 0.08308778703212738
v -0.2770000100135803 -0.08274102956056595 0.093687504529953
v -0.27637144923210144 0.08282376080751419 0.0994080901145935
v -0.28700000047683716 -0.08274102956056595 0.09431250393390656
v -0.28700000047683716 0.08274102956056595 0.093687504529953
v -0.27633336186408997 0.08266685158014297 0.08841648697853088
v -0.2761818468570709 -0.08357736468315125 0.08742266893386841
v -0.27609091997146606 -0.08357736468315125 0.10057735443115234
v -0.22184951603412628 -0.10628251731395721 0.09399636089801788
v -0.20911021530628204 -0.09484528750181198 0.09429138898849487
v -0.19774772226810455 -0.09697343409061432 0.09400147199630737
v -0.18058879673480988 -0.10549953579902649 0.0939997136592865
v -0.1742391437292099 -0.10753334313631058 0.09407827258110046
v -0.17261461913585663 -0.1289149522781372 0.09399957954883575
v -0.1960139274597168 -0.1520654708147049 0.09399768710136414
v -0.20250959694385529 -0.15474942326545715 0.09405618906021118
v -0.21965056657791138 -0.1469867080450058 0.09423115849494934
v -0.224782794713974 -0.13712219893932343 0.09399998188018799
v -0.1796189695596695 -0.14642731845378876 0.09417891502380371
v -0.17034709453582764 -0.12796957790851593 0.09411583840847015
v -0.1909218579530716 -0.09518799185752869 0.09423567354679108
v -0.22476287186145782 -0.10675611346960068 0.09431034326553345
v -0.23017871379852295 -0.13024252653121948 0.09438465535640717
v -0.17324674129486084 -0.12096156924962997 0.09744159877300262
v -0.17791815102100372 -0.14005205035209656 0.09745821356773376
v -0.19990821182727814 -0.15172041952610016 0.09755510091781616
v -0.21870994567871094 -0.14412334561347961 0.09731408953666687
v -0.22739005088806152 -0.1181846335530281 0.09733693301677704
v -0.21338945627212524 -0.1000049039721489 0.09734725952148438
v -0.19539813697338104 -0.09741867333650589 0.09746259450912476
v -0.17873939871788025 -0.10700206458568573 0.09741038084030151
v -0.20846027135849 -0.09101130068302155 0.10781246423721313
v -0.1768621802330017 -0.09956797957420349 0.10783982276916504
v -0.1897038370370865 -0.09152991324663162 0.10697975754737854
v -0.18332064151763916 -0.11824420839548111 0.11146964132785797
v -0.17198888957500458 -0.12069767713546753 0.11202475428581238
v -0.19604887068271637 -0.10725481063127518 0.11162924766540527
v -0.21439272165298462 -0.13455773890018463 0.11156973242759705
v -0.21184274554252625 -0.11894252896308899 0.10700076818466187
v -0.21058721840381622 -0.10978052020072937 0.11154468357563019
v -0.2126920372247696 -0.12130599468946457 0.11112752556800842
v -0.20742961764335632 -0.11415433138608932 0.1113259494304657
v -0.20487463474273682 -0.11215531080961227 0.10682591795921326
v -0.19528529047966003 -0.11281532049179077 0.11134344339370728
v -0.19282414019107819 -0.11371198296546936 0.10694244503974915
v -0.18753066658973694 -0.1261323243379593 0.11138048768043518
v -0.18824057281017303 -0.12004324793815613 0.1067999005317688
v -0.22044041752815247 -0.15319155156612396 0.09059536457061768
v -0.23151622712612152 -0.13998518884181976 0.08956083655357361
v -0.23528242111206055 -0.12191031128168106 0.09083613753318787
v -0.15828987956047058 -0.14193084836006165 0.05016699433326721
v -0.15994524955749512 -0.13558408617973328 0.04527696967124939
v -0.1598600596189499 -0.14026190340518951 0.05228877067565918
v -0.1581583172082901 -0.13796022534370422 0.042624980211257935
v -0.16069820523262024 -0.13970670104026794 0.03683435916900635
v -0.15986308455467224 -0.14773662388324738 0.03670993447303772
v -0.15803435444831848 -0.14373914897441864 0.03830760717391968
v -0.22659727931022644 -0.12013731151819229 0.08561357855796814
v -0.22851456701755524 -0.12252018600702286 0.09070929884910583
v -0.22132658958435059 -0.1055636927485466 0.09087422490119934
v -0.2154180407524109 -0.10280642658472061 0.0855589359998703
v -0.21005727350711823 -0.09785792976617813 0.09084150195121765
v -0.20148757100105286 -0.09726974368095398 0.08581028878688812
v -0.18885447084903717 -0.0981532409787178 0.09077227115631104
v -0.1820363700389862 -0.1042555421590805 0.08565826714038849
v -0.17507903277873993 -0.11178039014339447 0.09095467627048492
v -0.17334547638893127 -0.12135177850723267 0.0862327516078949
v -0.1751299798488617 -0.1623172163963318 0.061012059450149536
v -0.1781458854675293 -0.1561407446861267 0.06538596749305725
v -0.17462189495563507 -0.1366332322359085 0.06908458471298218
v -0.17544355988502502 -0.11129261553287506 0.04583770036697388
v -0.18552586436271667 -0.10671234875917435 0.03645707666873932
v -0.18816587328910828 -0.10718522220849991 0.05398544669151306
v -0.1753753423690796 -0.11490432173013687 0.05896128714084625
v -0.1856135129928589 -0.11290794610977173 0.06619486212730408
v -0.17517614364624023 -0.12836092710494995 0.07248330116271973
v -0.1855258345603943 -0.12786142528057098 0.0790630578994751
v -0.18306013941764832 -0.1470431387424469 0.0824163556098938
v -0.17545060813426971 -0.1582837849855423 0.07350717484951019
v -0.18440036475658417 -0.17044399678707123 0.0721760243177414
v -0.1761852651834488 -0.1775144338607788 0.04720991849899292
v -0.18757957220077515 -0.18174520134925842 0.05225422978401184
v -0.17414188385009766 -0.16713209450244904 0.06065818667411804
v -0.19272640347480774 -0.12549704313278198 0.07517203688621521
v -0.19682171940803528 -0.1192641630768776 0.06523773074150085
v -0.19801995158195496 -0.14433540403842926 0.07390862703323364
v -0.1943047195672989 -0.16875126957893372 0.06960409879684448
v -0.1983751654624939 -0.16544845700263977 0.06281480193138123
v -0.19646216928958893 -0.17680658400058746 0.04398465156555176
v -0.19659589231014252 -0.11148577928543091 0.04437236487865448
v -0.19109849631786346 -0.14714717864990234 0.08145546913146973
v -0.22530320286750793 -0.1121458113193512 0.04439607262611389
v -0.2107919156551361 -0.10642439126968384 0.05051057040691376
v -0.2178184539079666 -0.10888844728469849 0.030785053968429565
v -0.2247152477502823 -0.12667113542556763 0.016534924507141113
v -0.2127969115972519 -0.12299192696809769 0.012196928262710571
v -0.21262386441230774 -0.1417989879846573 0.0063908398151397705
v -0.21939638257026672 -0.15204553306102753 0.008302003145217896
v -0.22501380741596222 -0.16712252795696259 0.0223238468170166
v -0.21818451583385468 -0.16358213126659393 0.012804746627807617
v -0.21253982186317444 -0.17707408964633942 0.02499428391456604
v -0.22496488690376282 -0.17509561777114868 0.036094069480895996
v -0.2147526890039444 -0.18190905451774597 0.04406563937664032
v -0.2247355431318283 -0.17552131414413452 0.05388396978378296
v -0.2258276641368866 -0.14442460238933563 0.015380322933197021
v -0.20773544907569885 -0.11109660565853119 0.029107660055160522
v -0.202644944190979 -0.11623044312000275 0.031138747930526733
v -0.20355020463466644 -0.13319021463394165 0.0138322114944458
v -0.20206700265407562 -0.15438558161258698 0.018084824085235596
v -0.20963795483112335 -0.1605229377746582 0.011400461196899414
v -0.20273637771606445 -0.17166973650455475 0.030629903078079224
v -0.2069641500711441 -0.17976170778274536 0.04921835660934448
v -0.21230527758598328 -0.12740081548690796 0.1067911833524704
v -0.17472688853740692 -0.16862332820892334 0.11200001835823059
v -0.17432881891727448 -0.1641053706407547 0.1080000102519989
v -0.16804972290992737 -0.16242289543151855 0.11200001835823059
v -0.16535209119319916 -0.16829584538936615 0.1102222353219986
v -0.2341219186782837 -0.07771141082048416 0.11200001835823059
v -0.23474383354187012 -0.08067139238119125 0.1080000102519989
v -0.22649770975112915 -0.07765378057956696 0.10928001999855042
v -0.16932475566864014 -0.07625775784254074 0.11200001835823059
v -0.17464357614517212 -0.08052539825439453 0.10909092426300049
v -0.16729359328746796 -0.07685943692922592 0.1080000102519989
v -0.16842588782310486 -0.08581484854221344 0.11200001835823059
v -0.23315146565437317 -0.16304942965507507 0.11024001240730286
v -0.22607865929603577 -0.16500680148601532 0.1080000102519989
v -0.22544598579406738 -0.16786350309848785 0.11200001835823059
v -0.23333868384361267 -0.11613714694976807 0.10773935914039612
v -0.233273446559906 -0.132476806640625 0.09449970722198486
v -0.23234820365905762 -0.13460275530815125 0.10770082473754883
v -0.22369234263896942 -0.1483669877052307 0.09437277913093567
v -0.22067758440971375 -0.15150021016597748 0.10770650207996368
v -0.2076488882303238 -0.15722444653511047 0.0943918228149414
v -0.20065653324127197 -0.15787652134895325 0.1078430712223053
v -0.1820487678050995 -0.15357773005962372 0.09441262483596802
v -0.18224231898784637 -0.15287742018699646 0.10768161714076996
v -0.1703300178050995 -0.13991613686084747 0.10769182443618774
v -0.16697223484516144 -0.13184964656829834 0.09458932280540466
v -0.16599629819393158 -0.11939522624015808 0.10778224468231201
v -0.19108273088932037 -0.13306184113025665 0.10668744146823883
v -0.18688400089740753 -0.13543514907360077 0.11174631118774414
v -0.2044336348772049 -0.1356019377708435 0.10678988695144653
v -0.19933868944644928 -0.14140871167182922 0.11167146265506744
v -0.17375119030475616 -0.12588094174861908 0.11093458533287048
v -0.17321020364761353 -0.12197455018758774 0.11051689088344574
v -0.16975893080234528 -0.12432632595300674 0.11077800393104553
v -0.1992240995168686 -0.09819362312555313 0.11043709516525269
v -0.19764970242977142 -0.09735603630542755 0.11184662580490112
v -0.19989101588726044 -0.09361902624368668 0.11093021929264069
v -0.16628961265087128 -0.14203719794750214 0.09149104356765747
v -0.16203393042087555 -0.12492462992668152 0.07936336100101471
v -0.16266901791095734 -0.11712748557329178 0.09185326099395752
v -0.16766539216041565 -0.1437409371137619 0.07786831259727478
v -0.23008455336093903 -0.10032255947589874 0.09155638515949249
v -0.2367941290140152 -0.11310501396656036 0.06341759860515594
v -0.2386064976453781 -0.12367407977581024 0.09140415489673615
v -0.23804187774658203 -0.1220654770731926 0.07641974091529846
v -0.22407595813274384 -0.0934130847454071 0.07899555563926697
v -0.21414902806282043 -0.08876527845859528 0.09154656529426575
v -0.20246551930904388 -0.08721353858709335 0.08220754563808441
v -0.1987846940755844 -0.08626765757799149 0.09171728789806366
v -0.1827721744775772 -0.08993489295244217 0.0912804901599884
v -0.18167158961296082 -0.09012409299612045 0.08042004704475403
v -0.17060117423534393 -0.10061033815145493 0.09155112504959106
v -0.1633334755897522 -0.11154303699731827 0.06574416160583496
v -0.16568171977996826 -0.11879873275756836 0.09073910117149353
v -0.17210327088832855 -0.10318851470947266 0.09070347249507904
v -0.16676929593086243 -0.11307789385318756 0.06349733471870422
v -0.17948827147483826 -0.09432297199964523 0.07954475283622742
v -0.18989427387714386 -0.09003770351409912 0.09064677357673645
v -0.2140810340642929 -0.09170283377170563 0.09057769179344177
v -0.22432339191436768 -0.0981750339269638 0.07706251740455627
v -0.22805500030517578 -0.10292284935712814 0.09084852039813995
v -0.2337435781955719 -0.11307905614376068 0.06380581855773926
v -0.23530033230781555 -0.12223505228757858 0.0787106454372406
v -0.1648453325033188 -0.12336334586143494 0.07985095679759979
v -0.2296716719865799 -0.14295712113380432 0.07774975895881653
v -0.1990634948015213 -0.1368265151977539 0.11049357056617737
v -0.2092161774635315 -0.1328624039888382 0.11069011688232422
v -0.22968822717666626 -0.1520715057849884 0.03737616539001465
v -0.22037263214588165 -0.14394976198673248 0.033798590302467346
v -0.2203473299741745 -0.15269038081169128 0.03877118229866028
v -0.22036297619342804 -0.15390832722187042 0.0485500693321228
v -0.22968822717666626 -0.14749275147914886 0.05468326807022095
v -0.22036297619342804 -0.1440499722957611 0.05520400404930115
v -0.1800038367509842 -0.1440502405166626 0.03379860520362854
v -0.17068824172019958 -0.13592851161956787 0.03737616539001465
v -0.17068824172019958 -0.15065127611160278 0.037121281027793884
v -0.17998185753822327 -0.154837504029274 0.04225848615169525
v -0.17068824172019958 -0.15289749205112457 0.04971688985824585
v -0.18000376224517822 -0.14666905999183655 0.05538591742515564
v -0.17068824172019958 -0.13878312706947327 0.05339747667312622
v -0.2247651070356369 -0.1358245611190796 0.08720824122428894
v -0.21985670924186707 -0.14404070377349854 0.09088355302810669
v -0.2017129808664322 -0.15231448411941528 0.09095555543899536
v -0.19494585692882538 -0.15109571814537048 0.08595964312553406
v -0.1790497899055481 -0.14243577420711517 0.0908789336681366
v -0.2187644988298416 -0.1339019238948822 0.08902189135551453
v -0.2179374098777771 -0.11498347669839859 0.08500000834465027
v -0.21739821135997772 -0.1129818931221962 0.08904653787612915
v -0.20571553707122803 -0.10466234385967255 0.08904767036437988
v -0.1963876336812973 -0.10390665382146835 0.08500000834465027
v -0.18898934125900269 -0.10634627193212509 0.08907292783260345
v -0.18019667267799377 -0.12022515386343002 0.08773736655712128
v -0.17748761177062988 -0.1487257331609726 0.028708428144454956
v -0.1786063313484192 -0.13091622292995453 0.03649848699569702
v -0.18033823370933533 -0.14981046319007874 0.02920311689376831
v -0.22295978665351868 -0.1468384563922882 0.02873864769935608
v -0.220402792096138 -0.1463199108839035 0.028733491897583008
v -0.22125917673110962 -0.13177135586738586 0.035615354776382446
v -0.22299672663211823 -0.1312047243118286 0.05347058176994324
v -0.22069239616394043 -0.12987077236175537 0.051691293716430664
v -0.22132499516010284 -0.14503911137580872 0.059718310832977295
v -0.177967369556427 -0.14590749144554138 0.020194679498672485
v -0.1749255359172821 -0.14384639263153076 0.02004009485244751
v -0.17821432650089264 -0.13320128619670868 0.023502767086029053
v -0.17502553761005402 -0.13082775473594666 0.024031788110733032
v -0.1779283732175827 -0.12180836498737335 0.033642932772636414
v -0.1749541014432907 -0.12023700773715973 0.03744974732398987
v -0.1781395971775055 -0.1208171397447586 0.05049407482147217
v -0.17446112632751465 -0.11805517971515656 0.04580944776535034
v -0.17790760099887848 -0.12797439098358154 0.0625254213809967
v -0.17500163614749908 -0.12913775444030762 0.06399393081665039
v -0.1779756098985672 -0.14107054471969604 0.06863510608673096
v -0.20664718747138977 -0.1349608600139618 0.08877299726009369
v -0.21328392624855042 -0.12160459905862808 0.08887696266174316
v -0.2124764323234558 -0.12594445049762726 0.08467376232147217
v -0.20156677067279816 -0.13595663011074066 0.0848676860332489
v -0.19337297976016998 -0.1350458860397339 0.08872896432876587
v -0.18782751262187958 -0.12259705364704132 0.08468940854072571
v -0.18782445788383484 -0.12579065561294556 0.08879196643829346
v -0.22224366664886475 -0.13899151980876923 0.06785181164741516
v -0.2253759503364563 -0.1395990401506424 0.0684550553560257
v -0.22233866155147552 -0.12873856723308563 0.06319373846054077
v -0.22539062798023224 -0.12403303384780884 0.05946817994117737
v -0.22240494191646576 -0.12012618035078049 0.04933643341064453
v -0.22525636851787567 -0.12020739912986755 0.037309885025024414
v -0.22236232459545135 -0.12149368226528168 0.035895153880119324
v -0.2221876084804535 -0.12996575236320496 0.025389879941940308
v -0.22537073493003845 -0.1349177062511444 0.021326959133148193
v -0.22224128246307373 -0.1437593251466751 0.020016402006149292
v -0.19754807651042938 -0.14429177343845367 0.019493669271469116
v -0.19424621760845184 -0.1402585804462433 0.02105504274368286
v -0.1942913830280304 -0.12714266777038574 0.026852726936340332
v -0.1974436491727829 -0.12637978792190552 0.02710101008415222
v -0.19793500006198883 -0.11862185597419739 0.04436516761779785
v -0.19438211619853973 -0.12002317607402802 0.042252317070961
v -0.19750967621803284 -0.12197127193212509 0.055131494998931885
v -0.19413447380065918 -0.12202766537666321 0.0533171147108078
v -0.19426760077476501 -0.13188879191875458 0.06562858819961548
v -0.19751571118831635 -0.13263925909996033 0.06646054983139038
v -0.1974165439605713 -0.15380412340164185 0.06751658022403717
v -0.1943330317735672 -0.15348400175571442 0.06716711819171906
v -0.2061302661895752 -0.14774145185947418 0.02105504274368286
v -0.20288331806659698 -0.13441963493824005 0.021418839693069458
v -0.2061363309621811 -0.1318138688802719 0.0234316885471344
v -0.2028668075799942 -0.1219712570309639 0.03386855125427246
v -0.20624199509620667 -0.12202765047550201 0.03568294644355774
v -0.2059943526983261 -0.12002317607402802 0.04674774408340454
v -0.20286640524864197 -0.11965693533420563 0.04691021144390106
v -0.20619463920593262 -0.12708644568920135 0.0618940144777298
v -0.20293283462524414 -0.12637975811958313 0.06189897656440735
v -0.20282840728759766 -0.14429177343845367 0.06950634717941284
v -0.20610402524471283 -0.14516445994377136 0.06882746517658234
v -0.190538227558136 -0.14981047809123993 0.05979689955711365
v -0.19501003623008728 -0.13892073929309845 0.05928540229797363
v -0.190538227558136 -0.13021709024906158 0.05234239995479584
v -0.1948888748884201 -0.12752099335193634 0.04411458969116211
v -0.190538227558136 -0.13113979995250702 0.035932645201683044
v -0.19490164518356323 -0.14438481628894806 0.02801397442817688
v -0.190538227558136 -0.14337210357189178 0.02906009554862976
v -0.20983824133872986 -0.14719940721988678 0.028968244791030884
v -0.20536646246910095 -0.148581400513649 0.029552847146987915
v -0.2054166942834854 -0.13243936002254486 0.033417195081710815
v -0.20983824133872986 -0.13187795877456665 0.03491666913032532
v -0.20983824133872986 -0.12955398857593536 0.051040977239608765
v -0.20548760890960693 -0.1308947652578354 0.05449795722961426
v -0.20983824133872986 -0.1482905149459839 0.06029076874256134
v -0.20536646246910095 -0.14907924830913544 0.05928540229797363
v -0.209509938955307 -0.14937950670719147 0.03556258976459503
v -0.19087263941764832 -0.14394976198673248 0.033798590302467346
v -0.19084732234477997 -0.15269039571285248 0.03877118229866028
v -0.20952515304088593 -0.1547240912914276 0.04450291395187378
v -0.1908629685640335 -0.15390832722187042 0.0485500693321228
v -0.20954985916614532 -0.1501631885766983 0.053007543087005615
v -0.1908629685640335 -0.1440499722957611 0.05520400404930115
v -0.20951873064041138 -0.14042901992797852 0.05467291176319122
v -0.19084696471691132 -0.1340334713459015 0.04860427975654602
v -0.2095223218202591 -0.1338733285665512 0.04701545834541321
v -0.1908484250307083 -0.13483989238739014 0.039398595690727234
v -0.2094818502664566 -0.1377817839384079 0.035345256328582764
v -0.20983824133872986 -0.1597602516412735 0.042743220925331116
v -0.20548760890960693 -0.16047900915145874 0.04411458969116211
v -0.190538227558136 -0.1592968851327896 0.03868955373764038
v -0.20597821474075317 -0.15800121426582336 0.06409198045730591
v -0.20622201263904572 -0.16597849130630493 0.053295791149139404
v -0.20608510076999664 -0.16085733473300934 0.026852726936340332
v -0.19495978951454163 -0.1598670780658722 0.04232901334762573
v -0.19499672949314117 -0.1529705673456192 0.0572953075170517
v -0.2059943526983261 -0.16797681152820587 0.042252302169799805
v -0.19425538182258606 -0.15627609193325043 0.023445606231689453
v -0.19417589902877808 -0.16616885364055634 0.036119818687438965
v -0.19422022998332977 -0.16366852819919586 0.05754919350147247
v -0.20286919176578522 -0.1621977537870407 0.061223775148391724
v -0.20244480669498444 -0.1696741133928299 0.043424516916275024
v -0.20286643505096436 -0.16696520149707794 0.03566610813140869
v -0.20292381942272186 -0.1556607037782669 0.022665828466415405
v -0.19438211619853973 -0.16797682642936707 0.046747758984565735
v -0.2027033269405365 -0.1213819831609726 0.028887957334518433
v -0.2027033269405365 -0.13742290437221527 0.01781567931175232
v -0.2027033269405365 -0.1666180044412613 0.028887927532196045
v -0.2022305130958557 -0.1684264987707138 0.058054327964782715
v -0.20217964053153992 -0.15582124888896942 0.07034255564212799
v -0.2027033269405365 -0.12138199061155319 0.06011208891868591
v -0.2024461328983307 -0.11649440973997116 0.05545149743556976
v -0.2022235095500946 -0.12814144790172577 0.06812047958374023
v -0.19751004874706268 -0.16696520149707794 0.05333392322063446
v -0.1979316771030426 -0.1696741133928299 0.0455755889415741
v -0.19750727713108063 -0.16219770908355713 0.02777618169784546
v -0.19767317175865173 -0.13742290437221527 0.07118433713912964
v -0.19825449585914612 -0.16684868931770325 0.028171628713607788
v -0.19767317175865173 -0.1505771279335022 0.017815709114074707
v -0.19767317175865173 -0.12138199061155319 0.060112059116363525
v -0.1981678158044815 -0.1338072270154953 0.018911749124526978
v -0.19830772280693054 -0.11939027160406113 0.03060746192932129
v -0.20371709764003754 -0.14591042697429657 0.07706061005592346
v -0.20788291096687317 -0.16991855204105377 0.06938382983207703
v -0.21272072196006775 -0.16100937128067017 0.0784531682729721
v -0.21251451969146729 -0.13171271979808807 0.08068761229515076
v -0.2114892154932022 -0.11810388416051865 0.07235653698444366
v -0.21485641598701477 -0.17794130742549896 0.06137162446975708
v -0.2147526890039444 -0.14726606011390686 0.08227060735225677
v -0.21833842992782593 -0.11083417385816574 0.0620756596326828
v -0.2191694974899292 -0.16925235092639923 0.07149934768676758
v -0.2247619777917862 -0.15414361655712128 0.07540325820446014
v -0.2225031703710556 -0.12919969856739044 0.07637444138526917
v -0.22594676911830902 -0.13092191517353058 0.07081648707389832
v -0.19690896570682526 -0.15563710033893585 0.014267176389694214
v -0.22565464675426483 -0.11753615736961365 0.03446367383003235
v -0.22567987442016602 -0.12209261953830719 0.06191223859786987
v -0.22567971050739288 -0.16804930567741394 0.03019079566001892
v -0.22566573321819305 -0.17073196172714233 0.04960881173610687
v -0.22565780580043793 -0.137507364153862 0.017531394958496094
v -0.2256796956062317 -0.16110382974147797 0.06664913892745972
v -0.1926058530807495 -0.14305777847766876 0.00845557451248169
v -0.1942259818315506 -0.12456284463405609 0.015255451202392578
v -0.18817567825317383 -0.18056941032409668 0.03384596109390259
v -0.1907447725534439 -0.17118091881275177 0.01974421739578247
v -0.1882295161485672 -0.11248055845499039 0.02237570285797119
v -0.18572677671909332 -0.15301929414272308 0.007101833820343018
v -0.18561352789402008 -0.12976773083209991 0.009359925985336304
v -0.18255804479122162 -0.17350907623767853 0.021045029163360596
v -0.17621393501758575 -0.14927051961421967 0.011279970407485962
v -0.17532490193843842 -0.12782111763954163 0.016808360815048218
v -0.1786040961742401 -0.11375566571950912 0.026902973651885986
v -0.1744544357061386 -0.16483569145202637 0.02308887243270874
v -0.17470332980155945 -0.12138199061155319 0.028887957334518433
v -0.17470332980155945 -0.1505771279335022 0.07118433713912964
v -0.17470332980155945 -0.1213819831609726 0.06011207401752472
v -0.17467086017131805 -0.1706281304359436 0.0344012975692749
v -0.17470332980155945 -0.13742290437221527 0.01781567931175232
v -0.2254106104373932 -0.16797654330730438 0.05076389014720917
v -0.2253721058368683 -0.16500848531723022 0.03166496753692627
v -0.2252732515335083 -0.1559460312128067 0.06610439717769623
v -0.1996258944272995 -0.11311420053243637 0.08424234390258789
v -0.2251635044813156 -0.15288549661636353 0.02187126874923706
v -0.20628230273723602 -0.11255696415901184 0.08855462074279785
v -0.1920810341835022 -0.1135457381606102 0.08862251043319702
v -0.222169429063797 -0.15681159496307373 0.0652700662612915
v -0.2221422642469406 -0.1668226718902588 0.05144214630126953
v -0.22242753207683563 -0.1672447770833969 0.037877947092056274
v -0.22231359779834747 -0.1603492796421051 0.02697467803955078
v -0.17507898807525635 -0.16885864734649658 0.0422767698764801
v -0.1750180870294571 -0.1587507426738739 0.02490738034248352
v -0.17816799879074097 -0.1594519317150116 0.02629333734512329
v -0.17796598374843597 -0.16703255474567413 0.0374232679605484
v -0.17821261286735535 -0.16728609800338745 0.0493171364068985
v -0.22301003336906433 -0.15894715487957 0.03991858661174774
v -0.22120371460914612 -0.1552978903055191 0.05428774654865265
v -0.18223704397678375 -0.13417689502239227 0.08900463581085205
v -0.1988316774368286 -0.14501291513442993 0.0890296995639801
v -0.22039467096328735 -0.15971392393112183 0.041834086179733276
v -0.1581510603427887 -0.14905965328216553 0.04777953028678894
v -0.15815187990665436 -0.14900171756744385 0.04176732897758484
v -0.1783585399389267 -0.15940257906913757 0.04626357555389404
v -0.1783958226442337 -0.13014420866966248 0.05097098648548126
v -0.1785265952348709 -0.1391475647687912 0.05866424739360809
v -0.17844925820827484 -0.15048053860664368 0.05833122134208679
v -0.1856982558965683 -0.13765181601047516 0.08500000834465027
v -0.2161378264427185 -0.14334844052791595 0.08490973711013794
v -0.21576321125030518 -0.13639965653419495 0.08500000834465027
v -0.18002913892269135 -0.135309636592865 0.038771167397499084
v -0.1800134927034378 -0.13409167528152466 0.0485500693321228
v -0.22034841775894165 -0.13483987748622894 0.03939861059188843
v -0.22034697234630585 -0.1340334713459015 0.04860427975654602
v -0.17861053347587585 -0.13867342472076416 0.08554917573928833
v -0.17293326556682587 -0.12971195578575134 0.09082797169685364
v -0.15994322299957275 -0.15241391956806183 0.04372312128543854
v -0.16069857776165009 -0.14830026030540466 0.05216386914253235
v -0.23921334743499756 -0.14491607248783112 0.05414268374443054
v -0.239121675491333 -0.1395319253206253 0.036108627915382385
v -0.23918947577476501 -0.14933182299137115 0.03666597604751587
v -0.23895522952079773 -0.1536288857460022 0.044830501079559326
v -0.23916469514369965 -0.1343528926372528 0.044663891196250916
v -0.23302197456359863 -0.15238313376903534 0.04095527529716492
v -0.23300744593143463 -0.13975611329078674 0.03708381950855255
v -0.2328544557094574 -0.14832071959972382 0.05212658643722534
v -0.23300115764141083 -0.13928809762001038 0.05164934694766998
v -0.23298823833465576 -0.1341850459575653 0.04450002312660217
v -0.22968822717666626 -0.1331479251384735 0.04160583019256592
v -0.16702567040920258 -0.13505350053310394 0.09081783890724182
v -0.2048497498035431 -0.15805861353874207 0.09088191390037537
v -0.1767359972000122 -0.15049119293689728 0.09047535061836243
v -0.16731290519237518 -0.13937842845916748 0.036094874143600464
v -0.16741466522216797 -0.14925096929073334 0.0365748405456543
v -0.1672135293483734 -0.15363052487373352 0.04476483166217804
v -0.16743916273117065 -0.14862734079360962 0.05281367897987366
v -0.16671501100063324 -0.13912613689899445 0.053018718957901
v -0.16751646995544434 -0.13438767194747925 0.04490244388580322
v -0.18951280415058136 -0.15744812786579132 0.09040525555610657
v -0.16923192143440247 -0.11669942736625671 0.05864238739013672
v -0.1690007448196411 -0.15957088768482208 0.033675745129585266
v -0.16912823915481567 -0.13444435596466064 0.03255128860473633
v -0.17209643125534058 -0.1544211357831955 0.08233550190925598
v -0.17046880722045898 -0.1275586485862732 0.07464464008808136
v -0.170668363571167 -0.14313364028930664 0.0778455138206482
v -0.23219510912895203 -0.1275886744260788 0.06983166933059692
v -0.23259544372558594 -0.12987789511680603 0.0670972466468811
v -0.2325534224510193 -0.13263928890228271 0.068756103515625
v -0.23279666900634766 -0.13652391731739044 0.04450002312660217
v -0.22968822717666626 -0.1587817519903183 0.03297026455402374
v -0.2308470606803894 -0.1550145000219345 0.07759645581245422
v -0.23202237486839294 -0.1349678933620453 0.032184869050979614
v -0.23225905001163483 -0.1171213835477829 0.05800822377204895
v -0.22990843653678894 -0.12753741443157196 0.07462765276432037
v -0.1678343117237091 -0.15511953830718994 0.07674185931682587
v -0.18144850432872772 -0.15641342103481293 0.08442032337188721
v -0.18145859241485596 -0.15642188489437103 0.08442072570323944
v -0.17728373408317566 -0.15333911776542664 0.08382260799407959
v -0.1813713014125824 -0.15635022521018982 0.08441680669784546
v -0.1814713031053543 -0.1564323753118515 0.08442126214504242
v -0.18146057426929474 -0.15642346441745758 0.0844208151102066
v -0.23278455436229706 -0.1299647092819214 0.07416357100009918
v -0.23281513154506683 -0.14365379512310028 0.07780557870864868
v -0.23268389701843262 -0.16066640615463257 0.03286018967628479
v -0.23268823325634003 -0.13228891789913177 0.03459352254867554
v -0.2225348800420761 -0.15363337099552155 0.08399738371372223
v -0.23049534857273102 -0.1239689439535141 0.11096403002738953
v -0.22728231549263 -0.12630794942378998 0.11082038283348083
v -0.22733300924301147 -0.12154570966959 0.11109596490859985
v -0.20251719653606415 -0.1529816836118698 0.11103351414203644
v -0.19833479821681976 -0.15378719568252563 0.11108946800231934
v -0.19950376451015472 -0.14960187673568726 0.11105628311634064
v -0.2025909423828125 -0.09669189155101776 0.11112050712108612
v -0.1676240861415863 -0.1277177631855011 0.0734274685382843
v -0.1882379800081253 -0.1605321317911148 0.08471228182315826
v -0.2129189521074295 -0.16186897456645966 0.0854949802160263
v -0.17629799246788025 -0.15581299364566803 0.08476059138774872
v -0.23637855052947998 -0.13600581884384155 0.08124293386936188
v -0.23260891437530518 -0.14329981803894043 0.06677490472793579
v -0.23261114954948425 -0.14392630755901337 0.06641733646392822
v -0.23257768154144287 -0.1375846266746521 0.06707534193992615
v -0.23260773718357086 -0.13723313808441162 0.06833675503730774
v -0.2326284795999527 -0.13712213933467865 0.06488671898841858
v -0.2326134741306305 -0.1326693594455719 0.06451350450515747
v -0.23258136212825775 -0.1316440999507904 0.06209874153137207
v -0.23261716961860657 -0.12917441129684448 0.06073227524757385
v -0.23262690007686615 -0.14558552205562592 0.06578528881072998
v -0.2325707972049713 -0.14535117149353027 0.06758527457714081
v -0.23258717358112335 -0.15088136494159698 0.06585252285003662
v -0.23257261514663696 -0.15045517683029175 0.06323933601379395
v -0.23262019455432892 -0.14402735233306885 0.062362268567085266
v -0.23260556161403656 -0.14703786373138428 0.06183737516403198
v -0.23262612521648407 -0.14158467948436737 0.060723692178726196
v -0.23258478939533234 -0.1350424587726593 0.06282788515090942
v -0.23260793089866638 -0.13805405795574188 0.061221346259117126
v -0.2326015681028366 -0.13508258759975433 0.06033778190612793
v -0.2325928956270218 -0.13974986970424652 0.06236031651496887
v -0.2251414954662323 -0.15499816834926605 0.08450484275817871
v -0.18538939952850342 -0.1625930368900299 0.08639660477638245
v -0.23237231373786926 -0.1435423642396927 0.09213593602180481
v -0.20848248898983002 -0.16026253998279572 0.09297493100166321
v -0.22372601926326752 -0.15400099754333496 0.0915796309709549
v -0.16667522490024567 -0.11771746724843979 0.09434974193572998
v -0.17469251155853271 -0.10155022889375687 0.09440077841281891
v -0.19290272891521454 -0.09022527933120728 0.09442707896232605
v -0.21994949877262115 -0.09559430181980133 0.09446044266223907
v -0.23317821323871613 -0.1157873123884201 0.09437507390975952
v -0.15890692174434662 -0.12399999797344208 0.11152592301368713
v -0.24118325114250183 -0.12433799356222153 0.11154292523860931
v -0.20024575293064117 -0.08593126386404037 0.11151781678199768
v -0.20018823444843292 -0.1621837615966797 0.11156801879405975
v -0.22427015006542206 -0.10030000656843185 0.10780446231365204
v -0.160261869430542 -0.1757204830646515 0.11200001835823059
v -0.20018823444843292 -0.17900000512599945 0.11154843866825104
v -0.24022656679153442 -0.17600847780704498 0.11200001835823059
v -0.23218144476413727 -0.17110957205295563 0.11200001835823059
v -0.24062268435955048 -0.07270408421754837 0.11100000143051147
v -0.20018823444843292 -0.0689999982714653 0.11154843866825104
v -0.2294987142086029 -0.08565216511487961 0.1090666800737381
v -0.1685895174741745 -0.06924642622470856 0.11015385389328003
v -0.15881724655628204 -0.07577639818191528 0.10991305112838745
v -0.23062478005886078 -0.1720331758260727 0.1080000102519989
v -0.16932475566864014 -0.08574225008487701 0.1080000102519989
v -0.16932475566864014 -0.171742245554924 0.1080000102519989
v -0.1576882302761078 -0.15949060022830963 0.1080000102519989
v -0.15851332247257233 -0.17067909240722656 0.1080000102519989
v -0.16733330488204956 -0.17873872816562653 0.1080000102519989
v -0.2394087165594101 -0.17642638087272644 0.1080000102519989
v -0.24268823862075806 -0.15949060022830963 0.1080000102519989
v -0.23499396443367004 -0.06955640763044357 0.1080000102519989
v -0.16768823564052582 -0.14399999380111694 0.04950001835823059
v -0.1674020141363144 -0.14292529225349426 0.04950833320617676
v -0.16768823564052582 -0.14149999618530273 0.04883015155792236
v -0.1674020141363144 -0.13912531733512878 0.046073466539382935
v -0.16768823564052582 -0.13966988027095795 0.04700002074241638
v -0.16768823564052582 -0.13899999856948853 0.04450002312660217
v -0.1673063337802887 -0.14101259410381317 0.040091827511787415
v -0.16768823564052582 -0.13966988027095795 0.042000025510787964
v -0.16768823564052582 -0.14149999618530273 0.04016989469528198
v -0.16768823564052582 -0.14399999380111694 0.03949999809265137
v -0.16768823564052582 -0.13945336639881134 0.047125011682510376
v -0.16768823564052582 -0.14137500524520874 0.04904663562774658
v -0.16768823564052582 -0.14399999380111694 0.04975000023841858
v -0.16768823564052582 -0.14650000631809235 0.04883015155792236
v -0.16768823564052582 -0.14662499725818634 0.04904663562774658
v -0.16768823564052582 -0.14833012223243713 0.04700002074241638
v -0.16768823564052582 -0.14854663610458374 0.047125011682510376
v -0.16768823564052582 -0.14900000393390656 0.04450002312660217
v -0.16768823564052582 -0.14925000071525574 0.04450002312660217
v -0.16768823564052582 -0.14833012223243713 0.042000025510787964
v -0.16768823564052582 -0.14854663610458374 0.04187500476837158
v -0.16768823564052582 -0.14650000631809235 0.04016989469528198
v -0.16768823564052582 -0.14662499725818634 0.039953380823135376
v -0.16768823564052582 -0.14399999380111694 0.03925001621246338
v -0.16768823564052582 -0.14137500524520874 0.039953380823135376
v -0.16768823564052582 -0.13945336639881134 0.04187500476837158
v -0.16768823564052582 -0.13875000178813934 0.04450002312660217
v -0.1674020141363144 -0.14743486046791077 0.04070001840591431
v -0.1673063188791275 -0.14879128336906433 0.0468238890171051
v -0.1995151937007904 -0.10094898194074631 0.0888594388961792
v -0.1921866536140442 -0.1025274395942688 0.08883094787597656
v -0.1919885128736496 -0.10214823484420776 0.08898420631885529
v -0.20043602585792542 -0.1006617546081543 0.08898420631885529
v -0.2087409496307373 -0.10274095088243484 0.08883094787597656
v -0.20885007083415985 -0.10232725739479065 0.08898420631885529
v -0.22256985306739807 -0.1158447191119194 0.08871765434741974
v -0.1854395568370819 -0.10461072623729706 0.08957868814468384
v -0.178371399641037 -0.11311311274766922 0.08892318606376648
v -0.1768180876970291 -0.1198887974023819 0.08955185115337372
v -0.2024729698896408 -0.10031887143850327 0.08969973027706146
v -0.1792968064546585 -0.11298943310976028 0.08876198530197144
v -0.21641477942466736 -0.1062789335846901 0.0895826667547226
v -0.21930786967277527 -0.10998392850160599 0.08895793557167053
v -0.22440333664417267 -0.12386412918567657 0.08946588635444641
v -0.22368007898330688 -0.12875334918498993 0.08892437815666199
v -0.178201362490654 -0.13095557689666748 0.0888594388961792
v -0.17743711173534393 -0.13032005727291107 0.08962282538414001
v -0.18396171927452087 -0.14172109961509705 0.08958268165588379
v -0.21732623875141144 -0.14124615490436554 0.08887022733688354
v -0.21802572906017303 -0.1396247148513794 0.08938466012477875
v -0.18565426766872406 -0.14254015684127808 0.08881810307502747
v -0.20260632038116455 -0.14823423326015472 0.0894952118396759
v -0.20086127519607544 -0.14705102145671844 0.0888594388961792
v -0.21238036453723907 -0.14433133602142334 0.08895793557167053
v -0.19994044303894043 -0.14733824133872986 0.08898420631885529
v -0.18546202778816223 -0.14291028678417206 0.0889243483543396
v -0.17777033150196075 -0.13035348057746887 0.08896270394325256
v -0.17261461913585663 0.11908505856990814 0.09399957954883575
v -0.1734815537929535 0.13817334175109863 0.09409451484680176
v -0.1709914654493332 0.11482410877943039 0.09407348930835724
v -0.18058417737483978 0.14250102639198303 0.0939999669790268
v -0.18977375328540802 0.15232934057712555 0.09433215856552124
v -0.21852247416973114 0.10392281413078308 0.09399913251399994
v -0.21915286779403687 0.1005219891667366 0.09403347969055176
v -0.22975124418735504 0.11816652119159698 0.09440913796424866
v -0.2277618646621704 0.1289149522781372 0.09399957954883575
v -0.20353730022907257 0.15320345759391785 0.09420989453792572
v -0.19351498782634735 0.09692711383104324 0.09399837255477905
v -0.19392678141593933 0.09358516335487366 0.09411406517028809
v -0.21099001169204712 0.14894551038742065 0.09399935603141785
v -0.2187257707118988 0.14778846502304077 0.09424164891242981
v -0.22877614200115204 0.1334548145532608 0.09428635239601135
v -0.2242746204137802 0.13774313032627106 0.09753647446632385
v -0.20462310314178467 0.15105658769607544 0.09734295308589935
v -0.19348275661468506 0.14999857544898987 0.09740716218948364
v -0.17869029939174652 0.14107036590576172 0.09737828373908997
v -0.17319905757904053 0.12723588943481445 0.09740841388702393
v -0.17804616689682007 0.10784465819597244 0.09740664064884186
v -0.18831370770931244 0.09972462058067322 0.0974617600440979
v -0.20593847334384918 0.09743423014879227 0.09745413064956665
v -0.22336623072624207 0.10881911963224411 0.09748250246047974
v -0.18699218332767487 0.09204090386629105 0.10783925652503967
v -0.22636596858501434 0.102187380194664 0.10795068740844727
v -0.21067264676094055 0.09152991324663162 0.10697977244853973
v -0.23040221631526947 0.1391243189573288 0.1078566312789917
v -0.23454266786575317 0.12176275998353958 0.10686752200126648
v -0.20063553750514984 0.10672581940889359 0.11162450909614563
v -0.20552533864974976 0.11285435408353806 0.10696135461330414
v -0.21739274263381958 0.12019675225019455 0.11156721413135529
v -0.18873098492622375 0.12947681546211243 0.1069287657737732
v -0.18834953010082245 0.12612521648406982 0.11143015325069427
v -0.19074197113513947 0.1152937039732933 0.11107057332992554
v -0.19591572880744934 0.11203433573246002 0.10687395930290222
v -0.205091193318367 0.11281531304121017 0.11134342849254608
v -0.21223235130310059 0.119760662317276 0.10685434937477112
v -0.2128286510705948 0.12749625742435455 0.1113649308681488
v -0.17993994057178497 0.15319496393203735 0.09059515595436096
v -0.16886024177074432 0.13998518884181976 0.08956083655357361
v -0.1650940477848053 0.12191031128168106 0.09083613753318787
v -0.24208654463291168 0.14193086326122284 0.05016697943210602
v -0.24043123424053192 0.13558408617973328 0.04527696967124939
v -0.24051640927791595 0.14026190340518951 0.05228877067565918
v -0.2422080785036087 0.1379607617855072 0.04262566566467285
v -0.2396782785654068 0.13970670104026794 0.03683435916900635
v -0.24051393568515778 0.14773692190647125 0.0367102324962616
v -0.24235539138317108 0.14374372363090515 0.038305044174194336
v -0.17437335848808289 0.12778586149215698 0.08541780710220337
v -0.1726299375295639 0.11936374008655548 0.09072428941726685
v -0.18099215626716614 0.10569432377815247 0.08530256152153015
v -0.17904987931251526 0.105563685297966 0.09087422490119934
v -0.1903192102909088 0.09785793721675873 0.09084150195121765
v -0.20125296711921692 0.09700654447078705 0.08577606081962585
v -0.2221796065568924 0.11069659143686295 0.08522313833236694
v -0.21136707067489624 0.09782379865646362 0.0899847149848938
v -0.22485893964767456 0.11064058542251587 0.09086562693119049
v -0.22855205833911896 0.1254563182592392 0.08950576186180115
v -0.22530168294906616 0.16380970180034637 0.05969291925430298
v -0.22257407009601593 0.14437127113342285 0.06920447945594788
v -0.22575458884239197 0.1366332471370697 0.06908458471298218
v -0.17512217164039612 0.1636369526386261 0.030044883489608765
v -0.1779850274324417 0.16746194660663605 0.0393790602684021
v -0.17809602618217468 0.1585254967212677 0.025369495153427124
v -0.22499723732471466 0.11134640127420425 0.04588146507740021
v -0.21550524234771729 0.10609986633062363 0.04731786251068115
v -0.224952831864357 0.11484307050704956 0.05894280970096588
v -0.21476295590400696 0.11290794610977173 0.06619486212730408
v -0.225200355052948 0.12836094200611115 0.07248330116271973
v -0.21205522119998932 0.128897026181221 0.0798896849155426
v -0.21731632947921753 0.1470431387424469 0.0824163556098938
v -0.22492587566375732 0.1582837849855423 0.073507159948349
v -0.21597610414028168 0.17044399678707123 0.0721760243177414
v -0.22419123351573944 0.17751441895961761 0.047209933400154114
v -0.2127968966960907 0.18174520134925842 0.05225422978401184
v -0.22623459994792938 0.16713207960128784 0.06065817177295685
v -0.20773544907569885 0.11109661310911179 0.05989237129688263
v -0.20227935910224915 0.11639346182346344 0.05256384611129761
v -0.20311041176319122 0.12687811255455017 0.07032482326030731
v -0.20739535987377167 0.1575239598751068 0.07785370945930481
v -0.20235653221607208 0.14433538913726807 0.07390865683555603
v -0.20325778424739838 0.16925473511219025 0.06444695591926575
v -0.20817440748214722 0.10880707949399948 0.03466755151748657
v -0.20277661085128784 0.11440560221672058 0.03702123463153839
v -0.2039143145084381 0.17680659890174866 0.04398465156555176
v -0.17648769915103912 0.11203344911336899 0.05470174551010132
v -0.186086043715477 0.10712885111570358 0.055878281593322754
v -0.17549003660678864 0.11325686424970627 0.03390350937843323
v -0.18487122654914856 0.1086142286658287 0.030636101961135864
v -0.17566123604774475 0.12667113542556763 0.016534894704818726
v -0.18757955729961395 0.12299192696809769 0.012196928262710571
v -0.1877526044845581 0.1417989879846573 0.0063908398151397705
v -0.18098008632659912 0.15204553306102753 0.008302003145217896
v -0.175362691283226 0.16712252795696259 0.022323817014694214
v -0.18219195306301117 0.16358213126659393 0.012804746627807617
v -0.1878366470336914 0.17707408964633942 0.02499428391456604
v -0.17541161179542542 0.17509563267230988 0.036094069480895996
v -0.18562377989292145 0.18190905451774597 0.04406563937664032
v -0.17564095556735992 0.17552131414413452 0.05388398468494415
v -0.174505814909935 0.14544355869293213 0.01632159948348999
v -0.19264103472232819 0.11109660565853119 0.029107660055160522
v -0.19773155450820923 0.11623046547174454 0.031138747930526733
v -0.1968262791633606 0.13319021463394165 0.013832241296768188
v -0.19253289699554443 0.10887239873409271 0.052887290716171265
v -0.19830948114395142 0.15438556671142578 0.018084853887557983
v -0.1907385140657425 0.1605229377746582 0.011400461196899414
v -0.19764012098312378 0.17166972160339355 0.030629903078079224
v -0.19341233372688293 0.17976170778274536 0.04921835660934448
v -0.18902650475502014 0.11817187815904617 0.10671548545360565
v -0.22729358077049255 0.16285943984985352 0.11200001835823059
v -0.22604764997959137 0.1641053706407547 0.1080000102519989
v -0.23429781198501587 0.1650068312883377 0.1080000102519989
v -0.23493048548698425 0.16786348819732666 0.11200001835823059
v -0.16842588782310486 0.07618515938520432 0.11200001835823059
v -0.16842587292194366 0.08581484854221344 0.1080000102519989
v -0.16932475566864014 0.07625775784254074 0.1080000102519989
v -0.17458882927894592 0.08100000023841858 0.10953846573829651
v -0.2298596203327179 0.07644441723823547 0.11200001835823059
v -0.2255360633134842 0.08168952912092209 0.10918518900871277
v -0.23051686584949493 0.07644441723823547 0.1080000102519989
v -0.2341219186782837 0.0842885971069336 0.11200001835823059
v -0.23432882130146027 0.08389464020729065 0.1080000102519989
v -0.16610652208328247 0.12586495280265808 0.10789623856544495
v -0.16710302233695984 0.1324767917394638 0.09449970722198486
v -0.17724934220314026 0.15003623068332672 0.10761544108390808
v -0.17668414115905762 0.1483670026063919 0.09437277913093567
v -0.19272758066654205 0.15722444653511047 0.0943918228149414
v -0.19971995055675507 0.15787652134895325 0.1078430712223053
v -0.21832771599292755 0.15357773005962372 0.09441262483596802
v -0.21813414990901947 0.15287742018699646 0.10768161714076996
v -0.2334042489528656 0.13184964656829834 0.09458932280540466
v -0.21014533936977386 0.1318066120147705 0.10681146383285522
v -0.21314221620559692 0.13580478727817535 0.11166808009147644
v -0.19900844991207123 0.1367015391588211 0.10677701234817505
v -0.1994762122631073 0.14134840667247772 0.11165392398834229
v -0.22904598712921143 0.12630875408649445 0.11080348491668701
v -0.23109090328216553 0.12224707752466202 0.1120251715183258
v -0.2288496345281601 0.12180973589420319 0.11048004031181335
v -0.22571127116680145 0.12371651083230972 0.11115142703056335
v -0.20117098093032837 0.1541832983493805 0.11043792963027954
v -0.20292194187641144 0.15267162024974823 0.11189305782318115
v -0.20084962248802185 0.14980973303318024 0.11048004031181335
v -0.19866934418678284 0.14951346814632416 0.11185526847839355
v -0.19786734879016876 0.15290063619613647 0.1110122799873352
v -0.17212346196174622 0.12108820676803589 0.11183810234069824
v -0.17117507755756378 0.12621791660785675 0.11097836494445801
v -0.17120537161827087 0.12181632220745087 0.11043834686279297
v -0.17457176744937897 0.12430267781019211 0.11102962493896484
v -0.23408687114715576 0.14203719794750214 0.09149104356765747
v -0.2383425533771515 0.12492463737726212 0.0793633759021759
v -0.2377074658870697 0.11712749302387238 0.09185326099395752
v -0.2327110916376114 0.1437409222126007 0.07786831259727478
v -0.16779716312885284 0.10451174527406693 0.09147292375564575
v -0.16358235478401184 0.11310500651597977 0.06341761350631714
v -0.16176998615264893 0.12367408722639084 0.09140415489673615
v -0.1623345911502838 0.1220654845237732 0.07641974091529846
v -0.176300510764122 0.0934130847454071 0.07899555563926697
v -0.17871218919754028 0.09265000373125076 0.09170612692832947
v -0.20267905294895172 0.0855923518538475 0.09154881536960602
v -0.19791096448898315 0.08721353858709335 0.08220754563808441
v -0.21870489418506622 0.09012409299612045 0.08042004704475403
v -0.2262241244316101 0.09617766737937927 0.09159079194068909
v -0.23704300820827484 0.11154303699731827 0.06574416160583496
v -0.23469476401805878 0.11879873275756836 0.09073910117149353
v -0.2282732129096985 0.10318851470947266 0.09070347249507904
v -0.2336071878671646 0.11307789385318756 0.06349733471870422
v -0.22088821232318878 0.09432297199964523 0.07954475283622742
v -0.21335136890411377 0.09142947942018509 0.09074190258979797
v -0.18904860317707062 0.0903276577591896 0.09064087271690369
v -0.17605309188365936 0.0981750339269638 0.07706251740455627
v -0.1718452274799347 0.10357281565666199 0.09072881937026978
v -0.16663289070129395 0.11307905614376068 0.06380581855773926
v -0.1650761514902115 0.12223505973815918 0.0787106454372406
v -0.23553115129470825 0.12336335331201553 0.07985097169876099
v -0.17070481181144714 0.14295712113380432 0.07774975895881653
v -0.19681012630462646 0.136540025472641 0.11090707778930664
v -0.17068824172019958 0.1520715057849884 0.03737616539001465
v -0.1800038367509842 0.14394976198673248 0.03379860520362854
v -0.18002913892269135 0.15269038081169128 0.03877118229866028
v -0.1800134927034378 0.15390832722187042 0.0485500693321228
v -0.17068824172019958 0.14749275147914886 0.05468326807022095
v -0.1800134927034378 0.1440499722957611 0.055203989148139954
v -0.22037263214588165 0.1440502405166626 0.033798590302467346
v -0.22968822717666626 0.13592851161956787 0.03737616539001465
v -0.22968822717666626 0.15065127611160278 0.037121281027793884
v -0.22039461135864258 0.154837504029274 0.042258501052856445
v -0.22968822717666626 0.15289749205112457 0.04971688985824585
v -0.22037270665168762 0.14666905999183655 0.055385932326316833
v -0.22968822717666626 0.13878312706947327 0.05339747667312622
v -0.18112045526504517 0.11542744189500809 0.08907292783260345
v -0.18138904869556427 0.1315445899963379 0.08775264024734497
v -0.18749156594276428 0.10796935111284256 0.08500000834465027
v -0.19677403569221497 0.1036139652132988 0.08896979689598083
v -0.21424879133701324 0.10915115475654602 0.08500000834465027
v -0.21354606747627258 0.10849608480930328 0.08906161785125732
v -0.220872700214386 0.1268489807844162 0.08906182646751404
v -0.2168869525194168 0.13580425083637238 0.08500000834465027
v -0.22288887202739716 0.1487257331609726 0.028708428144454956
v -0.22177013754844666 0.13091622292995453 0.03649848699569702
v -0.22003823518753052 0.14981046319007874 0.02920311689376831
v -0.17741669714450836 0.1468384563922882 0.02873864769935608
v -0.17997367680072784 0.1463199108839035 0.028733491897583008
v -0.17911730706691742 0.13177135586738586 0.035615354776382446
v -0.17833460867404938 0.12961187958717346 0.05052828788757324
v -0.17999625205993652 0.13151556253433228 0.05374826490879059
v -0.1790514886379242 0.14503911137580872 0.059718310832977295
v -0.22537484765052795 0.12913775444030762 0.06399393081665039
v -0.22223493456840515 0.12818679213523865 0.062469482421875
v -0.2259153574705124 0.11805517971515656 0.045809462666511536
v -0.22219432890415192 0.12022188305854797 0.049065351486206055
v -0.22542238235473633 0.12023700773715973 0.03744974732398987
v -0.22224028408527374 0.12240933626890182 0.03416179120540619
v -0.22535094618797302 0.13082775473594666 0.024031788110733032
v -0.22217434644699097 0.13495397567749023 0.021803677082061768
v -0.22545094788074493 0.14384639263153076 0.02004009485244751
v -0.20473690330982208 0.13585372269153595 0.08864563703536987
v -0.1946333348751068 0.1353040188550949 0.08879892528057098
v -0.19820715487003326 0.1356099396944046 0.0847112238407135
v -0.18728876113891602 0.12597687542438507 0.08872219920158386
v -0.18790005147457123 0.12594445049762726 0.08467376232147217
v -0.21050144731998444 0.12957343459129333 0.08476068079471588
v -0.21235908567905426 0.12789645791053772 0.08879990875720978
v -0.2106458991765976 0.11712934821844101 0.08496488630771637
v -0.1750057488679886 0.1349177062511444 0.021326959133148193
v -0.177967369556427 0.1420925110578537 0.020194679498672485
v -0.17816799879074097 0.12854807078838348 0.02629333734512329
v -0.17504385113716125 0.1223672404885292 0.03323788940906525
v -0.17796598374843597 0.12096746265888214 0.03742323815822601
v -0.17506971955299377 0.1200888380408287 0.05120435357093811
v -0.1782550811767578 0.12070273607969284 0.04908767342567444
v -0.17807428538799286 0.12791326642036438 0.06283946335315704
v -0.17506815493106842 0.13464686274528503 0.06755426526069641
v -0.177967369556427 0.1459074765443802 0.06880535185337067
v -0.20604343712329865 0.15348400175571442 0.06716711819171906
v -0.20295993983745575 0.15380412340164185 0.06751658022403717
v -0.20610886812210083 0.13188879191875458 0.06562860310077667
v -0.2028607577085495 0.13263924419879913 0.06646054983139038
v -0.2028668075799942 0.12197127193212509 0.05513150990009308
v -0.20624199509620667 0.12202766537666321 0.0533171147108078
v -0.2059943526983261 0.12002318352460861 0.042252317070961
v -0.20286640524864197 0.11965693533420563 0.042089834809303284
v -0.20608508586883545 0.12714266777038574 0.02685275673866272
v -0.20293283462524414 0.12637978792190552 0.02710101008415222
v -0.20282840728759766 0.14429177343845367 0.019493669271469116
v -0.2061302661895752 0.1402585655450821 0.02105504274368286
v -0.19424621760845184 0.147741436958313 0.02105504274368286
v -0.19749315083026886 0.13441963493824005 0.021418839693069458
v -0.19424015283584595 0.13181385397911072 0.0234316885471344
v -0.19750967621803284 0.1219712570309639 0.03386855125427246
v -0.19413447380065918 0.12202765047550201 0.03568294644355774
v -0.19438213109970093 0.12002317607402802 0.04674774408340454
v -0.19751006364822388 0.11965693533420563 0.046910226345062256
v -0.19418182969093323 0.12708644568920135 0.0618940144777298
v -0.1974436491727829 0.12637975811958313 0.06189897656440735
v -0.19754807651042938 0.14429177343845367 0.06950634717941284
v -0.1942724585533142 0.14516445994377136 0.06882746517658234
v -0.20983824133872986 0.14981047809123993 0.05979689955711365
v -0.20536646246910095 0.13892073929309845 0.05928538739681244
v -0.20983824133872986 0.13021709024906158 0.05234239995479584
v -0.20548760890960693 0.12752099335193634 0.04411458969116211
v -0.20983824133872986 0.13113979995250702 0.035932645201683044
v -0.2054748386144638 0.14438481628894806 0.02801397442817688
v -0.20983824133872986 0.14337210357189178 0.02906009554862976
v -0.190538227558136 0.14719940721988678 0.028968244791030884
v -0.19501003623008728 0.14858141541481018 0.029552847146987915
v -0.19495978951454163 0.13243936002254486 0.03341718018054962
v -0.190538227558136 0.13187795877456665 0.03491666913032532
v -0.190538227558136 0.12955398857593536 0.051040977239608765
v -0.1948888748884201 0.1308947503566742 0.05449795722961426
v -0.190538227558136 0.1482905149459839 0.06029076874256134
v -0.19501003623008728 0.14907924830913544 0.05928540229797363
v -0.19086654484272003 0.14937950670719147 0.03556258976459503
v -0.20950384438037872 0.14394976198673248 0.033798590302467346
v -0.20952914655208588 0.15269039571285248 0.03877118229866028
v -0.19085131585597992 0.1547240912914276 0.04450291395187378
v -0.20951350033283234 0.15390832722187042 0.0485500693321228
v -0.1908266246318817 0.1501631885766983 0.053007543087005615
v -0.20951350033283234 0.1440499722957611 0.05520400404930115
v -0.19085775315761566 0.14042901992797852 0.05467291176319122
v -0.20952950417995453 0.1340334564447403 0.04860427975654602
v -0.19085416197776794 0.1338733285665512 0.04701545834541321
v -0.20952805876731873 0.13483987748622894 0.039398595690727234
v -0.19089461863040924 0.1377817839384079 0.035345256328582764
v -0.190538227558136 0.1597602516412735 0.042743220925331116
v -0.1948888748884201 0.16047900915145874 0.04411458969116211
v -0.20983824133872986 0.1592968851327896 0.03868955373764038
v -0.19439826905727386 0.15800122916698456 0.06409198045730591
v -0.19415445625782013 0.16597849130630493 0.053295791149139404
v -0.1942913830280304 0.16085733473300934 0.026852726936340332
v -0.2054166942834854 0.1598670780658722 0.042329028248786926
v -0.20537975430488586 0.1529705673456192 0.0572953075170517
v -0.19438211619853973 0.16797682642936707 0.042252302169799805
v -0.20612110197544098 0.15627607703208923 0.023445606231689453
v -0.20620056986808777 0.16616885364055634 0.036119818687438965
v -0.20615625381469727 0.16366852819919586 0.05754920840263367
v -0.19750727713108063 0.1621977537870407 0.061223775148391724
v -0.1979316771030426 0.1696741133928299 0.043424516916275024
v -0.19751004874706268 0.16696520149707794 0.03566610813140869
v -0.19745266437530518 0.1556607037782669 0.022665828466415405
v -0.2059943526983261 0.16797681152820587 0.04674777388572693
v -0.19814597070217133 0.1684264838695526 0.058054327964782715
v -0.19819685816764832 0.15582123398780823 0.0703425407409668
v -0.19767317175865173 0.12138199061155319 0.06011207401752472
v -0.19793036580085754 0.11649441719055176 0.05545148253440857
v -0.19767317175865173 0.12138199061155319 0.028887957334518433
v -0.19767317175865173 0.1666180044412613 0.028887927532196045
v -0.19815297424793243 0.12814146280288696 0.06812047958374023
v -0.19767317175865173 0.13742290437221527 0.017815709114074707
v -0.20286643505096436 0.16696520149707794 0.05333392322063446
v -0.20244480669498444 0.1696741133928299 0.04557560384273529
v -0.20286919176578522 0.16219770908355713 0.02777618169784546
v -0.2027033269405365 0.1666180044412613 0.06011208891868591
v -0.20212198793888092 0.16684868931770325 0.0281715989112854
v -0.2027033269405365 0.1505771279335022 0.01781567931175232
v -0.20267124474048615 0.1251150369644165 0.023183226585388184
v -0.2027033269405365 0.13742290437221527 0.07118433713912964
v -0.2027033269405365 0.1213819831609726 0.06011207401752472
v -0.1966594010591507 0.14591042697429657 0.07706059515476227
v -0.19249357283115387 0.16991855204105377 0.06938381493091583
v -0.1876557469367981 0.16100937128067017 0.0784531682729721
v -0.18786194920539856 0.13171271979808807 0.08068761229515076
v -0.18888725340366364 0.11810388416051865 0.07235655188560486
v -0.18552005290985107 0.17794130742549896 0.06137162446975708
v -0.1819177120923996 0.14572535455226898 0.08222882449626923
v -0.18120698630809784 0.16925235092639923 0.07149934768676758
v -0.17561452090740204 0.15414361655712128 0.07540327310562134
v -0.17532002925872803 0.12672416865825653 0.07180920243263245
v -0.20346753299236298 0.15563710033893585 0.014267146587371826
v -0.20418424904346466 0.12537452578544617 0.016645759344100952
v -0.17472973465919495 0.12320122867822647 0.026073992252349854
v -0.17469297349452972 0.11666785925626755 0.04450002312660217
v -0.17470742762088776 0.1491575390100479 0.07155126333236694
v -0.1746538132429123 0.16896939277648926 0.05760495364665985
v -0.17469660937786102 0.16804924607276917 0.030190855264663696
v -0.17472246289253235 0.12523137032985687 0.06568540632724762
v -0.20777061581611633 0.14305777847766876 0.00845557451248169
v -0.21220079064369202 0.18056941032409668 0.03384596109390259
v -0.20963169634342194 0.17118090391159058 0.01974421739578247
v -0.21464969217777252 0.15301929414272308 0.007101833820343018
v -0.21476294100284576 0.12976773083209991 0.009359925985336304
v -0.2148926556110382 0.11199968308210373 0.02320939302444458
v -0.21781843900680542 0.17350907623767853 0.021045029163360596
v -0.22416254878044128 0.14927051961421967 0.011279970407485962
v -0.22505158185958862 0.12782113254070282 0.016808360815048218
v -0.22177237272262573 0.11375566571950912 0.026902973651885986
v -0.22592206299304962 0.16483566164970398 0.02308887243270874
v -0.22567316889762878 0.12138199061155319 0.06011207401752472
v -0.22567316889762878 0.1505771279335022 0.07118433713912964
v -0.22567316889762878 0.12138199061155319 0.028887957334518433
v -0.22567316889762878 0.13742290437221527 0.017815709114074707
v -0.22570562362670898 0.1706281155347824 0.0344012975692749
v -0.1750674545764923 0.1681978851556778 0.04109787940979004
v -0.17510323226451874 0.1559460312128067 0.06610439717769623
v -0.1750195026397705 0.1660371571779251 0.054754629731178284
v -0.1989157646894455 0.11129695922136307 0.08797886967658997
v -0.17521296441555023 0.15288549661636353 0.02187126874923706
v -0.19165153801441193 0.1146351546049118 0.0886223316192627
v -0.17821000516414642 0.16682782769203186 0.05148608982563019
v -0.17819885909557343 0.15996091067790985 0.062295377254486084
v -0.2097226232290268 0.11542467027902603 0.08880141377449036
v -0.22539038956165314 0.16812609136104584 0.0396517813205719
v -0.22535839676856995 0.1587507575750351 0.02490738034248352
v -0.22216080129146576 0.1567215621471405 0.023719996213912964
v -0.22223007678985596 0.16695477068424225 0.0377575159072876
v -0.22242753207683563 0.1672447770833969 0.05112208425998688
v -0.22220298647880554 0.15929941833019257 0.06283155083656311
v -0.1773664653301239 0.1589471399784088 0.039918601512908936
v -0.17917275428771973 0.1552978903055191 0.05428774654865265
v -0.19442453980445862 0.14406847953796387 0.08906182646751404
v -0.2109396606683731 0.14099715650081635 0.08904767036437988
v -0.1799817979335785 0.15971392393112183 0.041834086179733276
v -0.24222539365291595 0.14905965328216553 0.04777953028678894
v -0.2422245889902115 0.14900170266628265 0.04176732897758484
v -0.22201794385910034 0.15940259397029877 0.04626357555389404
v -0.22198066115379333 0.13014419376850128 0.05097098648548126
v -0.22184988856315613 0.13914754986763 0.05866424739360809
v -0.2219272255897522 0.15048053860664368 0.05833122134208679
v -0.19378948211669922 0.14285171031951904 0.08500000834465027
v -0.2203473299741745 0.135309636592865 0.038771167397499084
v -0.22036297619342804 0.13409167528152466 0.0485500693321228
v -0.1800280511379242 0.13483987748622894 0.03939861059188843
v -0.1800295114517212 0.1340334713459015 0.04860427975654602
v -0.1909586638212204 0.1484832763671875 0.0852968841791153
v -0.20917807519435883 0.1481005847454071 0.0853830873966217
v -0.2223391979932785 0.1376802623271942 0.08536407351493835
v -0.22132669389247894 0.14243577420711517 0.0908789336681366
v -0.20778895914554596 0.15111850202083588 0.09055298566818237
v -0.18885713815689087 0.14984837174415588 0.09075365960597992
v -0.17523296177387238 0.1376560777425766 0.09030994772911072
v -0.24043326079845428 0.15241391956806183 0.04372312128543854
v -0.23967790603637695 0.14830026030540466 0.05216386914253235
v -0.1611631214618683 0.14491607248783112 0.05414268374443054
v -0.16125480830669403 0.1395319253206253 0.03610864281654358
v -0.16118699312210083 0.14933182299137115 0.03666597604751587
v -0.1614212542772293 0.1536288857460022 0.04483048617839813
v -0.1612117886543274 0.1343528926372528 0.044663891196250916
v -0.1673545092344284 0.15238313376903534 0.04095527529716492
v -0.1673690378665924 0.13975611329078674 0.03708381950855255
v -0.16752201318740845 0.14832071959972382 0.052126601338386536
v -0.16738936305046082 0.13911952078342438 0.051685139536857605
v -0.16738823056221008 0.1341850459575653 0.04450002312660217
v -0.17068824172019958 0.1331479251384735 0.04160583019256592
v -0.22364038228988647 0.1504911184310913 0.09047538042068481
v -0.19552673399448395 0.15805861353874207 0.09088191390037537
v -0.23335081338882446 0.13505350053310394 0.09081783890724182
v -0.23306356370449066 0.13937842845916748 0.036094874143600464
v -0.23296181857585907 0.14925096929073334 0.0365748405456543
v -0.23316295444965363 0.15363050997257233 0.04476483166217804
v -0.2329373061656952 0.14862734079360962 0.05281367897987366
v -0.2336614578962326 0.13912613689899445 0.053018718957901
v -0.2328600138425827 0.13438767194747925 0.04490244388580322
v -0.21086367964744568 0.15744812786579132 0.09040525555610657
v -0.23114454746246338 0.11669942736625671 0.05864238739013672
v -0.23124822974205017 0.13444435596466064 0.03255128860473633
v -0.22828000783920288 0.1544211208820343 0.08233553171157837
v -0.23137572407722473 0.15957088768482208 0.033675745129585266
v -0.22970810532569885 0.14313365519046783 0.0778455138206482
v -0.22990766167640686 0.1275586485862732 0.07464462518692017
v -0.16774538159370422 0.14135320484638214 0.0606660395860672
v -0.16776776313781738 0.14608454704284668 0.06119818985462189
v -0.16773556172847748 0.1425064206123352 0.06343218684196472
v -0.168181374669075 0.1275886744260788 0.06983166933059692
v -0.1677810400724411 0.12987789511680603 0.0670972466468811
v -0.16782304644584656 0.13263928890228271 0.068756103515625
v -0.16759046912193298 0.1364576518535614 0.046221524477005005
v -0.17068824172019958 0.1587817519903183 0.03297026455402374
v -0.16952940821647644 0.1550145149230957 0.07759645581245422
v -0.1683540940284729 0.1349678933620453 0.032184869050979614
v -0.1681174337863922 0.1171213760972023 0.058008238673210144
v -0.1704680472612381 0.12753741443157196 0.07462766766548157
v -0.23254215717315674 0.15511953830718994 0.07674188911914825
v -0.22290019690990448 0.15340346097946167 0.08400796353816986
v -0.16759192943572998 0.12996472418308258 0.07416358590126038
v -0.1675613522529602 0.14365379512310028 0.07780557870864868
v -0.16769257187843323 0.16066640615463257 0.03286018967628479
v -0.16768823564052582 0.13228891789913177 0.03459352254867554
v -0.17786608636379242 0.15369229018688202 0.08399689197540283
v -0.19906887412071228 0.09385089576244354 0.11078205704689026
v -0.1994422823190689 0.09834621101617813 0.11102411150932312
v -0.20273979008197784 0.09598356485366821 0.11118826270103455
v -0.23275238275527954 0.1277177482843399 0.0734274685382843
v -0.22174638509750366 0.15809230506420135 0.08501076698303223
v -0.1865360587835312 0.16169680655002594 0.08551079034805298
v -0.16399793326854706 0.13600583374500275 0.08124293386936188
v -0.16776855289936066 0.13805405795574188 0.061221346259117126
v -0.1677778959274292 0.13508258759975433 0.06033778190612793
v -0.16779880225658417 0.1375846266746521 0.06707534193992615
v -0.16776874661445618 0.13723313808441162 0.06833675503730774
v -0.16774798929691315 0.13712213933467865 0.06488671898841858
v -0.16776300966739655 0.1326693594455719 0.06451350450515747
v -0.1677951216697693 0.1316440999507904 0.06209874153137207
v -0.16775931417942047 0.12917441129684448 0.06073227524757385
v -0.1677495688199997 0.14558552205562592 0.06578528881072998
v -0.16780570149421692 0.14535117149353027 0.06758527457714081
v -0.1677769124507904 0.14363637566566467 0.0667286217212677
v -0.1677893102169037 0.15088136494159698 0.06585252285003662
v -0.16780386865139008 0.15045517683029175 0.06323933601379395
v -0.1677916944026947 0.1350424587726593 0.06282788515090942
v -0.16778358817100525 0.13974986970424652 0.06236031651496887
v -0.16777624189853668 0.14702995121479034 0.06257405877113342
v -0.17522387206554413 0.15498745441436768 0.08450116217136383
v -0.21498706936836243 0.1625930368900299 0.08639660477638245
v -0.16800415515899658 0.1435423642396927 0.09213593602180481
v -0.18594838678836823 0.13449719548225403 0.1116989254951477
v -0.18467141687870026 0.11494316160678864 0.11154799163341522
v -0.19189399480819702 0.16026253998279572 0.09297493100166321
v -0.17665046453475952 0.15400099754333496 0.09157964587211609
v -0.23370125889778137 0.1177174523472786 0.09434972703456879
v -0.22568397223949432 0.10155022889375687 0.09440077841281891
v -0.2074737548828125 0.09022527933120728 0.09442707896232605
v -0.1804269701242447 0.09559430181980133 0.09446044266223907
v -0.1671982705593109 0.1157873272895813 0.09437507390975952
v -0.2411816567182541 0.1236601248383522 0.11156508326530457
v -0.15919627249240875 0.12434158474206924 0.11158517003059387
v -0.20013071596622467 0.08593126386404037 0.11151781678199768
v -0.20018824934959412 0.1621837615966797 0.11154426634311676
v -0.17042362689971924 0.10796697437763214 0.10779231786727905
v -0.2423948496580124 0.1682301014661789 0.11033335328102112
v -0.23648953437805176 0.1774962842464447 0.11200001835823059
v -0.22819502651691437 0.17110957205295563 0.11200001835823059
v -0.20018823444843292 0.17900000512599945 0.11154843866825104
v -0.16623765230178833 0.1640367954969406 0.10969232022762299
v -0.17415355145931244 0.1647106558084488 0.11028572916984558
v -0.17077915370464325 0.17190292477607727 0.1102222353219986
v -0.16014990210533142 0.17600847780704498 0.11200001835823059
v -0.16932475566864014 0.08574225008487701 0.11200001835823059
v -0.160261869430542 0.07227952778339386 0.11200001835823059
v -0.20018823444843292 0.0689999982714653 0.11154843866825104
v -0.23178695142269135 0.06924642622470856 0.11015385389328003
v -0.2415592223405838 0.07577639073133469 0.10991305112838745
v -0.2310517281293869 0.171742245554924 0.1080000102519989
v -0.24268823862075806 0.15949060022830963 0.1080000102519989
v -0.23499397933483124 0.17844359576702118 0.1080000102519989
v -0.16096776723861694 0.17642636597156525 0.1080000102519989
v -0.1576882302761078 0.15949060022830963 0.1080000102519989
v -0.1583106964826584 0.077641561627388 0.1080000102519989
v -0.16733333468437195 0.06926127523183823 0.1080000102519989
v -0.23268823325634003 0.14399999380111694 0.04950001835823059
v -0.23297446966171265 0.14292529225349426 0.04950833320617676
v -0.23268823325634003 0.14149999618530273 0.04883015155792236
v -0.23297445476055145 0.13912531733512878 0.046073466539382935
v -0.23268823325634003 0.13966988027095795 0.04700002074241638
v -0.23268823325634003 0.13899999856948853 0.04450002312660217
v -0.23307015001773834 0.14101259410381317 0.040091827511787415
v -0.23268823325634003 0.13966988027095795 0.042000025510787964
v -0.23268823325634003 0.14149999618530273 0.04016989469528198
v -0.23268823325634003 0.14399999380111694 0.03949999809265137
v -0.23268823325634003 0.13945336639881134 0.047125011682510376
v -0.23268823325634003 0.14137500524520874 0.04904663562774658
v -0.23268823325634003 0.14399999380111694 0.04975000023841858
v -0.23268823325634003 0.14650000631809235 0.04883015155792236
v -0.23268823325634003 0.14662499725818634 0.04904663562774658
v -0.23268823325634003 0.14833012223243713 0.04700002074241638
v -0.23268823325634003 0.14854663610458374 0.047125011682510376
v -0.23268823325634003 0.14900000393390656 0.04450002312660217
v -0.23268823325634003 0.14925000071525574 0.04450002312660217
v -0.23268823325634003 0.14833012223243713 0.042000025510787964
v -0.23268823325634003 0.14854663610458374 0.04187500476837158
v -0.23268823325634003 0.14650000631809235 0.04016989469528198
v -0.23268823325634003 0.14662499725818634 0.039953380823135376
v -0.23268823325634003 0.14399999380111694 0.03925001621246338
v -0.23268823325634003 0.14137500524520874 0.039953380823135376
v -0.23268823325634003 0.13945336639881134 0.04187500476837158
v -0.23268823325634003 0.13875000178813934 0.04450002312660217
v -0.23297445476055145 0.14743486046791077 0.04070001840591431
v -0.23307016491889954 0.14879128336906433 0.0468238890171051
v -0.20086127519607544 0.10094898194074631 0.0888594388961792
v -0.20818983018398285 0.1025274470448494 0.08883094787597656
v -0.20838795602321625 0.10214823484420776 0.08898420631885529
v -0.19994044303894043 0.1006617546081543 0.08898420631885529
v -0.19163551926612854 0.10274095088243484 0.08883094787597656
v -0.1915264129638672 0.10232725739479065 0.08898420631885529
v -0.18289384245872498 0.10873038321733475 0.0888289362192154
v -0.18428227305412292 0.10691973567008972 0.08898419141769409
v -0.1783258467912674 0.11555565148591995 0.08894392848014832
v -0.178201362490654 0.11704444140195847 0.0888594388961792
v -0.21493692696094513 0.10461072623729706 0.08957868814468384
v -0.22200508415699005 0.11311311274766922 0.08892318606376648
v -0.22355839610099792 0.1198888048529625 0.08955185115337372
v -0.19790351390838623 0.10031887888908386 0.08969971537590027
v -0.22107967734336853 0.11298942565917969 0.08876198530197144
v -0.18396170437335968 0.1062789335846901 0.08958268165588379
v -0.17597313225269318 0.12386412173509598 0.0894659012556076
v -0.17740017175674438 0.1264084279537201 0.08883094787597656
v -0.17691193521022797 0.1261790543794632 0.08900514245033264
v -0.22217510640621185 0.13095559179782867 0.0888594388961792
v -0.2229393720626831 0.13032005727291107 0.08962281048297882
v -0.21641476452350616 0.14172108471393585 0.08958268165588379
v -0.18895792961120605 0.14551983773708344 0.08886626362800598
v -0.20247294008731842 0.1476811319589615 0.08969971537590027
v -0.18543954193592072 0.1433892846107483 0.08957871794700623
v -0.17878909409046173 0.1325523853302002 0.0888829380273819
v -0.21748264133930206 0.13926962018013 0.0888289362192154
v -0.20685380697250366 0.14608681201934814 0.0888289362192154
v -0.19616396725177765 0.14736270904541016 0.08895793557167053
v -0.20666493475437164 0.14632576704025269 0.08898840844631195
v -0.2164068967103958 0.14129061996936798 0.08895792067050934
v -0.22260615229606628 0.13035346567630768 0.08896270394325256
v -0.18303366005420685 0.14005397260189056 0.08897563815116882
v -0.17855532467365265 0.13250906765460968 0.08898839354515076
v 0.18365536630153656 -0.14601951837539673 0.09670379757881165
v 0.193821519613266 -0.15517254173755646 0.09713225066661835
v 0.18083104491233826 -0.14744213223457336 0.09696756303310394
v 0.20166398584842682 -0.15284264087677002 0.09673850238323212
v 0.22489292919635773 -0.11060559749603271 0.09653279185295105
v 0.22731466591358185 -0.10931980609893799 0.09717147052288055
v 0.23204858601093292 -0.1278560608625412 0.09683802723884583
v 0.2254374474287033 -0.14206179976463318 0.09668077528476715
v 0.22265443205833435 -0.1488344818353653 0.09682208299636841
v 0.1747717410326004 -0.12595032155513763 0.09660732746124268
v 0.21056890487670898 -0.09681417793035507 0.09685970842838287
v 0.2064443826675415 -0.09941308945417404 0.09647980332374573
v 0.18536975979804993 -0.10398636013269424 0.0965002030134201
v 0.19325408339500427 -0.0973716452717781 0.09718120098114014
v 0.17579255998134613 -0.11023111641407013 0.09660014510154724
v 0.17173445224761963 -0.12722381949424744 0.0968891978263855
v 0.20973096787929535 -0.15279093384742737 0.10016989707946777
v 0.22737281024456024 -0.13651712238788605 0.10003930330276489
v 0.18028141558170319 -0.14349541068077087 0.1000857949256897
v 0.17524652183055878 -0.12336241453886032 0.10006408393383026
v 0.18363934755325317 -0.10550035536289215 0.09990152716636658
v 0.2078937590122223 -0.09891284257173538 0.09990990161895752
v 0.22677819430828094 -0.11447759717702866 0.09999638795852661
v 0.2022434026002884 -0.11273491382598877 0.10944868624210358
v 0.19345173239707947 -0.11693251878023148 0.11377142369747162
v 0.20873583853244781 -0.11495555937290192 0.11338245868682861
v 0.2128024697303772 -0.11964011192321777 0.1094229519367218
v 0.21491190791130066 -0.12904895842075348 0.11342313885688782
v 0.18173566460609436 -0.15513698756694794 0.09334614872932434
v 0.17068366706371307 -0.14196014404296875 0.09225603938102722
v 0.1669057160615921 -0.12387355417013168 0.09343361854553223
v 0.2423280030488968 -0.1424131840467453 0.0549752414226532
v 0.24401821196079254 -0.1505662053823471 0.05164380371570587
v 0.2440779060125351 -0.14158958196640015 0.05117291212081909
v 0.2422429770231247 -0.13776922225952148 0.047940850257873535
v 0.24400679767131805 -0.14090648293495178 0.04408031702041626
v 0.24149011075496674 -0.14193233847618103 0.039518386125564575
v 0.2423255294561386 -0.14996321499347687 0.039432868361473083
v 0.24410398304462433 -0.1459103673696518 0.04113127291202545
v 0.17529332637786865 -0.12873481214046478 0.0886189192533493
v 0.17474554479122162 -0.12025438994169235 0.09340879321098328
v 0.18046604096889496 -0.1113509088754654 0.08803139626979828
v 0.18086197972297668 -0.1075298935174942 0.09339357912540436
v 0.19690349698066711 -0.09884193539619446 0.08848625421524048
v 0.20352455973625183 -0.09765149652957916 0.09342736005783081
v 0.21970924735069275 -0.10559365153312683 0.08843202888965607
v 0.22902847826480865 -0.11796878278255463 0.09240852296352386
v 0.22806696593761444 -0.12692031264305115 0.08804385364055634
v 0.17994394898414612 -0.16994063556194305 0.04658457636833191
v 0.1774001121520996 -0.16848038136959076 0.057096928358078
v 0.18004243075847626 -0.1621662825345993 0.06495681405067444
v 0.1765279620885849 -0.14939597249031067 0.0747951865196228
v 0.17687073349952698 -0.13489452004432678 0.06905339658260345
v 0.1769149750471115 -0.15549899637699127 0.07030133903026581
v 0.2232072800397873 -0.11064676195383072 0.046897679567337036
v 0.21329697966575623 -0.10827178508043289 0.04421520233154297
v 0.21887987852096558 -0.11113358289003372 0.06231360137462616
v 0.21400833129882812 -0.12183152139186859 0.07648946344852448
v 0.2248963564634323 -0.1325007826089859 0.07877981662750244
v 0.21431899070739746 -0.13659675419330597 0.08446787297725677
v 0.21962811052799225 -0.15706777572631836 0.08329632878303528
v 0.22648094594478607 -0.1683809459209442 0.0709625780582428
v 0.21731813251972198 -0.175773486495018 0.07106053829193115
v 0.2204485535621643 -0.18235693871974945 0.055731892585754395
v 0.2278883010149002 -0.1185389831662178 0.04315751791000366
v 0.22795362770557404 -0.12081648409366608 0.059796541929244995
v 0.22803957760334015 -0.14277692139148712 0.07589907944202423
v 0.2275039404630661 -0.17615759372711182 0.053270310163497925
v 0.20986782014369965 -0.11532291769981384 0.06608787178993225
v 0.2045273780822754 -0.1151372417807579 0.046334415674209595
v 0.2039245218038559 -0.12664277851581573 0.06709295511245728
v 0.2093873918056488 -0.15525716543197632 0.08180096745491028
v 0.20461945235729218 -0.13859638571739197 0.07683822512626648
v 0.20399229228496552 -0.1580868363380432 0.07309931516647339
v 0.2100665122270584 -0.17334415018558502 0.07193206250667572
v 0.20403048396110535 -0.17183858156204224 0.05930766463279724
v 0.21352002024650574 -0.1843416541814804 0.048810556530952454
v 0.20391716063022614 -0.17378298938274384 0.04149053990840912
v 0.17750553786754608 -0.11432989686727524 0.05491931736469269
v 0.18737535178661346 -0.10906266421079636 0.0559651255607605
v 0.17735479772090912 -0.114666648209095 0.03979654610157013
v 0.18866483867168427 -0.1098262295126915 0.03616708517074585
v 0.1847202628850937 -0.11555878072977066 0.02553427219390869
v 0.18401937186717987 -0.12667642533779144 0.01546373963356018
v 0.18827877938747406 -0.13642816245555878 0.010385274887084961
v 0.1771041452884674 -0.14632980525493622 0.014869749546051025
v 0.18862442672252655 -0.15117622911930084 0.009588807821273804
v 0.18294212222099304 -0.1640174835920334 0.014819592237472534
v 0.18743538856506348 -0.1738082468509674 0.021233946084976196
v 0.17763926088809967 -0.17578798532485962 0.03257063031196594
v 0.19061128795146942 -0.18295472860336304 0.03683169186115265
v 0.18733124434947968 -0.1840866357088089 0.047861963510513306
v 0.17694617807865143 -0.1774406135082245 0.05530226230621338
v 0.1761581301689148 -0.12644322216510773 0.02714228630065918
v 0.1948007494211197 -0.11020699143409729 0.04662764072418213
v 0.20002061128616333 -0.11859210580587387 0.04308757185935974
v 0.1954006552696228 -0.12232127785682678 0.02042219042778015
v 0.20006801187992096 -0.1287572681903839 0.025196462869644165
v 0.19867107272148132 -0.14711780846118927 0.01498153805732727
v 0.19592902064323425 -0.16752569377422333 0.018695443868637085
v 0.19986434280872345 -0.1630830019712448 0.024664252996444702
v 0.20012034475803375 -0.17430905997753143 0.04436449706554413
v 0.18933944404125214 -0.12846100330352783 0.10940495133399963
v 0.1890975534915924 -0.1278836876153946 0.11308011412620544
v 0.1929190456867218 -0.117679163813591 0.10933026671409607
v 0.2288810759782791 -0.17253811657428741 0.11483243107795715
v 0.23023764789104462 -0.1736970841884613 0.11083796620368958
v 0.22936131060123444 -0.16524836421012878 0.11346390843391418
v 0.2356751412153244 -0.16576340794563293 0.11079970002174377
v 0.23703314363956451 -0.16842646896839142 0.11481259763240814
v 0.17156346142292023 -0.07783090323209763 0.11437568068504333
v 0.16803470253944397 -0.08516593277454376 0.11180233955383301
v 0.17243655025959015 -0.07785019278526306 0.11037573218345642
v 0.1754116415977478 -0.08628799766302109 0.11184501647949219
v 0.22718514502048492 -0.08462634682655334 0.1144084632396698
v 0.22832484543323517 -0.08600218594074249 0.11041504144668579
v 0.2311365157365799 -0.07814110815525055 0.11037713289260864
v 0.23511891067028046 -0.07918888330459595 0.11438223719596863
v 0.23634512722492218 -0.08466808497905731 0.11167179048061371
v 0.1674613654613495 -0.17048631608486176 0.11482253670692444
v 0.16789044439792633 -0.17087548971176147 0.11082436144351959
v 0.17243655025959015 -0.16384918987751007 0.11079046130180359
v 0.17413851618766785 -0.16428594291210175 0.11479263007640839
v 0.17492324113845825 -0.1725582629442215 0.11251670122146606
v 0.16792544722557068 -0.12800420820713043 0.11046546697616577
v 0.16905084252357483 -0.11490287631750107 0.09698843955993652
v 0.17331908643245697 -0.1454179286956787 0.09708879888057709
v 0.1790570318698883 -0.15192820131778717 0.11032819747924805
v 0.1946059763431549 -0.1591954082250595 0.09725180268287659
v 0.20153264701366425 -0.1597595065832138 0.11061424016952515
v 0.2201460748910904 -0.1555216908454895 0.09716294705867767
v 0.21737433969974518 -0.15585002303123474 0.11055749654769897
v 0.22966711223125458 -0.1461995542049408 0.11037981510162354
v 0.23521585762500763 -0.13379696011543274 0.09723526239395142
v 0.23609639704227448 -0.12373832613229752 0.11020097136497498
v 0.20535586774349213 -0.1082770824432373 0.11408868432044983
v 0.21917875111103058 -0.12200742214918137 0.11425772309303284
v 0.2133171260356903 -0.13180863857269287 0.1093762218952179
v 0.2164529412984848 -0.13532577455043793 0.11430425941944122
v 0.19760139286518097 -0.137578547000885 0.1094510406255722
v 0.20605352520942688 -0.14286860823631287 0.1143832802772522
v 0.20708951354026794 -0.1376558095216751 0.10969603061676025
v 0.23102055490016937 -0.12371984124183655 0.11301213502883911
v 0.2324242740869522 -0.12434444576501846 0.1144503802061081
v 0.22750262916088104 -0.12557795643806458 0.1136588305234909
v 0.20193831622600555 -0.09498891979455948 0.11427350342273712
v 0.19980570673942566 -0.09899280965328217 0.11347214877605438
v 0.20351387560367584 -0.09614180773496628 0.11278410255908966
v 0.20352070033550262 -0.09990284591913223 0.11381608247756958
v 0.1732063740491867 -0.1235855296254158 0.1136123538017273
v 0.17158237099647522 -0.12745405733585358 0.1144428551197052
v 0.17278125882148743 -0.1278747171163559 0.11304603517055511
v 0.23255841434001923 -0.14830543100833893 0.09432753920555115
v 0.23452292382717133 -0.14576861262321472 0.08057129383087158
v 0.24036239087581635 -0.1261950582265854 0.09427167475223541
v 0.24015377461910248 -0.12694525718688965 0.08197289705276489
v 0.17210154235363007 -0.10228568315505981 0.09404553472995758
v 0.1653948277235031 -0.1152072623372078 0.06596745550632477
v 0.16361954808235168 -0.12610365450382233 0.09426295757293701
v 0.1639963686466217 -0.12580186128616333 0.0810137391090393
v 0.17493142187595367 -0.10141753405332565 0.07833391427993774
v 0.18965134024620056 -0.09128222614526749 0.08379888534545898
v 0.18803764879703522 -0.09072712808847427 0.09397989511489868
v 0.20876972377300262 -0.0884174183011055 0.09428772330284119
v 0.216426819562912 -0.08961628377437592 0.08395335078239441
v 0.23019196093082428 -0.10013506561517715 0.09441620111465454
v 0.23885445296764374 -0.11363102495670319 0.06828901171684265
v 0.2356296330690384 -0.11419700086116791 0.06758478283882141
v 0.2335374504327774 -0.11090634763240814 0.09316110610961914
v 0.22102628648281097 -0.09639942646026611 0.0931546688079834
v 0.21751435101032257 -0.09374793618917465 0.08321008086204529
v 0.20550751686096191 -0.09135911613702774 0.09326222538948059
v 0.188113272190094 -0.09372027218341827 0.09314775466918945
v 0.17366160452365875 -0.10553199052810669 0.09323787689208984
v 0.1684219241142273 -0.1153201162815094 0.0662117600440979
v 0.16715699434280396 -0.12320932745933533 0.07963559031486511
v 0.2371775060892105 -0.12472003698348999 0.08177049458026886
v 0.23681892454624176 -0.12568677961826324 0.0934104323387146
v 0.16822423040866852 -0.13612830638885498 0.0849141776561737
v 0.17251397669315338 -0.14532141387462616 0.07980775833129883
v 0.1976330578327179 -0.13815081119537354 0.11321860551834106
v 0.17249999940395355 -0.14482322335243225 0.0369812548160553
v 0.1818409115076065 -0.14833207428455353 0.03701886534690857
v 0.18181559443473816 -0.15607625246047974 0.04311053454875946
v 0.17249999940395355 -0.15641210973262787 0.045839011669158936
v 0.1818409115076065 -0.15477897226810455 0.05308258533477783
v 0.17249999940395355 -0.14755435287952423 0.05742788314819336
v 0.18181559443473816 -0.1461874097585678 0.05790610611438751
v 0.22220148146152496 -0.14418211579322815 0.03628559410572052
v 0.23149998486042023 -0.1436343789100647 0.03721177577972412
v 0.23149998486042023 -0.1551780104637146 0.04297621548175812
v 0.2221630960702896 -0.15611733496189117 0.04315115511417389
v 0.2221384048461914 -0.1551119089126587 0.05274902284145355
v 0.23149998486042023 -0.15087299048900604 0.05689767003059387
v 0.222193643450737 -0.14466552436351776 0.05826035141944885
v 0.17733114957809448 -0.139325350522995 0.09354880452156067
v 0.19000093638896942 -0.15148434042930603 0.09358087182044983
v 0.20048080384731293 -0.15340334177017212 0.08901065587997437
v 0.21428164839744568 -0.15157362818717957 0.09245499968528748
v 0.22223785519599915 -0.1451978236436844 0.09366434812545776
v 0.2239166796207428 -0.14114174246788025 0.08835062384605408
v 0.22925446927547455 -0.1316768229007721 0.09346386790275574
v 0.1823441982269287 -0.12006248533725739 0.09162425994873047
v 0.1842508167028427 -0.11697730422019958 0.08756417036056519
v 0.1903199404478073 -0.10933047533035278 0.09152461588382721
v 0.2044680416584015 -0.10545079410076141 0.0914699137210846
v 0.2058006078004837 -0.1059006005525589 0.08751073479652405
v 0.21918317675590515 -0.114863321185112 0.091623455286026
v 0.2227129191160202 -0.12994226813316345 0.08762668073177338
v 0.22104397416114807 -0.1345350742340088 0.09171070158481598
v 0.224808469414711 -0.14153926074504852 0.06212341785430908
v 0.22185000777244568 -0.15040312707424164 0.06301581859588623
v 0.22373966872692108 -0.13109029829502106 0.05136290192604065
v 0.18098559975624084 -0.14973053336143494 0.03240123391151428
v 0.1817854344844818 -0.1348509043455124 0.03600555658340454
v 0.1792163848876953 -0.1321064829826355 0.03956441581249237
v 0.1810184270143509 -0.13160638511180878 0.05049481987953186
v 0.1817854344844818 -0.13904152810573578 0.06144821643829346
v 0.17919152975082397 -0.141038715839386 0.061958104372024536
v 0.2240758091211319 -0.14541392028331757 0.02331441640853882
v 0.22726239264011383 -0.14615298807621002 0.022744446992874146
v 0.22404912114143372 -0.13182151317596436 0.027867168188095093
v 0.22766117751598358 -0.12852410972118378 0.028909236192703247
v 0.22723381221294403 -0.12246039509773254 0.040039628744125366
v 0.22398094832897186 -0.12319924682378769 0.04048904776573181
v 0.22393664717674255 -0.12443354725837708 0.05821782350540161
v 0.22710491716861725 -0.12374608963727951 0.056835249066352844
v 0.2271643728017807 -0.13690274953842163 0.07030534744262695
v 0.22402849793434143 -0.14176179468631744 0.07134023308753967
v 0.18960483372211456 -0.12265913933515549 0.08722834289073944
v 0.19623589515686035 -0.13636381924152374 0.08749952912330627
v 0.19644512236118317 -0.13727928698062897 0.09146103262901306
v 0.18910051882266998 -0.12795265018939972 0.09133931994438171
v 0.20566272735595703 -0.13826817274093628 0.0912187397480011
v 0.2133960723876953 -0.13016250729560852 0.0872463583946228
v 0.21487367153167725 -0.1282278299331665 0.09136630594730377
v 0.17978155612945557 -0.1504504382610321 0.07091408967971802
v 0.18002353608608246 -0.13362716138362885 0.06808823347091675
v 0.17614367604255676 -0.12437033653259277 0.05984072387218475
v 0.17999817430973053 -0.12402956187725067 0.05576044321060181
v 0.17990821599960327 -0.12270450592041016 0.04035310447216034
v 0.17681406438350677 -0.12228985130786896 0.04048030078411102
v 0.17961496114730835 -0.1349458545446396 0.02555575966835022
v 0.1768382042646408 -0.1329125165939331 0.026775360107421875
v 0.17677590250968933 -0.1507674604654312 0.02264377474784851
v 0.1800854653120041 -0.14784730970859528 0.023559272289276123
v 0.2046949416399002 -0.15588070452213287 0.024169832468032837
v 0.20791561901569366 -0.14747169613838196 0.02288314700126648
v 0.20467619597911835 -0.13513311743736267 0.025094836950302124
v 0.20791012048721313 -0.12924407422542572 0.029756635427474976
v 0.204678013920784 -0.1242680475115776 0.036350131034851074
v 0.20780614018440247 -0.12222319096326828 0.04484127461910248
v 0.2047208994626999 -0.12185833603143692 0.050079718232154846
v 0.20800772309303284 -0.12442850321531296 0.056666359305381775
v 0.20472557842731476 -0.12844136357307434 0.06442219018936157
v 0.2078290432691574 -0.13046136498451233 0.06539741158485413
v 0.20427563786506653 -0.13755685091018677 0.07123535871505737
v 0.2080763280391693 -0.14485932886600494 0.07127317786216736
v 0.19932352006435394 -0.15052561461925507 0.07127359509468079
v 0.1960843801498413 -0.14723706245422363 0.07153721153736115
v 0.19967369735240936 -0.13573811948299408 0.07032132148742676
v 0.19607870280742645 -0.12963251769542694 0.06503641605377197
v 0.1992981880903244 -0.1221679225564003 0.05392315983772278
v 0.19600345194339752 -0.121892049908638 0.044050246477127075
v 0.19932159781455994 -0.12421143054962158 0.03646698594093323
v 0.1960054486989975 -0.1340024769306183 0.02612164616584778
v 0.19930507242679596 -0.13671958446502686 0.024077415466308594
v 0.1959964483976364 -0.14919942617416382 0.023736029863357544
v 0.21164999902248383 -0.15192542970180511 0.0625292956829071
v 0.20721638202667236 -0.1482851803302765 0.06308816373348236
v 0.21164999902248383 -0.13236823678016663 0.05498039722442627
v 0.20722846686840057 -0.13173575699329376 0.054102882742881775
v 0.21164999902248383 -0.1378152221441269 0.032472580671310425
v 0.20728659629821777 -0.13687540590763092 0.03359581530094147
v 0.19235000014305115 -0.14446641504764557 0.03034687042236328
v 0.1967134028673172 -0.15099339187145233 0.03142949938774109
v 0.1967715471982956 -0.13180296123027802 0.0401671826839447
v 0.19235000014305115 -0.13037753105163574 0.05141887068748474
v 0.1967715471982956 -0.13505038619041443 0.05871163308620453
v 0.19235000014305115 -0.15040312707424164 0.06301581859588623
v 0.1967836320400238 -0.15369276702404022 0.061359912157058716
v 0.19267290830612183 -0.14820516109466553 0.03699663281440735
v 0.21134090423583984 -0.14833207428455353 0.03701886534690857
v 0.2113155871629715 -0.15607625246047974 0.04311053454875946
v 0.19266310334205627 -0.15611733496189117 0.04315115511417389
v 0.19265134632587433 -0.15511031448841095 0.05274495482444763
v 0.21134090423583984 -0.15477897226810455 0.05308258533477783
v 0.19269363582134247 -0.14466552436351776 0.05826035141944885
v 0.2113155871629715 -0.1461874097585678 0.05790610611438751
v 0.21135109663009644 -0.13619957864284515 0.05126100778579712
v 0.19263841211795807 -0.1359586864709854 0.04959362745285034
v 0.21133540570735931 -0.13793812692165375 0.0402049720287323
v 0.19266651570796967 -0.13825485110282898 0.03990405797958374
v 0.19235000014305115 -0.16195733845233917 0.045523807406425476
v 0.19680848717689514 -0.16181425750255585 0.04701630771160126
v 0.21164999902248383 -0.1615135371685028 0.04146793484687805
v 0.19613322615623474 -0.16294154524803162 0.0642913430929184
v 0.19599375128746033 -0.1631859391927719 0.029892534017562866
v 0.20722846686840057 -0.1578027904033661 0.03617766499519348
v 0.20719152688980103 -0.16094234585762024 0.05235461890697479
v 0.19598883390426636 -0.17055419087409973 0.050240784883499146
v 0.20792828500270844 -0.16048163175582886 0.02803453803062439
v 0.2080443650484085 -0.17049777507781982 0.04444172978401184
v 0.20801286399364471 -0.16298650205135345 0.06472620368003845
v 0.19932381808757782 -0.15745727717876434 0.025202512741088867
v 0.19932200014591217 -0.1682131290435791 0.03656190633773804
v 0.19931744039058685 -0.17053095996379852 0.04959419369697571
v 0.19931919872760773 -0.16430579125881195 0.06401598453521729
v 0.1994849294424057 -0.12349578738212585 0.06270740926265717
v 0.1994849294424057 -0.1397404670715332 0.020488828420639038
v 0.1994849294424057 -0.16873124241828918 0.0629255473613739
v 0.1994849294424057 -0.15263713896274567 0.07392029464244843
v 0.20473535358905792 -0.1577436923980713 0.06909506022930145
v 0.20467808842658997 -0.16911108791828156 0.056149572134017944
v 0.2046690583229065 -0.1695137917995453 0.03900317847728729
v 0.20399262011051178 -0.16190138459205627 0.02343529462814331
v 0.2039821743965149 -0.1259758174419403 0.02682223916053772
v 0.20451508462429047 -0.11889059096574783 0.05038565397262573
v 0.20451508462429047 -0.1397404670715332 0.020488828420639038
v 0.1986347734928131 -0.1404421478509903 0.0789644718170166
v 0.19915394484996796 -0.11904280632734299 0.06275206804275513
v 0.19828303158283234 -0.15601466596126556 0.07822689414024353
v 0.19868093729019165 -0.17002412676811218 0.06891436874866486
v 0.19130662083625793 -0.18157437443733215 0.06096765398979187
v 0.1951020061969757 -0.1210765540599823 0.07322990894317627
v 0.18607576191425323 -0.17179344594478607 0.07572154700756073
v 0.18827864527702332 -0.15397053956985474 0.08444756269454956
v 0.1856411099433899 -0.13500693440437317 0.08379921317100525
v 0.18439249694347382 -0.1186453104019165 0.07259729504585266
v 0.1773539036512375 -0.15607626736164093 0.07820096611976624
v 0.17602403461933136 -0.13332268595695496 0.07248809933662415
v 0.2057241052389145 -0.14338155090808868 0.014518111944198608
v 0.17636197805404663 -0.17110632359981537 0.03790263831615448
v 0.17646558582782745 -0.17109470069408417 0.06042981147766113
v 0.17651918530464172 -0.16038066148757935 0.023604542016983032
v 0.1765047311782837 -0.14302517473697662 0.02005612850189209
v 0.17651918530464172 -0.11872239410877228 0.04521295428276062
v 0.20813888311386108 -0.174831822514534 0.026990115642547607
v 0.21439185738563538 -0.16071128845214844 0.011921703815460205
v 0.21392302215099335 -0.12404808402061462 0.015918344259262085
v 0.21406640112400055 -0.11374742537736893 0.026613235473632812
v 0.21571584045886993 -0.17841018736362457 0.025940299034118652
v 0.21533522009849548 -0.14388519525527954 0.009273618459701538
v 0.2199806272983551 -0.13387718796730042 0.012038737535476685
v 0.22610484063625336 -0.17631752789020538 0.03323407471179962
v 0.22662486135959625 -0.16255104541778564 0.019392400979995728
v 0.2267240434885025 -0.14752225577831268 0.014901131391525269
v 0.2265888899564743 -0.12146852165460587 0.026038944721221924
v 0.22748492658138275 -0.16873124241828918 0.0629255473613739
v 0.22748492658138275 -0.15263713896274567 0.07392030954360962
v 0.2277698665857315 -0.17237526178359985 0.04550032317638397
v 0.22748492658138275 -0.139740452170372 0.020488828420639038
v 0.22749577462673187 -0.16216154396533966 0.024301230907440186
v 0.17680631577968597 -0.17037278413772583 0.042719513177871704
v 0.20966455340385437 -0.11649441719055176 0.08742955327033997
v 0.19732968509197235 -0.11356016248464584 0.09127095341682434
v 0.18000908195972443 -0.16758237779140472 0.036616250872612
v 0.17971649765968323 -0.15929853916168213 0.026962488889694214
v 0.2101847380399704 -0.11644985526800156 0.09139417111873627
v 0.22716976702213287 -0.1610337495803833 0.027683496475219727
v 0.2271994799375534 -0.17032308876514435 0.05200636386871338
v 0.2271420806646347 -0.15904858708381653 0.06844787299633026
v 0.2243851125240326 -0.15764003992080688 0.02566513419151306
v 0.22398819029331207 -0.1687633991241455 0.0387951135635376
v 0.22396788001060486 -0.16931353509426117 0.052593767642974854
v 0.2241586446762085 -0.1624128520488739 0.06550437211990356
v 0.1808931827545166 -0.16054175794124603 0.05194476246833801
v 0.18095175921916962 -0.15285716950893402 0.0604495108127594
v 0.18079806864261627 -0.15901729464530945 0.039575040340423584
v 0.20677800476551056 -0.14564871788024902 0.09053899347782135
v 0.19354330003261566 -0.14457684755325317 0.0917438268661499
v 0.18364575505256653 -0.13419711589813232 0.0916949063539505
v 0.24398981034755707 -0.15102022886276245 0.04360474646091461
v 0.22351695597171783 -0.16130417585372925 0.046936094760894775
v 0.22342391312122345 -0.15258337557315826 0.03291122615337372
v 0.22389306128025055 -0.13751107454299927 0.034110888838768005
v 0.22477154433727264 -0.15769585967063904 0.058343008160591125
v 0.18642501533031464 -0.13839319348335266 0.08766743540763855
v 0.22217513620853424 -0.1354185789823532 0.04765284061431885
v 0.1818511039018631 -0.13619957864284515 0.05126100778579712
v 0.18183541297912598 -0.13793812692165375 0.0402049720287323
v 0.18386201560497284 -0.1446402668952942 0.08816590905189514
v 0.24224500358104706 -0.1546063870191574 0.04646840691566467
v 0.24148975312709808 -0.15045218169689178 0.054888978600502014
v 0.1630530208349228 -0.15062938630580902 0.055595263838768005
v 0.16300776600837708 -0.14176228642463684 0.03884269297122955
v 0.16311144828796387 -0.15574657917022705 0.04756535589694977
v 0.16322757303714752 -0.14109651744365692 0.05536609888076782
v 0.16302792727947235 -0.15157292783260345 0.03938192129135132
v 0.163168266415596 -0.13664111495018005 0.04680989682674408
v 0.2229904681444168 -0.10750281810760498 0.09351548552513123
v 0.23149998486042023 -0.13619601726531982 0.04975898563861847
v 0.16916626691818237 -0.1545889526605606 0.04370029270648956
v 0.1692410558462143 -0.13952666521072388 0.04098281264305115
v 0.16933377087116241 -0.1504727005958557 0.05485193431377411
v 0.1694592386484146 -0.1398957520723343 0.05324965715408325
v 0.17249999940395355 -0.1359654814004898 0.04857012629508972
v 0.20143434405326843 -0.160547137260437 0.09365445375442505
v 0.22047294676303864 -0.15623630583286285 0.09323981404304504
v 0.2341151386499405 -0.14098985493183136 0.09336084127426147
v 0.23487533628940582 -0.14160776138305664 0.03877727687358856
v 0.23477338254451752 -0.15147800743579865 0.03930489718914032
v 0.23497439920902252 -0.1558179259300232 0.047515660524368286
v 0.23474906384944916 -0.15077604353427887 0.05554041266441345
v 0.23547323048114777 -0.1412738710641861 0.0556996613740921
v 0.2346717268228531 -0.1365746110677719 0.04756045341491699
v 0.2331875115633011 -0.1618117094039917 0.036455512046813965
v 0.23306001722812653 -0.1366909146308899 0.035209864377975464
v 0.23295561969280243 -0.11882251501083374 0.06121189892292023
v 0.23332075774669647 -0.15707528591156006 0.08046042919158936
v 0.23171932995319366 -0.12959924340248108 0.07726600766181946
v 0.2316136211156845 -0.1446775197982788 0.08036616444587708
v 0.16999323666095734 -0.12965556979179382 0.07245667278766632
v 0.16959279775619507 -0.13195781409740448 0.06973335146903992
v 0.1696206033229828 -0.13470973074436188 0.07139703631401062
v 0.17249999940395355 -0.1610259860754013 0.035746246576309204
v 0.17070512473583221 -0.1571255773305893 0.08008179068565369
v 0.17227593064308167 -0.12951932847499847 0.07725512981414795
v 0.16968336701393127 -0.13687299191951752 0.0347907692193985
v 0.16992148756980896 -0.11911994218826294 0.06077176332473755
v 0.22073973715305328 -0.15840955078601837 0.08718426525592804
v 0.22072963416576385 -0.15841801464557648 0.08718471229076385
v 0.22450967133045197 -0.15495456755161285 0.08689907193183899
v 0.2259523719549179 -0.15587148070335388 0.08640319108963013
v 0.2207169234752655 -0.15842850506305695 0.08718530833721161
v 0.22072766721248627 -0.15841959416866302 0.08718481659889221
v 0.16940687596797943 -0.1320047229528427 0.0767945945262909
v 0.1692875325679779 -0.14531093835830688 0.08106222748756409
v 0.16950608789920807 -0.16311010718345642 0.03746044635772705
v 0.17966344952583313 -0.155639186501503 0.086751788854599
v 0.17643311619758606 -0.12575988471508026 0.11361318826675415
v 0.20020920038223267 -0.15556959807872772 0.11368769407272339
v 0.20442768931388855 -0.15419508516788483 0.11352002620697021
v 0.2014862447977066 -0.15127995610237122 0.113920658826828
v 0.2307995706796646 -0.12817665934562683 0.11366470158100128
v 0.23456420004367828 -0.12976768612861633 0.07605397701263428
v 0.21394945681095123 -0.16252726316452026 0.08749602735042572
v 0.18928399682044983 -0.16386710107326508 0.08828601241111755
v 0.22757567465305328 -0.1565430760383606 0.08707964420318604
v 0.16958029568195343 -0.14016230404376984 0.06389699876308441
v 0.16958965361118317 -0.13719509541988373 0.06299912929534912
v 0.16955794394016266 -0.14369526505470276 0.06341643631458282
v 0.16961055994033813 -0.13966454565525055 0.06974869966506958
v 0.16955901682376862 -0.13923372328281403 0.06756243109703064
v 0.1695828139781952 -0.1455811709165573 0.0692882090806961
v 0.16957999765872955 -0.13930706679821014 0.07100841403007507
v 0.1695747673511505 -0.134761780500412 0.06716316938400269
v 0.16960687935352325 -0.1337481290102005 0.0647435337305069
v 0.16957105696201324 -0.1312851905822754 0.0633651465177536
v 0.16955390572547913 -0.14612999558448792 0.06506673991680145
v 0.16959816217422485 -0.14185258746147156 0.06504414975643158
v 0.16956011950969696 -0.1476716548204422 0.06849722564220428
v 0.16961455345153809 -0.14733512699604034 0.07021243870258331
v 0.16960106790065765 -0.15296711027622223 0.06859001517295837
v 0.16961562633514404 -0.152553528547287 0.06597481667995453
v 0.1695857048034668 -0.1491430103778839 0.06455639004707336
v 0.16960343718528748 -0.13714298605918884 0.06548899412155151
v 0.17706678807735443 -0.1570196896791458 0.08726447820663452
v 0.2167971432209015 -0.16458049416542053 0.08919036388397217
v 0.17433811724185944 -0.15222801268100739 0.09473872184753418
v 0.18877889215946198 -0.1379811018705368 0.11431679129600525
v 0.1861840933561325 -0.11736650764942169 0.11418113112449646
v 0.1937272548675537 -0.1621871143579483 0.09579122066497803
v 0.2354774922132492 -0.11922423541545868 0.09692659974098206
v 0.22746257483959198 -0.10347345471382141 0.09690402448177338
v 0.2089870274066925 -0.09213047474622726 0.09682770073413849
v 0.18699508905410767 -0.09538035094738007 0.09692637622356415
v 0.2017526477575302 -0.08817651122808456 0.11409491300582886
v 0.24299393594264984 -0.12552638351917267 0.11416363716125488
v 0.1610075831413269 -0.12620657682418823 0.11418765783309937
v 0.20200000703334808 -0.1640491783618927 0.11430922150611877
v 0.22837980091571808 -0.10436022281646729 0.11034220457077026
v 0.21610046923160553 -0.0953449085354805 0.11021614074707031
v 0.19985666871070862 -0.09186296164989471 0.11019602417945862
v 0.17609292268753052 -0.10279626399278641 0.11016795039176941
v 0.2419263869524002 -0.17758338153362274 0.11485674977302551
v 0.20200000703334808 -0.18086504936218262 0.11442101001739502
v 0.1619616597890854 -0.17787137627601624 0.11485813558101654
v 0.16207362711429596 -0.07414363324642181 0.11435790359973907
v 0.20200000703334808 -0.07086631655693054 0.11389052867889404
v 0.24122048914432526 -0.07343774288892746 0.11435449123382568
v 0.24449999630451202 -0.16137297451496124 0.11077852547168732
v 0.2416338175535202 -0.07299987226724625 0.11035233736038208
v 0.24067248404026031 -0.17926815152168274 0.11086481809616089
v 0.1627795249223709 -0.17830856144428253 0.1108601987361908
v 0.15950000286102295 -0.16137297451496124 0.11077852547168732
v 0.16249153017997742 -0.07334507256746292 0.11035400629043579
v 0.2345000058412552 -0.1461646854877472 0.05220450460910797
v 0.2348819226026535 -0.14384187757968903 0.05198459327220917
v 0.2345000058412552 -0.14366793632507324 0.05152258276939392
v 0.2345000058412552 -0.1418466567993164 0.04968366026878357
v 0.2347862273454666 -0.1411857157945633 0.04610574245452881
v 0.2345000058412552 -0.141188845038414 0.04718044400215149
v 0.2345000058412552 -0.14187076687812805 0.04468372464179993
v 0.2347862273454666 -0.14463891088962555 0.04232233762741089
v 0.2345000058412552 -0.1437097042798996 0.04286244511604309
v 0.2345000058412552 -0.14621290564537048 0.04220461845397949
v 0.2345000058412552 -0.14162954688072205 0.049807608127593994
v 0.2345000058412552 -0.14354190230369568 0.05173848569393158
v 0.2345000058412552 -0.1461634784936905 0.05245450139045715
v 0.2345000058412552 -0.14866788685321808 0.051546692848205566
v 0.2345000058412552 -0.1487918347120285 0.05176380276679993
v 0.2345000058412552 -0.15050680935382843 0.04972541332244873
v 0.2345000058412552 -0.1507227122783661 0.049851447343826294
v 0.2345000058412552 -0.15118873119354248 0.04722866415977478
v 0.2345000058412552 -0.15143872797489166 0.047229886054992676
v 0.2345000058412552 -0.15053091943264008 0.04472547769546509
v 0.2345000058412552 -0.15074802935123444 0.04460152983665466
v 0.2345000058412552 -0.14870963990688324 0.042886555194854736
v 0.2345000058412552 -0.148835688829422 0.042670637369155884
v 0.2345000058412552 -0.14621411263942719 0.041954636573791504
v 0.2345000058412552 -0.14358575642108917 0.04264533519744873
v 0.2345000058412552 -0.1416548788547516 0.044557660818099976
v 0.2345000058412552 -0.14093884825706482 0.04717925190925598
v 0.2348819226026535 -0.15061131119728088 0.04423841834068298
v 0.2347862273454666 -0.14997217059135437 0.050657719373703
v 0.2037035971879959 -0.10268303006887436 0.09128108620643616
v 0.19952665269374847 -0.1026104986667633 0.09147053956985474
v 0.18968626856803894 -0.10664983838796616 0.0913453996181488
v 0.18950331211090088 -0.10626261681318283 0.09149672091007233
v 0.1857735514640808 -0.10825060307979584 0.09210515022277832
v 0.21465155482292175 -0.10552547872066498 0.09214794635772705
v 0.22533558309078217 -0.1204543486237526 0.09172467887401581
v 0.22419768571853638 -0.11737711727619171 0.09224064648151398
v 0.22418317198753357 -0.11664163321256638 0.09140387177467346
v 0.21419204771518707 -0.10564352571964264 0.09146744012832642
v 0.19971534609794617 -0.10229012370109558 0.09219355881214142
v 0.18186429142951965 -0.1138683632016182 0.0915248692035675
v 0.17914284765720367 -0.1200379729270935 0.09134098887443542
v 0.1777850091457367 -0.12583626806735992 0.09207263588905334
v 0.1785082072019577 -0.1307281106710434 0.09155486524105072
v 0.2244309037923813 -0.13204248249530792 0.09145539999008179
v 0.22475118935108185 -0.13229148089885712 0.09226126968860626
v 0.21822647750377655 -0.14369261264801025 0.09227609634399414
v 0.18486209213733673 -0.14322133362293243 0.09156104922294617
v 0.18416251242160797 -0.14159715175628662 0.0920678973197937
v 0.21765506267547607 -0.14270906150341034 0.091519296169281
v 0.21055297553539276 -0.1472342163324356 0.0915411114692688
v 0.199582040309906 -0.1502060890197754 0.09222018718719482
v 0.2013271152973175 -0.14902614057064056 0.09157827496528625
v 0.1898079365491867 -0.14630573987960815 0.09166353940963745
v 0.20224779844284058 -0.14931245148181915 0.0917043387889862
v 0.21066179871559143 -0.14764700829982758 0.09169629216194153
v 0.21790599822998047 -0.1430545449256897 0.09167414903640747
v 0.2238624095916748 -0.13441894948482513 0.0915922224521637
v 0.21311677992343903 0.15080232918262482 0.09527420997619629
v 0.216466024518013 0.1525709480047226 0.09554268419742584
v 0.23072077333927155 0.1374266892671585 0.09547820687294006
v 0.22957362234592438 0.13096149265766144 0.09536811709403992
v 0.17621773481369019 0.1347147524356842 0.09535139799118042
v 0.17831267416477203 0.1453622579574585 0.09557412564754486
v 0.1911861002445221 0.15113899111747742 0.09526810050010681
v 0.1930132508277893 0.15543264150619507 0.09529764950275421
v 0.17186538875102997 0.12302758544683456 0.09544104337692261
v 0.17890962958335876 0.11112947762012482 0.09546440839767456
v 0.19838307797908783 0.09536223858594894 0.09588634967803955
v 0.18083104491233826 0.10455495119094849 0.09575226902961731
v 0.19708941876888275 0.09954031556844711 0.09552019834518433
v 0.22593842446804047 0.10686951875686646 0.09575128555297852
v 0.21862410008907318 0.10408137738704681 0.09549650549888611
v 0.17495658993721008 0.13303686678409576 0.09871286153793335
v 0.18909195065498352 0.1497439742088318 0.09876349568367004
v 0.2062321901321411 0.15288501977920532 0.09872999787330627
v 0.22204004228115082 0.1441558599472046 0.09872764348983765
v 0.2298467606306076 0.1246267631649971 0.09893912076950073
v 0.21253149211406708 0.10028216242790222 0.09881508350372314
v 0.18876203894615173 0.10252144187688828 0.0989948958158493
v 0.1773536056280136 0.1145787388086319 0.0988607108592987
v 0.2153308391571045 0.1146969422698021 0.11309441924095154
v 0.20362335443496704 0.10949592292308807 0.11278463900089264
v 0.19055935740470886 0.11273887753486633 0.11309781670570374
v 0.21372264623641968 0.12070801109075546 0.108236163854599
v 0.21445609629154205 0.12923657894134521 0.11234980821609497
v 0.20699097216129303 0.114735446870327 0.11267057061195374
v 0.20094719529151917 0.11315198987722397 0.10826177895069122
v 0.1909990757703781 0.1194683313369751 0.11285188794136047
v 0.22224918007850647 0.15522417426109314 0.09184664487838745
v 0.23332788050174713 0.14201058447360992 0.09087604284286499
v 0.2370942085981369 0.12394129484891891 0.09223848581314087
v 0.16013474762439728 0.14384441077709198 0.051627665758132935
v 0.16175700724124908 0.13739575445652008 0.0466139018535614
v 0.16167187690734863 0.1421073079109192 0.05360308289527893
v 0.15992286801338196 0.14088749885559082 0.042351141571998596
v 0.16250993311405182 0.141477569937706 0.03815153241157532
v 0.16167490184307098 0.1495068222284317 0.037988364696502686
v 0.16004681587219238 0.1470782458782196 0.04000018537044525
v 0.21805697679519653 0.10404637455940247 0.08733829855918884
v 0.22889389097690582 0.12317665666341782 0.08734257519245148
v 0.22313828766345978 0.10759583860635757 0.0923556387424469
v 0.19589343667030334 0.09986837953329086 0.08726924657821655
v 0.1838003545999527 0.10483550280332565 0.09221567213535309
v 0.18192262947559357 0.10993193835020065 0.0867844969034195
v 0.17477451264858246 0.11833499372005463 0.09105774760246277
v 0.2019386738538742 0.09765730798244476 0.09234216809272766
v 0.17689073085784912 0.13260075449943542 0.08675064146518707
v 0.16001452505588531 0.14037099480628967 0.04785069823265076
v 0.17741185426712036 0.11427228897809982 0.03775596618652344
v 0.1878298670053482 0.10770254582166672 0.04858340322971344
v 0.1775742769241333 0.11483419686555862 0.05548092722892761
v 0.18610689043998718 0.11510314792394638 0.06885764002799988
v 0.1771741360425949 0.1294657289981842 0.07335260510444641
v 0.19015821814537048 0.12738488614559174 0.07955937087535858
v 0.1773974895477295 0.1478637456893921 0.07850393652915955
v 0.18779803812503815 0.15454909205436707 0.08332055807113647
v 0.18270212411880493 0.17039597034454346 0.07332035899162292
v 0.1759033352136612 0.17000797390937805 0.060490429401397705
v 0.1848296821117401 0.1809844970703125 0.059544965624809265
v 0.17599822580814362 0.17367959022521973 0.040160149335861206
v 0.18538810312747955 0.1837523728609085 0.04290613532066345
v 0.19593961536884308 0.11162290722131729 0.03987440466880798
v 0.19986072182655334 0.11833939701318741 0.04961666464805603
v 0.19837382435798645 0.11657191812992096 0.06058032810688019
v 0.19537776708602905 0.18162035942077637 0.042504191398620605
v 0.20012237131595612 0.16888479888439178 0.0621197372674942
v 0.1998714655637741 0.17344459891319275 0.04329518973827362
v 0.19819402694702148 0.1395559012889862 0.07848259806632996
v 0.1929035633802414 0.1748075783252716 0.06856602430343628
v 0.19847694039344788 0.15894770622253418 0.07538318634033203
v 0.22657410800457 0.11343760043382645 0.0489649772644043
v 0.21401116251945496 0.10803455859422684 0.0408945232629776
v 0.21876728534698486 0.11283586174249649 0.026919275522232056
v 0.22679857909679413 0.12644878029823303 0.02003362774848938
v 0.21396881341934204 0.12758196890354156 0.012196660041809082
v 0.21970950067043304 0.1378236562013626 0.009306848049163818
v 0.22675107419490814 0.14837457239627838 0.013727843761444092
v 0.21537630259990692 0.15043134987354279 0.008134514093399048
v 0.22692836821079254 0.16064618527889252 0.01737278699874878
v 0.21617010235786438 0.1669682264328003 0.01398417353630066
v 0.22336460649967194 0.1766093373298645 0.027682870626449585
v 0.21537631750106812 0.17813582718372345 0.02592945098876953
v 0.2166243940591812 0.1837928742170334 0.04230070114135742
v 0.22682584822177887 0.17783814668655396 0.04511287808418274
v 0.2277366667985916 0.11873190850019455 0.03842754662036896
v 0.20931579172611237 0.1166776716709137 0.024971961975097656
v 0.20454783737659454 0.11765115708112717 0.03294694423675537
v 0.2040080428123474 0.13158820569515228 0.021199703216552734
v 0.20788085460662842 0.15194930136203766 0.011083781719207764
v 0.2041403353214264 0.1522585153579712 0.01882702112197876
v 0.2052239626646042 0.1709083616733551 0.02570393681526184
v 0.21066510677337646 0.11105061322450638 0.059546127915382385
v 0.20536155998706818 0.1781272292137146 0.04179617762565613
v 0.2114473134279251 0.18179501593112946 0.054366081953048706
v 0.18915028870105743 0.12429637461900711 0.10826729238033295
v 0.1770331710577011 0.16956961154937744 0.11318257451057434
v 0.1770331710577011 0.16867724061012268 0.10918682813644409
v 0.16858837008476257 0.16571182012557983 0.11120115220546722
v 0.1756841391324997 0.08020041882991791 0.11144685745239258
v 0.16832485795021057 0.07999587804079056 0.10961450636386871
v 0.16696685552597046 0.08269752562046051 0.11360152065753937
v 0.2370331734418869 0.16956961154937744 0.11318257451057434
v 0.23653863370418549 0.16749046742916107 0.10919255018234253
v 0.22858835756778717 0.16571232676506042 0.11130641400814056
v 0.23607437312602997 0.12823417782783508 0.10923007130622864
v 0.2350851446390152 0.13452580571174622 0.09585124254226685
v 0.22963859140872955 0.14563585817813873 0.10899192094802856
v 0.2255035787820816 0.15041585266590118 0.09564748406410217
v 0.2173798680305481 0.1562170833349228 0.1090390682220459
v 0.2093983143568039 0.15929536521434784 0.09571580588817596
v 0.19676528871059418 0.1601661890745163 0.10891427099704742
v 0.18385836482048035 0.15562480688095093 0.09566229581832886
v 0.1748325228691101 0.14707940816879272 0.1091151237487793
v 0.168784037232399 0.13389907777309418 0.09594389796257019
v 0.1681378334760666 0.11939965933561325 0.10932421684265137
v 0.18458890914916992 0.1264544278383255 0.11309155821800232
v 0.18924245238304138 0.13800519704818726 0.11306706070899963
v 0.19273491203784943 0.1346808820962906 0.10825207829475403
v 0.20350363850593567 0.1387341171503067 0.10808318853378296
v 0.20181646943092346 0.1435202956199646 0.11289763450622559
v 0.1720304936170578 0.12481293827295303 0.11182868480682373
v 0.17120066285133362 0.12675698101520538 0.11329169571399689
v 0.17475803196430206 0.12333180755376816 0.11331932246685028
v 0.17620021104812622 0.12548255920410156 0.11188057065010071
v 0.17488253116607666 0.12846852838993073 0.11250881850719452
v 0.20078913867473602 0.10032226145267487 0.11250939965248108
v 0.19941486418247223 0.09667123109102249 0.11337064206600189
v 0.20133858919143677 0.09593627601861954 0.11201772093772888
v 0.20431925356388092 0.09847166389226913 0.11237972974777222
v 0.20423366129398346 0.1534910649061203 0.11174850165843964
v 0.20160536468029022 0.15135307610034943 0.11262235045433044
v 0.2040172517299652 0.15605366230010986 0.11317330598831177
v 0.2280304878950119 0.12481293827295303 0.11182868480682373
v 0.22718445956707 0.12676405906677246 0.11331287026405334
v 0.23075644671916962 0.12333705276250839 0.11331012845039368
v 0.23220022022724152 0.12548255920410156 0.1118805855512619
v 0.23086361587047577 0.12842971086502075 0.11246232688426971
v 0.16810132563114166 0.144072026014328 0.09279541671276093
v 0.16384586691856384 0.12690074741840363 0.08075051009654999
v 0.16448044776916504 0.11916443705558777 0.09327758848667145
v 0.16947712004184723 0.1457095742225647 0.079165518283844
v 0.23985369503498077 0.12402775138616562 0.07782196998596191
v 0.2398705631494522 0.12953005731105804 0.0930556058883667
v 0.23432956635951996 0.10497494041919708 0.09292858839035034
v 0.23860566318035126 0.11500583589076996 0.0648609846830368
v 0.22905795276165009 0.10132826119661331 0.07736238837242126
v 0.21434591710567474 0.0912570208311081 0.0829181969165802
v 0.2159612774848938 0.09080035984516144 0.09310734272003174
v 0.1965007334947586 0.08827327936887741 0.09311020374298096
v 0.18756692111492157 0.0895942747592926 0.08308804035186768
v 0.17596426606178284 0.09821238368749619 0.09311582148075104
v 0.16514535248279572 0.11345405876636505 0.0671958476305008
v 0.16749261319637299 0.12083738297224045 0.09215646982192993
v 0.1739073246717453 0.10522966086864471 0.0921962559223175
v 0.1683349758386612 0.11361216753721237 0.06707438826560974
v 0.18673548102378845 0.09358084201812744 0.08228608965873718
v 0.1888277232646942 0.09346422553062439 0.09229138493537903
v 0.21313390135765076 0.09235633909702301 0.09219557046890259
v 0.23034147918224335 0.10560166835784912 0.09221963584423065
v 0.23557798564434052 0.1151244193315506 0.0651005357503891
v 0.23684312403202057 0.12314263731241226 0.07844895124435425
v 0.16665704548358917 0.12534205615520477 0.0812465250492096
v 0.23580007255077362 0.13598793745040894 0.08357246220111847
v 0.23148183524608612 0.14531414210796356 0.07840040326118469
v 0.1991400271654129 0.13868795335292816 0.11299842596054077
v 0.21100856363773346 0.13523836433887482 0.10819992423057556
v 0.23149998486042023 0.15384484827518463 0.03863367438316345
v 0.22220639884471893 0.1396849900484085 0.03657755255699158
v 0.22220149636268616 0.15494760870933533 0.03949443995952606
v 0.22215910255908966 0.154454305768013 0.051591262221336365
v 0.23149998486042023 0.1473405361175537 0.05692268908023834
v 0.222184419631958 0.14590966701507568 0.056497424840927124
v 0.18181559443473816 0.1499018520116806 0.035908907651901245
v 0.17249999940395355 0.1490839123725891 0.03641809523105621
v 0.17249999940395355 0.15603113174438477 0.047161951661109924
v 0.18182526528835297 0.15651191771030426 0.04579475522041321
v 0.18182526528835297 0.14990559220314026 0.05568505823612213
v 0.17249999940395355 0.1423642337322235 0.055996373295784
v 0.21122956275939941 0.1532871425151825 0.0920875072479248
v 0.2036430686712265 0.15343768894672394 0.08760683238506317
v 0.1884009838104248 0.15043286979198456 0.09197871387004852
v 0.21964409947395325 0.11525160819292068 0.09040555357933044
v 0.22180627286434174 0.12801407277584076 0.086382657289505
v 0.21205689013004303 0.10882245749235153 0.08647520840167999
v 0.20421352982521057 0.10561053454875946 0.09052383899688721
v 0.18793945014476776 0.1111546978354454 0.08646395802497864
v 0.18802234530448914 0.11098019778728485 0.09048974514007568
v 0.18134334683418274 0.12907420098781586 0.09047751128673553
v 0.18425080180168152 0.13501974940299988 0.08634887635707855
v 0.22477154433727264 0.1485702246427536 0.03002151846885681
v 0.22221457958221436 0.1480516940355301 0.030018866062164307
v 0.22307094931602478 0.1335364729166031 0.03697079420089722
v 0.17998580634593964 0.1449519395828247 0.02201405167579651
v 0.17676347494125366 0.14786334335803986 0.02164706587791443
v 0.17685768008232117 0.13274352252483368 0.024678081274032593
v 0.17971664667129517 0.13269805908203125 0.025554358959197998
v 0.17993181943893433 0.12463932484388351 0.034624189138412476
v 0.17680028080940247 0.12162823230028152 0.04122734069824219
v 0.18010185658931732 0.12225724011659622 0.051528945565223694
v 0.17644578218460083 0.11883468180894852 0.044431716203689575
v 0.18008635938167572 0.13013991713523865 0.06377303600311279
v 0.1768299788236618 0.13115176558494568 0.06545986235141754
v 0.17994873225688934 0.14130820333957672 0.06927043199539185
v 0.17636816203594208 0.13626332581043243 0.06985056400299072
v 0.2136838287115097 0.13140280544757843 0.09002459049224854
v 0.21337637305259705 0.12068691104650497 0.0902346670627594
v 0.21380695700645447 0.12263340502977371 0.08653134107589722
v 0.20224767923355103 0.13841088116168976 0.08585917949676514
v 0.20130930840969086 0.1392037570476532 0.0901430994272232
v 0.18888528645038605 0.1281604766845703 0.09010185301303864
v 0.22708524763584137 0.13627520203590393 0.022790461778640747
v 0.22404544055461884 0.1492331624031067 0.022198230028152466
v 0.2243848741054535 0.1343565285205841 0.024257034063339233
v 0.227191761136055 0.12383561581373215 0.035316452383995056
v 0.2240908443927765 0.12504056096076965 0.03421178460121155
v 0.22399193048477173 0.12201491743326187 0.04386332631111145
v 0.22713176906108856 0.12158121913671494 0.04818713665008545
v 0.2242792695760727 0.12355656176805496 0.054778069257736206
v 0.22715331614017487 0.127694770693779 0.06245303153991699
v 0.22391338646411896 0.13076183199882507 0.06438308954238892
v 0.2271575778722763 0.14337041974067688 0.07034440338611603
v 0.19030945003032684 0.12408777326345444 0.08618980646133423
v 0.1993049532175064 0.15527690947055817 0.02266925573348999
v 0.19608429074287415 0.14685538411140442 0.021463662385940552
v 0.19931451976299286 0.13690873980522156 0.023016005754470825
v 0.19597318768501282 0.1325233429670334 0.026096880435943604
v 0.19932027161121368 0.12471198290586472 0.03290851414203644
v 0.19615645706653595 0.12215497344732285 0.039343059062957764
v 0.19927895069122314 0.12150634825229645 0.04890640079975128
v 0.19603943824768066 0.12334860116243362 0.05373188853263855
v 0.19927428662776947 0.12822766602039337 0.06318461894989014
v 0.19607186317443848 0.13394895195960999 0.06698575615882874
v 0.1992509663105011 0.15188735723495483 0.06979095935821533
v 0.19604842364788055 0.15113350749015808 0.06896054744720459
v 0.20469635725021362 0.1365988701581955 0.06902897357940674
v 0.20784558355808258 0.1367378532886505 0.06859703361988068
v 0.20467811822891235 0.12388717383146286 0.056650787591934204
v 0.2079937756061554 0.12633663415908813 0.05909499526023865
v 0.20804458856582642 0.12149863690137863 0.043033212423324585
v 0.20468269288539886 0.12144383788108826 0.04364171624183655
v 0.2046809196472168 0.12752960622310638 0.029160529375076294
v 0.20799139142036438 0.1335950791835785 0.0247957706451416
v 0.20468519628047943 0.14804713428020477 0.0204753577709198
v 0.20794203877449036 0.1494360864162445 0.02233368158340454
v 0.19703112542629242 0.1658271998167038 0.04366642236709595
v 0.19617904722690582 0.16321848332881927 0.06303682923316956
v 0.20799456536769867 0.15819677710533142 0.06676098704338074
v 0.20799680054187775 0.1701340526342392 0.04871654510498047
v 0.19461703300476074 0.13973121345043182 0.05972716212272644
v 0.1967715471982956 0.13142196834087372 0.052833735942840576
v 0.19235000014305115 0.1300392746925354 0.04411564767360687
v 0.1967715471982956 0.13466939330101013 0.03428930044174194
v 0.19235000014305115 0.144929900765419 0.02945670485496521
v 0.19682177901268005 0.1508156955242157 0.030986696481704712
v 0.21164999902248383 0.13438443839550018 0.03328019380569458
v 0.20717822015285492 0.15031707286834717 0.030827313661575317
v 0.20722846686840057 0.13419385254383087 0.034769460558891296
v 0.20719152688980103 0.13105426728725433 0.0509464293718338
v 0.21164999902248383 0.13414177298545837 0.05653767287731171
v 0.2071729451417923 0.13901714980602264 0.059552907943725586
v 0.21164999902248383 0.15005354583263397 0.060654327273368835
v 0.20721638202667236 0.1534479856491089 0.05987867712974548
v 0.2113155871629715 0.1499018520116806 0.035908907651901245
v 0.1927064061164856 0.1396849900484085 0.03657755255699158
v 0.19270148873329163 0.15494760870933533 0.03949443995952606
v 0.21134090423583984 0.1559935212135315 0.04365310072898865
v 0.19265910983085632 0.154454305768013 0.051591262221336365
v 0.2113252580165863 0.1533779352903366 0.05336415767669678
v 0.19267475605010986 0.1459094136953354 0.05650000274181366
v 0.2113155871629715 0.14171378314495087 0.055683836340904236
v 0.1926751434803009 0.13568589091300964 0.04950381815433502
v 0.2113252580165863 0.1351037174463272 0.04579800367355347
v 0.21134090423583984 0.13992981612682343 0.03720620274543762
v 0.21164999902248383 0.15533259510993958 0.033628255128860474
v 0.21164999902248383 0.16135482490062714 0.04892084002494812
v 0.20722846686840057 0.16155530512332916 0.04288192093372345
v 0.19548791646957397 0.16002097725868225 0.04078851640224457
v 0.19235000014305115 0.15954291820526123 0.05469037592411041
v 0.20789678394794464 0.16257980465888977 0.02806803584098816
v 0.1967715471982956 0.15694621205329895 0.057303473353385925
v 0.19600240886211395 0.16102905571460724 0.027485698461532593
v 0.20467250049114227 0.15727441012859344 0.06770187616348267
v 0.2046785205602646 0.1678876429796219 0.05632145702838898
v 0.20467814803123474 0.17013899981975555 0.0432688444852829
v 0.20424948632717133 0.16486291587352753 0.02912592887878418
v 0.19609758257865906 0.17028048634529114 0.04269224405288696
v 0.20451508462429047 0.11850961297750473 0.042615264654159546
v 0.20451508462429047 0.17307406663894653 0.042352139949798584
v 0.20392872393131256 0.16816960275173187 0.06303678452968597
v 0.20401328802108765 0.11923128366470337 0.05691540241241455
v 0.20451508462429047 0.1525135040283203 0.07244867086410522
v 0.2042749524116516 0.12641242146492004 0.06810376048088074
v 0.1993159055709839 0.16534921526908875 0.06050965189933777
v 0.19932186603546143 0.17016224563121796 0.04808911681175232
v 0.19932147860527039 0.16778509318828583 0.035058826208114624
v 0.20011566579341888 0.16855229437351227 0.029645442962646484
v 0.20012305676937103 0.15263818204402924 0.018369734287261963
v 0.1994849294424057 0.1525135189294815 0.07244867086410522
v 0.19949576258659363 0.13005681335926056 0.06885276734828949
v 0.20019519329071045 0.1356077939271927 0.01951354742050171
v 0.20001661777496338 0.12132137268781662 0.03222173452377319
v 0.20478986203670502 0.1380527913570404 0.0757192075252533
v 0.2059081643819809 0.15861257910728455 0.07637497782707214
v 0.21410252153873444 0.1756095290184021 0.06936125457286835
v 0.21430954337120056 0.14492858946323395 0.08401085436344147
v 0.21386198699474335 0.12943919003009796 0.08013737201690674
v 0.2166135162115097 0.16293035447597504 0.07987794280052185
v 0.21998220682144165 0.17995516955852509 0.06070040166378021
v 0.21999555826187134 0.12185809016227722 0.07433542609214783
v 0.22048407793045044 0.1111752837896347 0.060304298996925354
v 0.22703953087329865 0.1698904186487198 0.06763087213039398
v 0.22698713839054108 0.15586425364017487 0.07631319761276245
v 0.22704072296619415 0.13506610691547394 0.07625080645084381
v 0.22745974361896515 0.17301474511623383 0.04896685481071472
v 0.22787000238895416 0.16846637427806854 0.03489847481250763
v 0.2275344282388687 0.16193869709968567 0.06892657279968262
v 0.22748084366321564 0.1597714126110077 0.02206060290336609
v 0.22748984396457672 0.14248566329479218 0.01866266131401062
v 0.2274755984544754 0.12112908065319061 0.05727294087409973
v 0.22749163210391998 0.13462524116039276 0.07144924998283386
v 0.22748081386089325 0.12638045847415924 0.026278525590896606
v 0.19467435777187347 0.16901323199272156 0.018464356660842896
v 0.19467440247535706 0.11681811511516571 0.024698376655578613
v 0.1940937489271164 0.1483663022518158 0.009549975395202637
v 0.18984174728393555 0.13020896911621094 0.010912030935287476
v 0.18811571598052979 0.17711800336837769 0.024230748414993286
v 0.1873316466808319 0.16418756544589996 0.012647420167922974
v 0.18402062356472015 0.14807291328907013 0.008202940225601196
v 0.1848296821117401 0.12008000165224075 0.01814672350883484
v 0.18733160197734833 0.11137805134057999 0.029945194721221924
v 0.17767666280269623 0.16966886818408966 0.022921204566955566
v 0.1766233891248703 0.13691982626914978 0.014928072690963745
v 0.17651508748531342 0.12326536327600479 0.061517342925071716
v 0.17651508748531342 0.15225617587566376 0.019080638885498047
v 0.17624454200267792 0.16638709604740143 0.0296955406665802
v 0.17651508748531342 0.1525135189294815 0.07244867086410522
v 0.1765042394399643 0.12983515858650208 0.022893071174621582
v 0.22718609869480133 0.16977056860923767 0.05229009687900543
v 0.22716201841831207 0.1592804342508316 0.06609681248664856
v 0.22712953388690948 0.1568911224603653 0.023839622735977173
v 0.20087866485118866 0.11329900473356247 0.08619338274002075
v 0.223967045545578 0.14763297140598297 0.06950411200523376
v 0.22426412999629974 0.1590954214334488 0.06591667234897614
v 0.22415028512477875 0.1686064600944519 0.053736358880996704
v 0.22427646815776825 0.16862575709819794 0.03724987804889679
v 0.2242288738489151 0.15875126421451569 0.025467664003372192
v 0.20637227594852448 0.11425254493951797 0.09025883674621582
v 0.19554287195205688 0.11505858600139618 0.09022080898284912
v 0.17679990828037262 0.16999007761478424 0.05033794045448303
v 0.1768299639225006 0.16046389937400818 0.026132941246032715
v 0.17684754729270935 0.158882275223732 0.06691339612007141
v 0.17957836389541626 0.1570422649383545 0.0241318941116333
v 0.18002131581306458 0.16828908026218414 0.03714427351951599
v 0.17975904047489166 0.16869230568408966 0.05413058400154114
v 0.1799384355545044 0.15658001601696014 0.06749007105827332
v 0.22324463725090027 0.13128307461738586 0.049246788024902344
v 0.2248217612504959 0.1607326865196228 0.041142940521240234
v 0.22477154433727264 0.15694621205329895 0.057303473353385925
v 0.22301441431045532 0.1379905641078949 0.05885674059391022
v 0.1787043660879135 0.16261643171310425 0.048492759466171265
v 0.20668238401412964 0.14654721319675446 0.09030929207801819
v 0.2217290699481964 0.13167661428451538 0.09041857719421387
v 0.19031992554664612 0.14266659319400787 0.09030933678150177
v 0.22218531370162964 0.14834937453269958 0.060827165842056274
v 0.22221457958221436 0.16011975705623627 0.052805930376052856
v 0.22218531370162964 0.15931758284568787 0.03873446583747864
v 0.15985022485256195 0.15050862729549408 0.04972653090953827
v 0.16001726686954498 0.15101824700832367 0.04371371865272522
v 0.18019025027751923 0.16027095913887024 0.041019782423973083
v 0.18032200634479523 0.15043075382709503 0.03133136034011841
v 0.18019002676010132 0.13895975053310394 0.03251516819000244
v 0.1803010255098343 0.13039860129356384 0.04343192279338837
v 0.18041810393333435 0.13786950707435608 0.05891861021518707
v 0.1804952323436737 0.15437942743301392 0.05879293382167816
v 0.2058006078004837 0.14609648287296295 0.08629545569419861
v 0.1818409115076065 0.13992981612682343 0.03720620274543762
v 0.18181559443473816 0.13510628044605255 0.04579773545265198
v 0.1818409115076065 0.14012092351913452 0.05451425909996033
v 0.222166508436203 0.13568401336669922 0.04950498044490814
v 0.21807949244976044 0.14602646231651306 0.08648175001144409
v 0.1868865191936493 0.14684855937957764 0.0867677628993988
v 0.17616614699363708 0.13784734904766083 0.09212401509284973
v 0.22645191848278046 0.13988949358463287 0.09173822402954102
v 0.230046346783638 0.12625904381275177 0.09229788184165955
v 0.16175498068332672 0.1542178988456726 0.044978976249694824
v 0.16251032054424286 0.150145024061203 0.053439393639564514
v 0.24102531373500824 0.14130176603794098 0.03750613331794739
v 0.2409549206495285 0.1511244922876358 0.03791359066963196
v 0.2408355325460434 0.1553989201784134 0.04607175290584564
v 0.2407722920179367 0.14079464972019196 0.05400678515434265
v 0.24093009531497955 0.1503296047449112 0.05415843427181244
v 0.24085630476474762 0.136273592710495 0.045493364334106445
v 0.17249999940395355 0.13688528537750244 0.04062248766422272
v 0.2348337322473526 0.15417376160621643 0.04221123456954956
v 0.2348192185163498 0.1415281593799591 0.038400739431381226
v 0.23466624319553375 0.15016528964042664 0.053402066230773926
v 0.234812930226326 0.1411304771900177 0.052968427538871765
v 0.23479999601840973 0.13599297404289246 0.04584372043609619
v 0.23149998486042023 0.136114701628685 0.04111218452453613
v 0.16883738338947296 0.13708481192588806 0.09215682744979858
v 0.2066592574119568 0.1600901335477829 0.09210997819900513
v 0.17854753136634827 0.15252020955085754 0.0917399525642395
v 0.16912467777729034 0.1411457508802414 0.03741362690925598
v 0.1692264825105667 0.15102052688598633 0.037845999002456665
v 0.16902539134025574 0.15543949604034424 0.0460146963596344
v 0.16925093531608582 0.15047521889209747 0.054087623953819275
v 0.1685267835855484 0.14097507297992706 0.0543384850025177
v 0.1693282425403595 0.1361975073814392 0.04624509811401367
v 0.19132277369499207 0.15947668254375458 0.09163618087768555
v 0.17390821874141693 0.1564112901687622 0.08358117938041687
v 0.17081250250339508 0.1613263189792633 0.03489714860916138
v 0.17093999683856964 0.13619464635849 0.033893883228302
v 0.17104393243789673 0.11857651174068451 0.060069113969802856
v 0.17228060960769653 0.12951098382472992 0.07601878046989441
v 0.17248021066188812 0.14510248601436615 0.07914558053016663
v 0.23436520993709564 0.13456420600414276 0.07010695338249207
v 0.2340068370103836 0.1295190006494522 0.07120686769485474
v 0.2344072014093399 0.13179482519626617 0.06846146285533905
v 0.234608456492424 0.138331800699234 0.04583244025707245
v 0.23149998486042023 0.16053377091884613 0.034195467829704285
v 0.2341332584619522 0.13692143559455872 0.03338029980659485
v 0.23407842218875885 0.11887149512767792 0.059623390436172485
v 0.23265881836414337 0.15698179602622986 0.07883933186531067
v 0.23172424733638763 0.12942829728126526 0.07600724697113037
v 0.16964606940746307 0.1570827215909958 0.07798421382904053
v 0.17928072810173035 0.15540039539337158 0.08525162935256958
v 0.23459620773792267 0.13191500306129456 0.07552693784236908
v 0.23463912308216095 0.1458694189786911 0.07889038324356079
v 0.2344939261674881 0.16263435781002045 0.03588953614234924
v 0.2345000058412552 0.13404913246631622 0.035946428775787354
v 0.22435040771961212 0.1556214839220047 0.08524645864963531
v 0.20092754065990448 0.1562160700559616 0.11192017793655396
v 0.16943584382534027 0.12966544926166534 0.07480230927467346
v 0.18044252693653107 0.16009682416915894 0.08624343574047089
v 0.21472565829753876 0.16387677192687988 0.08670493960380554
v 0.23740191757678986 0.13907037675380707 0.08164694905281067
v 0.23442406952381134 0.14521504938602448 0.06807439029216766
v 0.23441295325756073 0.14583981037139893 0.06771382689476013
v 0.23438943922519684 0.13950130343437195 0.06840240955352783
v 0.23441950976848602 0.13915595412254333 0.06966546177864075
v 0.23444025218486786 0.1390284299850464 0.06621602177619934
v 0.23442523181438446 0.1345738172531128 0.06586426496505737
v 0.2343931347131729 0.1335369497537613 0.06345449388027191
v 0.23442892730236053 0.1310606449842453 0.062099963426589966
v 0.23444531857967377 0.14592130482196808 0.06365829706192017
v 0.23440183699131012 0.14164383709430695 0.06367698311805725
v 0.2344386726617813 0.14749597012996674 0.0670737475156784
v 0.23438255488872528 0.1472702920436859 0.06887486577033997
v 0.2343989461660385 0.1527920663356781 0.06711545586585999
v 0.23438437283039093 0.15235327184200287 0.06450435519218445
v 0.23441733419895172 0.14892923831939697 0.06311888992786407
v 0.23443789780139923 0.14347071945667267 0.06203150749206543
v 0.2344203144311905 0.13994261622428894 0.06254616379737854
v 0.2343958467245102 0.13693879544734955 0.06416723132133484
v 0.23441334068775177 0.13696688413619995 0.061677008867263794
v 0.22697199881076813 0.15698960423469543 0.08573664724826813
v 0.18720240890979767 0.16460320353507996 0.0876028835773468
v 0.22966231405735016 0.15230420231819153 0.09327119588851929
v 0.2184913605451584 0.1339094638824463 0.112996906042099
v 0.2102726548910141 0.16227392852306366 0.09422650933265686
v 0.16848674416542053 0.1197671964764595 0.09577253460884094
v 0.2349904328584671 0.11783760786056519 0.09580722451210022
v 0.17650364339351654 0.10359993577003479 0.09590156376361847
v 0.1891034096479416 0.0947132483124733 0.09592732787132263
v 0.21123741567134857 0.09289081394672394 0.09594494104385376
v 0.22616933286190033 0.1022883802652359 0.09598889946937561
v 0.16146507859230042 0.1263139843940735 0.11299940943717957
v 0.24299393594264984 0.12647069990634918 0.11294831335544586
v 0.20205752551555634 0.08806295692920685 0.11309343576431274
v 0.20200000703334808 0.16431473195552826 0.11276435852050781
v 0.18168435990810394 0.0984322801232338 0.1091727614402771
v 0.20414316654205322 0.0920918807387352 0.10930848121643066
v 0.22790588438510895 0.10302402079105377 0.10917527973651886
v 0.20200000703334808 0.18113075196743011 0.11267521977424622
v 0.16207362711429596 0.17785345017910004 0.11314262449741364
v 0.16971063613891602 0.1730886846780777 0.11116558313369751
v 0.23054002225399017 0.17365308105945587 0.11076284945011139
v 0.2420383244752884 0.17814144492149353 0.11314123868942261
v 0.2354116290807724 0.08653323352336884 0.1110023558139801
v 0.2419263869524002 0.0744137093424797 0.11364147067070007
v 0.23509524762630463 0.0800291895866394 0.11161436140537262
v 0.22890476882457733 0.08621744066476822 0.1111229658126831
v 0.22858835756778717 0.07971201837062836 0.1114492267370224
v 0.20200000703334808 0.07113202661275864 0.11320570111274719
v 0.1727675348520279 0.08792662620544434 0.11042475700378418
v 0.1627795249223709 0.07370781898498535 0.11364486813545227
v 0.15950000286102295 0.16160446405410767 0.10922093689441681
v 0.16236619651317596 0.07323136180639267 0.10964712500572205
v 0.16332753002643585 0.17949962615966797 0.10913464426994324
v 0.24122048914432526 0.17854003608226776 0.10913926362991333
v 0.24449999630451202 0.16160446405410767 0.10922093689441681
v 0.24150849878787994 0.07357656955718994 0.10964545607566833
v 0.16949999332427979 0.14583192765712738 0.05079631507396698
v 0.16911809146404266 0.14621654152870178 0.051105767488479614
v 0.16949999332427979 0.1433287262916565 0.05013851821422577
v 0.16921377182006836 0.14094077050685883 0.0473933070898056
v 0.16949999332427979 0.14148978888988495 0.04831722378730774
v 0.16949999332427979 0.1408078670501709 0.04582050442695618
v 0.16911809146404266 0.14279915392398834 0.041402667760849
v 0.16949999332427979 0.1414656788110733 0.0433172881603241
v 0.16949999332427979 0.14328695833683014 0.041478365659713745
v 0.16949999332427979 0.1457836925983429 0.0407964289188385
v 0.16949999332427979 0.14583313465118408 0.05104631185531616
v 0.16949999332427979 0.14832866191864014 0.05011439323425293
v 0.16949999332427979 0.1484547108411789 0.05033029615879059
v 0.16949999332427979 0.15014994144439697 0.04827547073364258
v 0.16949999332427979 0.15036705136299133 0.048399418592453
v 0.16949999332427979 0.15080775320529938 0.0457722544670105
v 0.16949999332427979 0.15105774998664856 0.04577106237411499
v 0.16949999332427979 0.15012583136558533 0.043275535106658936
v 0.16949999332427979 0.15034173429012299 0.043149471282958984
v 0.16949999332427979 0.14828689396381378 0.0414542555809021
v 0.16949999332427979 0.1484108567237854 0.04123714566230774
v 0.16949999332427979 0.1457824856042862 0.04054644703865051
v 0.16949999332427979 0.14316090941429138 0.04126244783401489
v 0.16949999332427979 0.14124856889247894 0.04319334030151367
v 0.16949999332427979 0.14055787026882172 0.045821696519851685
v 0.16949999332427979 0.1412738859653473 0.04844328761100769
v 0.16949999332427979 0.14320476353168488 0.050355613231658936
v 0.16921378672122955 0.14922431111335754 0.04197987914085388
v 0.16921377182006836 0.1508212685585022 0.0468469113111496
v 0.19008560478687286 0.10601434856653214 0.09031394124031067
v 0.179808109998703 0.11916802823543549 0.0902443528175354
v 0.1835249960422516 0.11176057159900665 0.09044529497623444
v 0.20132702589035034 0.10297110676765442 0.09036293625831604
v 0.19180317223072052 0.10485594719648361 0.09047003090381622
v 0.20224781334400177 0.1026846244931221 0.09048902988433838
v 0.22301733493804932 0.11335489153862 0.0900874137878418
v 0.21476535499095917 0.10604628175497055 0.09044656157493591
v 0.22562257945537567 0.12196844816207886 0.09033620357513428
v 0.18416252732276917 0.11039996147155762 0.09085240960121155
v 0.17952044308185577 0.11960374563932419 0.09042838215827942
v 0.1786298304796219 0.12191420048475266 0.09096404910087585
v 0.19958195090293884 0.10179106146097183 0.09100456535816193
v 0.1790633499622345 0.13143499195575714 0.09052199125289917
v 0.21822650730609894 0.10830454528331757 0.09106054902076721
v 0.22621504962444305 0.12588900327682495 0.09085869789123535
v 0.1800130158662796 0.13297739624977112 0.09021823108196259
v 0.18577352166175842 0.14374639093875885 0.09088963270187378
v 0.20267295837402344 0.1490727961063385 0.09014058113098145
v 0.199715256690979 0.1497069150209427 0.0909779965877533
v 0.2167486995458603 0.14541448652744293 0.09087759256362915
v 0.22293449938297272 0.13569417595863342 0.0902051329612732
v 0.18353679776191711 0.13959406316280365 0.09015780687332153
v 0.19138941168785095 0.14650759100914001 0.09012246131896973
v 0.21000154316425323 0.14749425649642944 0.09011971950531006
v 0.2172180563211441 0.14315380156040192 0.09014064073562622
v 0.22278107702732086 0.1366470456123352 0.090325266122818
v 0.21019969880580902 0.14787408709526062 0.09027111530303955
v 0.2017522007226944 0.1493605524301529 0.0902639627456665
v 0.19125348329544067 0.14691539108753204 0.09026718139648438
v 0.1832263320684433 0.13988906145095825 0.09030961990356445
v 0.17958208918571472 0.13237585127353668 0.09032435715198517
v 0.2175397276878357 0.1434364914894104 0.09029251337051392
v 0.08298023045063019 0.21000000834465027 0.13805925846099854
v 0.06812925636768341 0.2110000103712082 0.14050012826919556
v 0.0813802182674408 0.21199999749660492 0.13852545619010925
v 0.08290590345859528 0.21128571033477783 0.1179913580417633
v 0.12351727485656738 -0.20100001990795135 0.07805855572223663
v 0.12241843342781067 -0.2000434845685959 0.08280467987060547
v 0.12145091593265533 -0.2003077119588852 0.08752906322479248
v 0.13045737147331238 -0.20007693767547607 0.08292612433433533
v 0.13077011704444885 -0.21199999749660492 0.09062084555625916
v 0.12946608662605286 -0.20046667754650116 0.08843699097633362
v 0.11830221116542816 -0.21199999749660492 0.08433234691619873
v 0.12087520956993103 -0.19900000095367432 0.0774381160736084
v 0.1335618942975998 -0.19900000095367432 0.07987521588802338
v 0.13247598707675934 -0.19900000095367432 0.090853750705719
v 0.11976213753223419 -0.19900000095367432 0.09235033392906189
v 0.13223786652088165 -0.21000000834465027 0.09235033392906189
v 0.12687310576438904 -0.21000000834465027 0.07493367791175842
v 0.11778086423873901 -0.21000000834465027 0.08898642659187317
v 0.12139961123466492 0.2003125101327896 0.08722087740898132
v 0.11830221116542816 0.21199999749660492 0.0856676697731018
v 0.12974898517131805 0.20040000975131989 0.08853021264076233
v 0.12991896271705627 0.21199999749660492 0.09078264236450195
v 0.13077013194561005 0.21199999749660492 0.07937917113304138
v 0.13112479448318481 0.19900000095367432 0.0774381160736084
v 0.1224043071269989 0.20021741092205048 0.08200016617774963
v 0.11593367159366608 0.19900000095367432 0.08412691950798035
v 0.13223786652088165 0.19900000095367432 0.09235033392906189
v 0.12969227135181427 0.2003333419561386 0.08170971274375916
v 0.1186496764421463 0.21000000834465027 0.07876214385032654
v 0.1335618942975998 0.21000000834465027 0.07987521588802338
v 0.2759999930858612 0.057596154510974884 0.08178907632827759
v 0.2751724123954773 0.06579069048166275 0.08230404555797577
v 0.27399998903274536 0.05596001073718071 0.08359406888484955
v 0.27539998292922974 0.060702282935380936 0.08967745304107666
v 0.2759999930858612 -0.06610571593046188 0.08899304270744324
v 0.27399998903274536 -0.06893767416477203 0.0859508216381073
v 0.2750588059425354 -0.059126079082489014 0.08758500218391418
v 0.2754074037075043 -0.06532613188028336 0.08146736025810242
v 0.2759999930858612 -0.05571478605270386 0.08804842829704285
v 0.2751724123954773 -0.058140404522418976 0.08220389485359192
v 0.28700000047683716 -0.06762083619832993 0.08977013826370239
v 0.28700000047683716 -0.06647638976573944 0.08004778623580933
v 0.28700000047683716 -0.05637916550040245 0.08022987842559814
v 0.28700000047683716 0.06640319526195526 0.09018847346305847
v 0.28700000047683716 0.05530507117509842 0.08621907234191895
v 0.28700000047683716 0.06429174542427063 0.07859250903129578
v 0.27399998903274536 0.0613427571952343 0.07588884234428406
v 0.27399998903274536 0.07148449867963791 0.08672699332237244
v 0.2753043472766876 0.06659948080778122 0.08686716854572296
v 0.27399998903274536 0.058013591915369034 0.09321913123130798
v 0.2850000262260437 0.058753352612257004 0.09407730400562286
v 0.2850000262260437 0.07111118733882904 0.08565723896026611
v 0.2850000262260437 0.05772295221686363 0.07584577798843384
v 0.27399998903274536 -0.05772295221686363 0.07584577798843384
v 0.27399998903274536 -0.0587533563375473 0.09407730400562286
v 0.2850000262260437 -0.055762145668268204 0.09235033392906189
v 0.2850000262260437 -0.05687522143125534 0.0774381160736084
v 0.09521655738353729 0.210916668176651 0.06514304876327515
v 0.0941174179315567 0.21114285290241241 0.05640900135040283
v 0.08243955671787262 0.21171428263187408 0.06670808792114258
v 0.08515284955501556 0.21025000512599945 0.0954696387052536
v 0.12687310576438904 0.21000000834465027 0.09506633877754211
v 0.09460221230983734 0.210999995470047 0.09664270281791687
v 0.09448546171188354 0.21000000834465027 0.10551148653030396
v 0.051691751927137375 0.21103030443191528 0.15874028205871582
v 0.20643261075019836 0.21072201430797577 0.16050001978874207
v 0.20778362452983856 0.20967887341976166 0.04900002479553223
v 0.0765346884727478 0.2109600007534027 0.05123697221279144
v 0.08316034078598022 0.21066667139530182 0.10658857226371765
v 0.08243955671787262 -0.21025000512599945 0.06670808792114258
v 0.08515284955501556 -0.21175000071525574 0.0954696387052536
v 0.09503073990345001 -0.21109090745449066 0.09692811965942383
v 0.08686716854572296 -0.21125000715255737 0.12690870463848114
v 0.08031374216079712 -0.210999995470047 0.13932570815086365
v 0.20738831162452698 -0.20978449285030365 0.16050001978874207
v 0.05164078250527382 -0.21000000834465027 0.15877677500247955
v 0.21055451035499573 -0.2097417563199997 0.04900002479553223
v 0.0939355343580246 -0.21104761958122253 0.05634942650794983
v 0.09523287415504456 -0.2110000103712082 0.06511335074901581
v 0.06812925636768341 -0.210999995470047 0.14050012826919556
v 0.09535638988018036 -0.21000000834465027 0.10514320433139801
v 0.08065660297870636 -0.210999995470047 0.10983189940452576
v 0.0765346884727478 -0.21095652878284454 0.05123697221279144
v 0.19499999284744263 -0.21199999749660492 0.04900002479553223
v 0.09383535385131836 -0.21199999749660492 0.10578495264053345
v 0.05174305662512779 -0.21199999749660492 0.15869957208633423
v 0.208466574549675 -0.21156516671180725 0.16050001978874207
v 0.12991896271705627 -0.21199999749660492 0.07921738922595978
v 0.2084665596485138 0.21156516671180725 0.04900002479553223
v 0.09469398856163025 0.21199999749660492 0.10556553304195404
v 0.24211837351322174 0.1984485685825348 0.16050001978874207
v 0.24468381702899933 0.195649191737175 0.04900002479553223
v 0.2706492245197296 0.1696837842464447 0.16050001978874207
v 0.2734486162662506 0.16711834073066711 0.04900002479553223
v 0.2846788763999939 0.13278360664844513 0.16050001978874207
v 0.2859612703323364 0.13037976622581482 0.04900002479553223
v 0.2847420871257782 -0.1325470209121704 0.04900002479553223
v 0.2850000262260437 -0.07206633687019348 0.08412691950798035
v 0.285892128944397 -0.13068395853042603 0.16050001978874207
v 0.2734486162662506 -0.1671183556318283 0.16050001978874207
v 0.2706492245197296 -0.1696837693452835 0.04900002479553223
v 0.24468381702899933 -0.195649191737175 0.16050001978874207
v 0.24211837351322174 -0.19844858348369598 0.04900002479553223
v 0.24578790366649628 -0.1973302811384201 0.16050001978874207
v 0.27233031392097473 -0.17078785598278046 0.04900002479553223
v 0.2865651845932007 -0.13346648216247559 0.04900002479553223
v 0.2865651845932007 0.13346648216247559 0.16050001978874207
v 0.28700000047683716 -0.057523611932992935 0.08995223045349121
v 0.27233031392097473 0.17078785598278046 0.16050001978874207
v 0.24578790366649628 0.1973302662372589 0.04900002479553223
v -0.13645190000534058 0.20000001788139343 0.05766667425632477
v -0.13645190000534058 0.21000000834465027 0.05833335220813751
v -0.2082062065601349 0.19914817810058594 0.05800001323223114
v -0.22376671433448792 0.20823438465595245 0.05900001525878906
v -0.24569779634475708 0.18357299268245697 0.05800001323223114
v -0.2762005627155304 0.16200031340122223 0.05900001525878906
v -0.270976185798645 0.14658530056476593 0.05800001323223114
v -0.2750000059604645 0.11999999731779099 0.05833335220813751
v -0.2853614389896393 0.12036807090044022 0.05733335018157959
v -0.27258652448654175 0.1666005700826645 0.05700001120567322
v -0.23091498017311096 0.20517189800739288 0.05700001120567322
v -0.2750000059604645 -0.11999999731779099 0.05766667425632477
v -0.2853614389896393 -0.12036807090044022 0.05866667628288269
v -0.2709762156009674 -0.14658525586128235 0.05800001323223114
v -0.27258655428886414 -0.1666005551815033 0.05900001525878906
v -0.24569779634475708 -0.18357299268245697 0.05800001323223114
v -0.22690001130104065 -0.20762719213962555 0.05900001525878906
v -0.2082062065601349 -0.19914817810058594 0.05800001323223114
v -0.13645190000534058 -0.20000001788139343 0.05833335220813751
v -0.13645190000534058 -0.21000000834465027 0.05766667425632477
v -0.22822491824626923 -0.20578554272651672 0.05700001120567322
v -0.276200532913208 -0.16200032830238342 0.05700001120567322
v -0.13645190000534058 0.20000001788139343 0.17766667902469635
v -0.13645190000534058 0.21000000834465027 0.1783333569765091
v -0.21666227281093597 0.19806289672851562 0.17800001800060272
v -0.22376671433448792 0.20823438465595245 0.17900002002716064
v -0.2519173324108124 0.17691731452941895 0.17800001800060272
v -0.2801719307899475 0.15591496229171753 0.17900002002716064
v -0.27306291460990906 0.14166225492954254 0.17800001800060272
v -0.2734985947608948 -0.13865460455417633 0.1778000146150589
v -0.2817007303237915 -0.1515587866306305 0.17900002002716064
v -0.2580512762069702 -0.17028169333934784 0.17800001800060272
v -0.22166109085083008 -0.19714097678661346 0.17814287543296814
v -0.22690001130104065 -0.20762719213962555 0.17900002002716064
v -0.13645190000534058 -0.20000001788139343 0.1783333569765091
v -0.13645190000534058 -0.21000000834465027 0.17766667902469635
v -0.22376671433448792 -0.20823438465595245 0.1770000159740448
v -0.2826271951198578 -0.15189999341964722 0.1770000159740448
v -0.2832343876361847 0.14876669645309448 0.1770000159740448
v -0.22690001130104065 0.20762719213962555 0.1770000159740448
v -0.18149085342884064 -0.20100001990795135 0.19982020556926727
v -0.1763981580734253 -0.2003333419561386 0.20501774549484253
v -0.18458157777786255 -0.2000434845685959 0.2048046886920929
v -0.18642565608024597 -0.20037932693958282 0.20891791582107544
v -0.1747826337814331 -0.21199999749660492 0.21161648631095886
v -0.17733871936798096 -0.20026667416095734 0.2103373408317566
v -0.18812474608421326 -0.21199999749660492 0.20865648984909058
v -0.1751280575990677 -0.20006251335144043 0.15485452115535736
v -0.17622989416122437 -0.21199999749660492 0.16262085735797882
v -0.17730773985385895 -0.2003333419561386 0.16029031574726105
v -0.1855490803718567 -0.2003077119588852 0.15952908992767334
v -0.18728522956371307 -0.21199999749660492 0.1600484400987625
v -0.1758752465248108 -0.19900000095367432 0.1645619124174118
v -0.18856190145015717 -0.19900000095367432 0.16212478280067444
v -0.18469227850437164 -0.2003333419561386 0.15370973944664001
v -0.18424662947654724 -0.19900000095367432 0.14792272448539734
v -0.17364968359470367 -0.21000000834465027 0.1507621854543686
v -0.18856190145015717 -0.21000000834465027 0.15187525749206543
v -0.17476215958595276 -0.19900000095367432 0.19964969158172607
v -0.18012692034244537 -0.19900000095367432 0.21706636250019073
v -0.1892191469669342 -0.19900000095367432 0.20301362872123718
v -0.17151552438735962 -0.21000000834465027 0.20527304708957672
v -0.1849863976240158 -0.21000000834465027 0.1987808644771576
v -0.18678928911685944 -0.21000000834465027 0.2152811735868454
v -0.1862039715051651 0.20037144422531128 0.20863975584506989
v -0.1878233402967453 0.21199999749660492 0.20971530675888062
v -0.17779551446437836 0.20040000975131989 0.21069809794425964
v -0.1741480529308319 0.21199999749660492 0.21055658161640167
v -0.17624768614768982 0.20015385746955872 0.20520660281181335
v -0.18348272144794464 0.20100001990795135 0.16394148766994476
v -0.17564904689788818 0.19997143745422363 0.1589972972869873
v -0.18458157777786255 0.2000434845685959 0.15919536352157593
v -0.18554909527301788 0.2003077119588852 0.15447096526622772
v -0.1867826282978058 0.21199999749660492 0.1609189659357071
v -0.1753791868686676 0.21199999749660492 0.16177013516426086
v -0.1758752465248108 0.19900000095367432 0.14943812787532806
v -0.18856190145015717 0.19900000095367432 0.15187525749206543
v -0.18424662947654724 0.19900000095367432 0.16607731580734253
v -0.17767389118671417 0.20040741562843323 0.15346737205982208
v -0.19106633961200714 0.21000000834465027 0.15787310898303986
v -0.17701362073421478 0.21000000834465027 0.14878088235855103
v -0.17364968359470367 0.21000000834465027 0.16323785483837128
v -0.17672297358512878 0.19900000095367432 0.21615426242351532
v -0.1758752465248108 0.19900000095367432 0.19943810999393463
v -0.1811402142047882 0.20040000975131989 0.20171861350536346
v -0.1900773048400879 0.19900000095367432 0.20375338196754456
v -0.19048449397087097 0.21000000834465027 0.20527304708957672
v -0.1727188527584076 0.21000000834465027 0.20121073722839355
v -0.27500003576278687 -0.09673718363046646 0.10208463668823242
v -0.27500003576278687 0.09601380676031113 0.1028670072555542
v -0.2850000262260437 -0.0967649593949318 0.1036892682313919
v -0.2850000262260437 0.09768925607204437 0.10276496410369873
v -0.27500003576278687 0.0990000069141388 0.04900002479553223
v -0.28566667437553406 0.0990000069141388 0.04900002479553223
v -0.27500003576278687 -0.09866667538881302 0.04900002479553223
v -0.28550001978874207 -0.09933333843946457 0.04900002479553223
v -0.08252869546413422 -0.21114285290241241 0.06672167778015137
v -0.09535640478134155 -0.21199999749660492 0.06514321267604828
v -0.09508302807807922 -0.21000000834465027 0.06509631872177124
v -0.09393554925918579 -0.21104761958122253 0.05634942650794983
v -0.09535640478134155 0.21000000834465027 0.06514321267604828
v -0.09393554925918579 0.21104761958122253 0.05634942650794983
v -0.09508302807807922 0.21199999749660492 0.06509631872177124
v -0.08252869546413422 0.21085715293884277 0.06672167778015137
v -0.08036252856254578 -0.2110000103712082 0.11011010408401489
v -0.09258903563022614 -0.21199999749660492 0.10630530118942261
v -0.09608455002307892 -0.2106315791606903 0.10387115180492401
v -0.19634757936000824 -0.21134310960769653 0.2614596486091614
v -0.20534199476242065 -0.21136564016342163 0.04900002479553223
v -0.07653903216123581 -0.21087999641895294 0.0512055903673172
v -0.18033234775066376 -0.21199999749660492 0.14930224418640137
v -0.1134016364812851 -0.21105264127254486 0.16050001978874207
v -0.093427374958992 -0.21122223138809204 0.09616194665431976
v -0.0857958048582077 -0.21085715293884277 0.12741251289844513
v -0.07107162475585938 -0.21105264127254486 0.14013256132602692
v -0.05172764137387276 -0.21103225648403168 0.15879017114639282
v -0.18050913512706757 -0.21199999749660492 0.19982020556926727
v -0.0849759504199028 -0.21085715293884277 0.09554007649421692
v -0.09608455002307892 0.21136842668056488 0.10387115180492401
v -0.08036252856254578 0.2110000103712082 0.11011010408401489
v -0.09258903563022614 0.21000000834465027 0.10630530118942261
v -0.20327122509479523 0.21144041419029236 0.04900002479553223
v -0.1134016364812851 0.21146154403686523 0.16050001978874207
v -0.07653903216123581 0.21087999641895294 0.0512055903673172
v -0.18166767060756683 0.21199999749660492 0.14930224418640137
v -0.1973138153553009 0.21157634258270264 0.2615987956523895
v -0.07107162475585938 0.21094736456871033 0.14013256132602692
v -0.0857958048582077 0.2110000103712082 0.12741251289844513
v -0.05172764137387276 0.2109677493572235 0.15879017114639282
v -0.093427374958992 0.21085715293884277 0.09616194665431976
v -0.0849759504199028 0.21114285290241241 0.09554007649421692
v -0.18149085342884064 0.21199999749660492 0.19982020556926727
v -0.2858204245567322 0.13099953532218933 0.2612655758857727
v -0.2734486162662506 0.16711834073066711 0.2612655758857727
v -0.2452358454465866 0.19648973643779755 0.2612655758857727
v -0.28700000047683716 -0.09579777717590332 0.10179778933525085
v -0.28700000047683716 0.09604475647211075 0.1012626588344574
v -0.24211835861206055 0.19844858348369598 0.04900002479553223
v -0.2714897692203522 0.17023581266403198 0.04900002479553223
v -0.2851921617984772 0.13473384082317352 0.04900002479553223
v -0.28596779704093933 -0.13183094561100006 0.2612655758857727
v -0.2852794826030731 -0.1333799660205841 0.04900002479553223
v -0.2734486162662506 -0.16711834073066711 0.04900002479553223
v -0.2714897692203522 -0.17023582756519318 0.2612655758857727
v -0.2452358603477478 -0.19648973643779755 0.04900002479553223
v -0.24211835861206055 -0.19844858348369598 0.2612655758857727
v -0.18187309801578522 -0.21000000834465027 0.16706635057926178
v -0.18034274876117706 0.21000000834465027 0.2161111980676651
v 0.28200000524520874 -0.10000000149011612 0.18550001084804535
v 0.28200000524520874 -0.10577124357223511 0.17725782096385956
v 0.28200000524520874 -0.10577124357223511 0.18550001084804535
v 0.2839517295360565 -0.13655400276184082 0.18550029397010803
v 0.28346893191337585 -0.11441045999526978 0.1654079705476761
v 0.19499999284744263 -0.2070000022649765 0.18550001084804535
v 0.1890345960855484 -0.20709744095802307 0.1654973328113556
v 0.17499999701976776 -0.2070000022649765 0.18550001084804535
v 0.19499999284744263 -0.21199999749660492 0.18550001084804535
v 0.19499999284744263 -0.21199999749660492 0.16550001502037048
v 0.2210858017206192 -0.20907491445541382 0.16550001502037048
v 0.22967447340488434 -0.20663389563560486 0.18550001084804535
v 0.2552335560321808 -0.19010549783706665 0.16550001502037048
v 0.26903632283210754 -0.17597706615924835 0.18550001084804535
v 0.2816339135169983 -0.1546744555234909 0.16550001502037048
v 0.28700000047683716 -0.11999999731779099 0.16550001502037048
v 0.28700000047683716 -0.11999999731779099 0.18550001084804535
v 0.18900415301322937 -0.21199999749660492 0.16550001502037048
v 0.17499999701976776 -0.21199999749660492 0.18550001084804535
v 0.28700000047683716 -0.10000000149011612 0.18550001084804535
v 0.22514499723911285 -0.20264893770217896 0.18550001084804535
v 0.26293081045150757 -0.17636962234973907 0.18550001084804535
v 0.26892536878585815 -0.1706075519323349 0.16550001502037048
v 0.22200648486614227 -0.20371432602405548 0.16550001502037048
v 0.28700000047683716 -0.11400415003299713 0.16550001502037048
v 0.28200000524520874 0.10577124357223511 0.17725782096385956
v 0.28200000524520874 0.10000000149011612 0.18550001084804535
v 0.28200000524520874 0.10577124357223511 0.18550001084804535
v 0.17499999701976776 0.2070000022649765 0.18550001084804535
v 0.19276069104671478 0.20849965512752533 0.16532914340496063
v 0.19499999284744263 0.2070000022649765 0.18550001084804535
v 0.21649029850959778 0.20483000576496124 0.18550001084804535
v 0.25086063146591187 0.18889488279819489 0.16550001502037048
v 0.25236958265304565 0.1869308203458786 0.18550001084804535
v 0.28264349699020386 0.1396867036819458 0.18550091981887817
v 0.26937079429626465 0.17394623160362244 0.16550001502037048
v 0.2832575738430023 0.11432360112667084 0.1654498279094696
v 0.28700000047683716 0.11400415003299713 0.16550001502037048
v 0.28700000047683716 0.10000000149011612 0.18550001084804535
v 0.28700000047683716 0.11999999731779099 0.16550001502037048
v 0.28700000047683716 0.11999999731779099 0.18550001084804535
v 0.17499999701976776 0.21199999749660492 0.18550001084804535
v 0.18900415301322937 0.21199999749660492 0.16550001502037048
v 0.2831256091594696 0.14913217723369598 0.18550001084804535
v 0.25949299335479736 0.18674923479557037 0.18550001084804535
v 0.221085786819458 0.20907489955425262 0.18550001084804535
v 0.19499999284744263 0.21199999749660492 0.18550001084804535
v 0.2840748727321625 0.14608588814735413 0.16550001502037048
v 0.19499999284744263 0.21199999749660492 0.16550001502037048
v 0.22967447340488434 0.20663389563560486 0.16550001502037048
v -0.011458693072199821 -0.18540827929973602 0.20954841375350952
v -0.011917322874069214 -0.19200000166893005 0.21141909062862396
v -0.009251058101654053 -0.18434925377368927 0.21204647421836853
v -0.009793123230338097 -0.19199992716312408 0.21191748976707458
v -0.012450126931071281 -0.19200000166893005 0.2147437185049057
v -0.011967236176133156 -0.18400000035762787 0.21365699172019958
v -0.03747744858264923 -0.18400000035762787 0.23716512322425842
v -0.03581123426556587 -0.19200000166893005 0.23616814613342285
v -0.03560522571206093 -0.18400000035762787 0.23875398933887482
v -0.035782188177108765 -0.19200000166893005 0.23935139179229736
v -0.038562603294849396 -0.1844969093799591 0.23940756916999817
v -0.010371023789048195 -0.18400000035762787 0.2371538132429123
v -0.010148636065423489 -0.19200000166893005 0.23728221654891968
v -0.01054198294878006 -0.18439878523349762 0.24032005667686462
v -0.010417466051876545 -0.19199985265731812 0.23970690369606018
v -0.035910818725824356 -0.18430843949317932 0.20931857824325562
v -0.03758254274725914 -0.19199983775615692 0.21129314601421356
v -0.03551965951919556 -0.18400000035762787 0.21237163245677948
v -0.03444435074925423 -0.19200000166893005 0.2144385427236557
v -0.03791733458638191 -0.18400000035762787 0.21358095109462738
v -0.03808093070983887 -0.19200000166893005 0.21341736614704132
v 0.25111350417137146 -0.1358763426542282 0.29100000858306885
v 0.24374215304851532 -0.13727067410945892 0.28949999809265137
v 0.251688688993454 -0.13951928913593292 0.2879999876022339
v 0.2538717985153198 -0.1435323804616928 0.29100000858306885
v 0.24371035397052765 -0.14321137964725494 0.2879999876022339
v 0.24585412442684174 0.1432037651538849 0.29100000858306885
v 0.2441057711839676 0.14353756606578827 0.2879999876022339
v 0.25023090839385986 0.1384904533624649 0.29100000858306885
v 0.251736044883728 0.14046898484230042 0.2879999876022339
v 0.24513830244541168 0.13639813661575317 0.2888999879360199
v 0.2433306723833084 0.1443237066268921 0.26200002431869507
v 0.25292137265205383 0.1394864171743393 0.26200002431869507
v 0.2439853996038437 0.1355518400669098 0.26200002431869507
v 0.24598412215709686 -0.13442090153694153 0.26200002431869507
v 0.25233957171440125 -0.14190980792045593 0.26200002431869507
v 0.2426762729883194 -0.14366932213306427 0.26200002431869507
v 0.24039523303508759 -0.14778268337249756 0.29100000858306885
v 0.241573765873909 -0.13199329376220703 0.29100000858306885
v 0.24277909100055695 -0.13129739463329315 0.26600000262260437
v 0.23921732604503632 -0.1466047763824463 0.26600000262260437
v 0.24277909100055695 0.13129739463329315 0.29100000858306885
v 0.2576585114002228 0.14092445373535156 0.29100000858306885
v 0.23921732604503632 0.1466047763824463 0.29100000858306885
v 0.24039523303508759 0.14778268337249756 0.26600000262260437
v 0.241573765873909 0.13199329376220703 0.26600000262260437
v -0.05689971521496773 0.19197168946266174 0.2187282145023346
v -0.05857778713107109 0.19193963706493378 0.22260086238384247
v -0.054938867688179016 0.19195379316806793 0.222067192196846
v -0.05063963681459427 0.19193030893802643 0.22209955751895905
v -0.05498891696333885 0.19196850061416626 0.22412991523742676
v -0.04785731062293053 0.19197027385234833 0.22236935794353485
v 0.005527103319764137 -0.19193653762340546 0.21894007921218872
v 0.006770089268684387 -0.19193710386753082 0.22211359441280365
v 0.0035231374204158783 -0.19196249544620514 0.2203439176082611
v 0.008878316730260849 -0.19194935262203217 0.2183305323123932
v -0.004039479419589043 -0.1856687217950821 0.23027633130550385
v -0.013511035591363907 -0.18400000035762787 0.23612843453884125
v -0.02879735641181469 -0.18535831570625305 0.24545954167842865
v -0.04396093264222145 -0.18579809367656708 0.22073248028755188
v -0.03560348227620125 -0.18400000035762787 0.21987216174602509
v -0.0322640985250473 -0.18400000035762787 0.23464259505271912
v -0.01837214082479477 -0.18400000035762787 0.21389652788639069
v -0.2809999883174896 0.10100000351667404 0.2590000033378601
v -0.2809999883174896 0.10100000351667404 0.29100000858306885
v -0.2809999883174896 -0.10300000011920929 0.2590000033378601
v -0.2809999883174896 -0.10300000011920929 0.29100000858306885
v 0.18864549696445465 0.07273902744054794 0.26475000381469727
v 0.18677012622356415 0.06437917053699493 0.26200002431869507
v 0.17863094806671143 0.06327547132968903 0.26494738459587097
v 0.18989896774291992 -0.07544612884521484 0.26600000262260437
v 0.1867339164018631 -0.06526606529951096 0.26295238733291626
v 0.18677012622356415 -0.07562083750963211 0.26200002431869507
v 0.25700002908706665 -0.049000002443790436 0.26600000262260437
v 0.2720000147819519 -0.04766666889190674 0.26600000262260437
v 0.2591428756713867 -0.04800000414252281 0.2900000214576721
v 0.27094337344169617 -0.04689474031329155 0.2889433801174164
v 0.2619999945163727 -0.04500000178813934 0.26600000262260437
v 0.10300000011920929 0.2070000022649765 0.1929503083229065
v 0.10500000417232513 0.2070000022649765 0.1615000069141388
v 0.10300000011920929 0.19216114282608032 0.19682231545448303
v 0.10500000417232513 0.18933333456516266 0.1615000069141388
v 0.0690000057220459 0.1900000125169754 0.1615000069141388
v 0.07099999487400055 0.19248344004154205 0.1969834566116333
v 0.0689999908208847 0.2070000022649765 0.1615000069141388
v 0.07099999487400055 0.2070000022649765 0.1929503083229065
v 0.06700000166893005 0.2070000022649765 0.1929503083229065
v 0.0670662373304367 0.18818409740924835 0.19734486937522888
v 0.10700000822544098 0.18870662152767181 0.19669274985790253
v 0.10699999332427979 0.2070000022649765 0.1929503083229065
v -0.06700000166893005 0.2070000022649765 0.1929503083229065
v -0.0650000050663948 0.2070000022649765 0.1615000069141388
v -0.06700000166893005 0.19216114282608032 0.19682231545448303
v -0.0650000050663948 0.18933333456516266 0.1615000069141388
v -0.10100001096725464 0.19066667556762695 0.1615000069141388
v -0.0990000069141388 0.19248344004154205 0.1969834566116333
v -0.10100001096725464 0.2070000022649765 0.1615000069141388
v -0.0990000069141388 0.2070000022649765 0.1929503083229065
v -0.10300000011920929 0.2070000022649765 0.1929503083229065
v -0.10300001502037048 0.1881284862756729 0.19752782583236694
v -0.06300000846385956 0.18812653422355652 0.1971326768398285
v -0.06300000101327896 0.2070000022649765 0.1929503083229065
v 0.06703522801399231 -0.1881551295518875 0.19734786450862885
v 0.0689999908208847 -0.1900000125169754 0.1615000069141388
v 0.0690000057220459 -0.2070000022649765 0.1615000069141388
v 0.06700000166893005 -0.2070000022649765 0.1929503083229065
v 0.07099999487400055 -0.19926957786083221 0.19603918492794037
v 0.10300000011920929 -0.19216114282608032 0.19682231545448303
v 0.10500000417232513 -0.18933333456516266 0.1615000069141388
v 0.10500000417232513 -0.2070000022649765 0.1615000069141388
v 0.10300000011920929 -0.2070000022649765 0.1929503083229065
v 0.10699999332427979 -0.2070000022649765 0.1929503083229065
v 0.10700000822544098 -0.1886887401342392 0.19675830006599426
v -0.10300001502037048 -0.18820877373218536 0.1971263438463211
v -0.10100001096725464 -0.1899999976158142 0.1615000069141388
v -0.10100001096725464 -0.2070000022649765 0.1615000069141388
v -0.10300000011920929 -0.2070000022649765 0.1929503083229065
v -0.0990000069141388 -0.19926957786083221 0.19603918492794037
v -0.06700000166893005 -0.19216114282608032 0.19682231545448303
v -0.0650000050663948 -0.1899999976158142 0.1615000069141388
v -0.0650000050663948 -0.2070000022649765 0.1615000069141388
v -0.06700000166893005 -0.2070000022649765 0.1929503083229065
v -0.06300000101327896 -0.2070000022649765 0.1929503083229065
v -0.06300000846385956 -0.18809077143669128 0.19713541865348816
v 0.2833999991416931 0.04600000008940697 0.29100000858306885
v 0.2809999883174896 0.043200939893722534 0.2681770622730255
v 0.28700000047683716 0.042764950543642044 0.2683107554912567
v 0.2821999788284302 -0.04600000008940697 0.29100000858306885
v 0.28700000047683716 -0.04368925467133522 0.2692350745201111
v 0.2809999883174896 -0.04219615086913109 0.26726797223091125
v 0.2795158922672272 -0.14312170445919037 0.29100000858306885
v 0.28017863631248474 -0.13554328680038452 0.26600000262260437
v 0.254989355802536 -0.18415172398090363 0.26600000262260437
v 0.2493584305047989 -0.1874813437461853 0.29100000858306885
v 0.2096952199935913 -0.20544496178627014 0.29100000858306885
v 0.2081156075000763 -0.2055046260356903 0.26600000262260437
v 0.2809999883174896 -0.07999999821186066 0.26600000262260437
v 0.2809999883174896 -0.08240000158548355 0.28600001335144043
v 0.2809999883174896 -0.08400000631809235 0.26600000262260437
v -0.12166668474674225 -0.20600001513957977 0.28700000047683716
v -0.12300001084804535 -0.20600000023841858 0.2639999985694885
v -0.1599999964237213 -0.20600000023841858 0.2639999985694885
v -0.16200000047683716 -0.20600001513957977 0.28700000047683716
v -0.2074642926454544 -0.20569796860218048 0.29100000858306885
v -0.11900000274181366 -0.20600001513957977 0.26600000262260437
v -0.1659468114376068 -0.20543405413627625 0.26502320170402527
v -0.21148966252803802 -0.20490321516990662 0.2590000033378601
v -0.2871955931186676 0.11800230294466019 0.29100000858306885
v -0.28094765543937683 0.11699999868869781 0.2590000033378601
v -0.2766493260860443 0.14910084009170532 0.29100000858306885
v -0.27514874935150146 0.153009831905365 0.2590000033378601
v -0.2503882944583893 0.18667541444301605 0.29100000858306885
v -0.23279419541358948 0.20023323595523834 0.2590000033378601
v -0.2097713202238083 0.20550064742565155 0.29100000858306885
v 0.21763232350349426 0.20473401248455048 0.29100000858306885
v 0.21984656155109406 0.20467925071716309 0.26600000262260437
v 0.26483532786369324 0.17625467479228973 0.29100000858306885
v 0.26497167348861694 0.17111296951770782 0.26600000262260437
v 0.28193482756614685 0.1399545669555664 0.29100000858306885
v 0.28040584921836853 0.13348647952079773 0.26600000262260437
v 0.2809999883174896 0.08400000631809235 0.26600000262260437
v 0.2809999883174896 0.08160000294446945 0.28600001335144043
v 0.2809999883174896 0.07999999821186066 0.26600000262260437
v -0.16726699471473694 0.20565864443778992 0.2641163468360901
v -0.1613333374261856 0.20600001513957977 0.28700000047683716
v -0.12166668474674225 0.20600001513957977 0.28700000047683716
v -0.11900000274181366 0.20600001513957977 0.26600000262260437
v -0.12300001084804535 0.20600000023841858 0.2639999985694885
v -0.1599999964237213 0.20600000023841858 0.2639999985694885
v 0.1548750400543213 -0.13819149136543274 0.27003905177116394
v 0.15077541768550873 -0.1370725929737091 0.2711697518825531
v 0.15435022115707397 -0.13894101977348328 0.27313634753227234
v 0.1518678218126297 -0.13551245629787445 0.2737686336040497
v 0.15576580166816711 -0.13691937923431396 0.2734268307685852
v 0.15280531346797943 -0.13417357206344604 0.2713697552680969
v 0.19600000977516174 0.02878911793231964 0.2705731987953186
v 0.19200000166893005 0.029505472630262375 0.268123596906662
v 0.19364705681800842 0.02943318709731102 0.2737593352794647
v 0.19600000977516174 -0.03121088445186615 0.2705731987953186
v 0.19200000166893005 -0.02997715026140213 0.26856160163879395
v 0.19375000894069672 -0.03158031404018402 0.2729731798171997
v 0.15576580166816711 0.13691937923431396 0.2705731987953186
v 0.15261304378509521 0.13444818556308746 0.27078911662101746
v 0.15516847372055054 0.13777242600917816 0.2739540636539459
v 0.15169744193553925 0.13575579226016998 0.2739540636539459
v 0.1541561484336853 0.13921819627285004 0.2712261378765106
v 0.15095272660255432 0.13681937754154205 0.27100518345832825
v 0.1769460141658783 0.10274813324213028 0.27334165573120117
v 0.17391932010650635 0.10401967167854309 0.27321088314056396
v 0.17695832252502441 0.10665333271026611 0.2716647684574127
v 0.19122448563575745 -0.07836852967739105 0.27799999713897705
v 0.14233949780464172 -0.1534118950366974 0.27799999713897705
v 0.1951206922531128 -0.07886014878749847 0.27799999713897705
v 0.19144010543823242 0.07720228284597397 0.27799999713897705
v 0.19542966783046722 0.078589528799057 0.27799999713897705
v 0.1418650597333908 0.15307968854904175 0.27800002694129944
v 0.19409523904323578 0.0319138765335083 0.27186617255210876
v 0.19042040407657623 0.07967333495616913 0.26600000262260437
v 0.19200000166893005 -0.0285731740295887 0.27321088314056396
v 0.14250752329826355 0.153529554605484 0.26600000262260437
v 0.17683090269565582 0.10320891439914703 0.27037304639816284
v 0.19547808170318604 0.07850556820631027 0.26600000262260437
v 0.1952522099018097 -0.07949012517929077 0.26600000262260437
v 0.19600000977516174 -0.028045952320098877 0.2721695005893707
v 0.1412592977285385 -0.15265552699565887 0.26600000262260437
v 0.1770222783088684 -0.10237768292427063 0.27132874727249146
v 0.1755450814962387 -0.10503313690423965 0.2706754803657532
v 0.1764264553785324 -0.104313425719738 0.273903489112854
v -0.02869797684252262 0.1850000023841858 0.21930493414402008
v -0.028221243992447853 0.19200000166893005 0.21883027255535126
v -0.030257701873779297 0.19200000166893005 0.22146230936050415
v -0.019769882783293724 0.1850000023841858 0.21874713897705078
v -0.018455933779478073 0.19200052320957184 0.22107842564582825
v -0.020889198407530785 0.19200000166893005 0.21771487593650818
v -0.04389743506908417 0.1858823597431183 0.22016853094100952
v -0.0294287521392107 0.1850000023841858 0.23072664439678192
v -0.03856593742966652 0.186153843998909 0.24006594717502594
v -0.03119180165231228 0.1850000023841858 0.23258711397647858
v -0.018668510019779205 0.1860000044107437 0.2453974485397339
v -0.029552584514021873 0.1850000023841858 0.23208220303058624
v -0.004102567210793495 0.1860000044107437 0.23083151876926422
v -0.016788296401500702 0.1850000023841858 0.23248235881328583
v -0.017674455419182777 0.18499992787837982 0.23065829277038574
v -0.019344134256243706 0.1850000023841858 0.23192980885505676
v -0.009434070438146591 0.1860000044107437 0.2109340876340866
v -0.016552580520510674 0.1850000023841858 0.21908220648765564
v -0.029331522062420845 0.1860000044107437 0.20560258626937866
v -0.018191799521446228 0.1850000023841858 0.21958711743354797
v -0.03127939999103546 0.1850000023841858 0.21845515072345734
v -0.030561862513422966 0.1850000023841858 0.21985754370689392
v -0.22976410388946533 -0.2029324471950531 0.25702112913131714
v -0.1991342306137085 -0.20835906267166138 0.2570272982120514
v -0.19469185173511505 -0.21094726026058197 0.26184332370758057
v -0.23213212192058563 -0.20332080125808716 0.26200002431869507
v -0.2685622274875641 -0.17403215169906616 0.26200002431869507
v -0.2674124836921692 -0.17289605736732483 0.25700002908706665
v -0.2835407853126526 -0.1371716558933258 0.26075002551078796
v -0.19485631585121155 0.21075622737407684 0.26191210746765137
v -0.19916954636573792 0.2082238793373108 0.25704383850097656
v -0.22841651737689972 0.20488356053829193 0.2619979679584503
v -0.22999361157417297 0.2022472470998764 0.25700002908706665
v -0.26483529806137085 0.17625471949577332 0.25700002908706665
v -0.2662302553653717 0.1770711988210678 0.26200002431869507
v -0.2828817069530487 0.13693955540657043 0.25700002908706665
v -0.2843668460845947 0.13785719871520996 0.26200002431869507
v 0.26200002431869507 0.022674620151519775 0.2769867479801178
v 0.25700002908706665 0.02232537791132927 0.2769867479801178
v 0.26200002431869507 0.021029934287071228 0.28024759888648987
v 0.25700002908706665 0.020987626165151596 0.2800249755382538
v 0.25700002908706665 0.023970067501068115 0.28024759888648987
v 0.26200002431869507 -0.022325381636619568 0.2769867479801178
v 0.25700002908706665 -0.022674623876810074 0.2769867479801178
v 0.26200002431869507 -0.023970063775777817 0.28024759888648987
v 0.25700002908706665 -0.024012375622987747 0.2800249755382538
v 0.2596190869808197 -0.02102634683251381 0.2801693081855774
v 0.25977781414985657 0.04500000178813934 0.26600000262260437
v 0.26200002431869507 0.024012375622987747 0.2800249755382538
v 0.259857177734375 0.04500000178813934 0.2900000214576721
v -0.11281773447990417 -0.21066667139530182 0.1615000069141388
v -0.05692741274833679 -0.2078000158071518 0.15316668152809143
v -0.05526075139641762 -0.20880000293254852 0.1615000069141388
v -0.11281771957874298 -0.2074444442987442 0.15150001645088196
v -0.11281771957874298 0.2075454592704773 0.15150001645088196
v -0.11281773447990417 0.210875004529953 0.1615000069141388
v -0.05692741274833679 0.2078889012336731 0.15316668152809143
v -0.05526075139641762 0.20900000631809235 0.1615000069141388
v 0.2655336856842041 0.05000000447034836 0.1966601461172104
v 0.26499998569488525 0.052000001072883606 0.1615000069141388
v 0.28200000524520874 0.052000004798173904 0.1615000069141388
v 0.28200000524520874 0.05000000074505806 0.1929503083229065
v 0.28200000524520874 0.05400000140070915 0.1929503083229065
v 0.26546794176101685 0.05400000140070915 0.1969011425971985
v 0.26588204503059387 -0.05000000447034836 0.19685286283493042
v 0.26499998569488525 -0.052000001072883606 0.1615000069141388
v 0.265496164560318 -0.05400000140070915 0.19679772853851318
v 0.28200000524520874 -0.052000004798173904 0.1615000069141388
v 0.28200000524520874 -0.05400000140070915 0.1929503083229065
v 0.28200000524520874 -0.05000000074505806 0.1929503083229065
v 0.22300001978874207 -0.08133333176374435 0.28600001335144043
v 0.22300001978874207 -0.08266667276620865 0.26600000262260437
v 0.22300001978874207 0.08266667276620865 0.28600001335144043
v 0.22300001978874207 0.08133333176374435 0.26600000262260437
v -0.1396840512752533 0.19200000166893005 0.27154111862182617
v -0.14036880433559418 0.1900000125169754 0.26804065704345703
v -0.13995888829231262 0.18800000846385956 0.2718159556388855
v 0.27828627824783325 0.08148867636919022 0.17424365878105164
v 0.26474013924598694 0.08282506465911865 0.1726047843694687
v 0.26487451791763306 0.0764993205666542 0.17530065774917603
v 0.27772483229637146 0.0781533420085907 0.17707791924476624
v 0.26499703526496887 0.08123595267534256 0.1786976009607315
v 0.277948796749115 -0.07982022315263748 0.17327433824539185
v 0.2648802399635315 -0.08054432272911072 0.17210978269577026
v 0.264843612909317 -0.08341511338949203 0.17662367224693298
v 0.27827197313308716 -0.08016407489776611 0.1774122416973114
v 0.12801812589168549 -0.15737804770469666 0.18250003457069397
v 0.1289331614971161 -0.15828807651996613 0.18650001287460327
v 0.13085931539535522 -0.1517818421125412 0.18250003457069397
v 0.12834112346172333 -0.15139290690422058 0.18650001287460327
v 0.12142093479633331 -0.1544308364391327 0.18650001287460327
v 0.17903833091259003 -0.07138374447822571 0.18250003457069397
v 0.18556486070156097 -0.07301607728004456 0.18650001287460327
v 0.1844465136528015 -0.07165801525115967 0.18250003457069397
v 0.18356409668922424 -0.06635509431362152 0.18650001287460327
v 0.18305039405822754 -0.06706322729587555 0.18250003457069397
v 0.17903833091259003 0.06861625611782074 0.18250003457069397
v 0.17882300913333893 0.06762547045946121 0.18650001287460327
v 0.18784427642822266 0.06883150339126587 0.18250003457069397
v 0.1857544630765915 0.06727079302072525 0.18650001287460327
v 0.18305039405822754 0.0729367807507515 0.18250003457069397
v 0.18042078614234924 0.07439441978931427 0.18650001287460327
v 0.1232449859380722 0.1527182012796402 0.18472224473953247
v 0.12937726080417633 0.15215039253234863 0.18650001287460327
v 0.1323184221982956 0.15835055708885193 0.18250003457069397
v 0.1262824684381485 0.15825675427913666 0.18250003457069397
v 0.1251436471939087 0.1595708131790161 0.18650001287460327
v 0.2650027871131897 -0.07968470454216003 0.18027363717556
v 0.26495271921157837 -0.07654178142547607 0.1759459525346756
v 0.13260479271411896 -0.1627826988697052 0.18250003457069397
v 0.12274324893951416 -0.15471753478050232 0.18250003457069397
v 0.11729738116264343 -0.15922090411186218 0.18250003457069397
v 0.12177909910678864 -0.1462973952293396 0.18250003457069397
v 0.17867527902126312 -0.07961126416921616 0.18250003457069397
v 0.17758426070213318 -0.06030727177858353 0.18250003457069397
v 0.19176001846790314 -0.0706959068775177 0.18250003457069397
v 0.17867527902126312 0.06038874760270119 0.18250003457069397
v 0.1741061806678772 0.07542624324560165 0.18250003457069397
v 0.18753911554813385 0.07800672203302383 0.18250003457069397
v 0.13260479271411896 0.14721731841564178 0.18250003457069397
v 0.11729738116264343 0.1507791131734848 0.18250003457069397
v 0.12177909910678864 0.16370262205600739 0.18250003457069397
v 0.18732354044914246 0.06721606850624084 0.20001569390296936
v 0.1818402111530304 0.0755934864282608 0.20028747618198395
v 0.13023211061954498 0.15108053386211395 0.20006202161312103
v 0.1257467418909073 0.16087883710861206 0.19981126487255096
v 0.12616468966007233 -0.16055555641651154 0.2002185434103012
v 0.1315104067325592 -0.1532946228981018 0.20006202161312103
v 0.12078215181827545 -0.15227991342544556 0.19981126487255096
v 0.18628589808940887 -0.07397972792387009 0.20020149648189545
v 0.18327830731868744 -0.06437516212463379 0.20006202161312103
v 0.2809380888938904 0.07925417274236679 0.1698821783065796
v 0.28140971064567566 0.08626152575016022 0.17478565871715546
v 0.2803037166595459 0.08527228236198425 0.1765691637992859
v 0.2796301245689392 0.07428231835365295 0.1755000203847885
v 0.28093746304512024 -0.07925038039684296 0.16988356411457062
v 0.2796301245689392 -0.07428231835365295 0.1755000203847885
v 0.28000321984291077 -0.08585486561059952 0.1755000203847885
v 0.28200000524520874 -0.08304458856582642 0.17245544493198395
v 0.11729738116264343 -0.1507791131734848 0.1965000331401825
v 0.13260479271411896 -0.14721731841564178 0.1965000331401825
v 0.1741061806678772 -0.07542624324560165 0.1965000331401825
v 0.17867527902126312 -0.06038874760270119 0.1965000331401825
v 0.1918056160211563 -0.07452863454818726 0.1965000331401825
v 0.17758426070213318 0.06030726805329323 0.1965000331401825
v 0.17867527902126312 0.07961126416921616 0.1965000331401825
v 0.19176001846790314 0.0706959068775177 0.1965000331401825
v 0.11729738116264343 0.15922090411186218 0.1965000331401825
v 0.1347682774066925 0.16112984716892242 0.1965000331401825
v 0.16510042548179626 0.07087507098913193 0.2005000114440918
v 0.1655476838350296 0.07026106119155884 0.26200002431869507
v 0.16563725471496582 -0.06988564133644104 0.2005000114440918
v 0.16531319916248322 -0.07064156234264374 0.26200002431869507
v 0.07715354859828949 0.19164705276489258 0.2005000114440918
v 0.07747218012809753 0.19173280894756317 0.26200002431869507
v 0.19026796519756317 -0.032732050865888596 0.19850002229213715
v 0.25650227069854736 -0.03247411176562309 0.2011144608259201
v 0.2559334933757782 -0.03250690549612045 0.1965000331401825
v 0.25573205947875977 0.03273205831646919 0.19878573715686798
v 0.21803870797157288 -0.19538342952728271 0.20050881803035736
v 0.22415344417095184 -0.20923219621181488 0.19541923701763153
v 0.2706888020038605 -0.17119289934635162 0.19825530052185059
v 0.07833454012870789 -0.19147004187107086 0.2005000114440918
v 0.07763028144836426 -0.1912873089313507 0.26200002431869507
v 0.2220723181962967 -0.1940051168203354 0.19652169942855835
v 0.24903614819049835 -0.19005967676639557 0.19295425713062286
v 0.2079780250787735 -0.20664210617542267 0.19289548695087433
v 0.28221049904823303 -0.1408473253250122 0.19266168773174286
v 0.2692548930644989 -0.14516130089759827 0.19652990996837616
v 0.16147948801517487 0.06904669851064682 0.1965000331401825
v 0.16164644062519073 0.0688653513789177 0.26600000262260437
v 0.08033490180969238 0.1847090870141983 0.1965000331401825
v 0.07838687300682068 0.18693624436855316 0.26600000262260437
v 0.16200000047683716 -0.04749999940395355 0.1965000182390213
v 0.16128034889698029 -0.06943883746862411 0.1965000331401825
v 0.16163817048072815 -0.06894759833812714 0.26600000262260437
v 0.0795082300901413 -0.1853482574224472 0.1965000331401825
v 0.07653413712978363 -0.18757441639900208 0.26600000262260437
v 0.28239646553993225 -0.08017685264348984 0.18917515873908997
v 0.2819434106349945 -0.1401893049478531 0.1855805367231369
v 0.26452359557151794 -0.1769292950630188 0.18556901812553406
v 0.22670184075832367 -0.20387759804725647 0.18557341396808624
v 0.285914808511734 -0.13621476292610168 0.19555094838142395
v 0.22216852009296417 -0.20797394216060638 0.1615000069141388
v 0.23169074952602386 -0.2035742849111557 0.16550001502037048
v 0.2662302851676941 -0.1770711988210678 0.1615000069141388
v 0.2685622274875641 -0.17403215169906616 0.16550001502037048
v 0.28485894203186035 -0.13583368062973022 0.1628333479166031
v 0.2865999937057495 0.09290028363466263 0.16550001502037048
v 0.2863333523273468 0.07889613509178162 0.18550001084804535
v 0.2863333523273468 -0.09290028363466263 0.16550001502037048
v 0.2865000069141388 -0.07889613509178162 0.18550001084804535
v 0.2687961459159851 0.1459750235080719 0.1965228021144867
v 0.2614733874797821 0.17808692157268524 0.19282187521457672
v 0.2828628122806549 0.13553664088249207 0.19253331422805786
v 0.22228693962097168 0.19398529827594757 0.1965211182832718
v 0.2182893306016922 0.20559222996234894 0.192928284406662
v 0.23106087744235992 0.202144593000412 0.18558548390865326
v 0.26738879084587097 0.1732577681541443 0.18557710945606232
v 0.2826659083366394 0.13719359040260315 0.18555600941181183
v 0.28200000524520874 0.10577124357223511 0.1929503083229065
v 0.22323110699653625 -0.20974501967430115 0.29100000858306885
v 0.22047623991966248 -0.21008192002773285 0.26200002431869507
v 0.2671893239021301 -0.17815090715885162 0.26200002431869507
v 0.2698533833026886 -0.17467902600765228 0.29100000858306885
v 0.2865516245365143 -0.13525764644145966 0.26200002431869507
v 0.2859431207180023 -0.13600927591323853 0.29100000858306885
v -0.12098276615142822 -0.21199999749660492 0.19568635523319244
v -0.11869673430919647 -0.19232676923274994 0.20112238824367523
v -0.1679411679506302 -0.2099548578262329 0.2539256811141968
v -0.16340257227420807 -0.19247175753116608 0.256244957447052
v -0.16998545825481415 -0.21203143894672394 0.2607329189777374
v -0.16050530970096588 -0.1923072189092636 0.26149439811706543
v -0.015001571737229824 -0.21199999749660492 0.17964443564414978
v -0.023540455847978592 -0.2070000022649765 0.17701299488544464
v 0.02767876908183098 -0.20887500047683716 0.17542915046215057
v -0.0111371586099267 -0.19200000166893005 0.22642788290977478
v -0.024927884340286255 -0.19200000166893005 0.2383628636598587
v -0.16825123131275177 -0.188002809882164 0.2569522261619568
v -0.12028425931930542 -0.18917496502399445 0.1977018415927887
v -0.1683274358510971 -0.19362768530845642 0.2572668194770813
v -0.17287170886993408 -0.2070000022649765 0.2559032142162323
v -0.12235936522483826 -0.2070000022649765 0.1934071034193039
v -0.028691761195659637 0.19200000166893005 0.2316778600215912
v -0.020190482959151268 0.19200000166893005 0.2326507419347763
v -0.029808199033141136 0.19200000166893005 0.21958711743354797
v -0.030337464064359665 0.19200000166893005 0.21810737252235413
v -0.017337463796138763 0.19200000166893005 0.21810735762119293
v -0.030662545934319496 0.19200000166893005 0.23289267718791962
v -0.031044870615005493 0.19200000166893005 0.23122061789035797
v -0.016955118626356125 0.19200000166893005 0.23277941346168518
v -0.01712482050061226 0.19200000166893005 0.23122644424438477
v -0.12014682590961456 0.18917495012283325 0.1976366937160492
v -0.16848908364772797 0.18800270557403564 0.256334125995636
v -0.1681302785873413 0.1934765726327896 0.257111519575119
v -0.12215790152549744 0.2070000022649765 0.19331161677837372
v -0.17289738357067108 0.2070000022649765 0.2557826638221741
v -0.16418565809726715 0.1884756237268448 0.26272836327552795
v -0.16882863640785217 0.21105390787124634 0.25410544872283936
v -0.16370339691638947 0.19214339554309845 0.25676241517066956
v -0.1212649941444397 0.21199999749660492 0.19582012295722961
v -0.11875249445438385 0.19233746826648712 0.20123787224292755
v -0.0021322686225175858 0.2070000022649765 0.17961831390857697
v -0.025225188583135605 0.21033333241939545 0.176591157913208
v 0.02767876908183098 0.21012499928474426 0.17542915046215057
v 0.28483450412750244 0.13416901230812073 0.1615000069141388
v 0.279315322637558 0.15492454171180725 0.16350001096725464
v 0.2662302553653717 0.1770711988210678 0.16550001502037048
v 0.25207117199897766 0.19123028218746185 0.1615000069141388
v 0.22815163433551788 0.20504023134708405 0.16550001502037048
v 0.21305705606937408 0.2093079388141632 0.1615000069141388
v 0.2864034175872803 0.13573814928531647 0.19536232948303223
v 0.2674415707588196 0.17784534394741058 0.1955617368221283
v 0.22171668708324432 0.20954225957393646 0.19575664401054382
v 0.2662002444267273 0.15579567849636078 0.20053936541080475
v 0.21635286509990692 0.19536349177360535 0.200505331158638
v -0.1404433250427246 -0.19200000166893005 0.2722616195678711
v -0.1406978964805603 -0.18800000846385956 0.27224263548851013
v -0.1400555819272995 -0.18964706361293793 0.26817959547042847
v 0.2867346405982971 0.13303731381893158 0.26200002431869507
v 0.2698533833026886 0.17467902600765228 0.26200002431869507
v 0.22323109209537506 0.20974501967430115 0.26200002431869507
v 0.22047622501850128 0.21008192002773285 0.29100000858306885
v 0.11887234449386597 -0.15690985321998596 0.2640952467918396
v 0.127909854054451 -0.14787234365940094 0.2639999985694885
v 0.13121779263019562 -0.16021782159805298 0.2638947367668152
v -0.01335558295249939 -0.19200000166893005 0.2619999945163727
v 0.19993749260902405 0.1211249977350235 0.2619999945163727
v -0.16077755391597748 0.19242052733898163 0.2614060044288635
v -0.16758018732070923 0.21199952065944672 0.2618040442466736
v 0.11887234449386597 0.15309016406536102 0.26420000195503235
v 0.12773273885250092 0.14853332936763763 0.26377779245376587
v 0.12600000202655792 0.1620027869939804 0.26411765813827515
v 0.13300277292728424 0.1550000160932541 0.26483333110809326
v 0.17752917110919952 0.07563456147909164 0.2637143135070801
v 0.17752917110919952 -0.0643654465675354 0.2636842131614685
v 0.1764618158340454 -0.0740356594324112 0.2645000219345093
v -0.21882203221321106 -0.21081919968128204 0.29100000858306885
v 0.05526074394583702 -0.20900000631809235 0.1615000069141388
v -0.2219739556312561 0.2103862166404724 0.29100000858306885
v 0.05526074394583702 0.20937500894069672 0.1615000069141388
v 0.17643725872039795 -0.07171625643968582 0.20015431940555573
v -0.030562499538064003 -0.19200000166893005 0.2005000114440918
v 0.17643725872039795 0.06828374415636063 0.20015431940555573
v 0.19026796519756317 0.032732050865888596 0.19823914766311646
v 0.12127110362052917 0.15207961201667786 0.2002185434103012
v 0.18623743951320648 -0.20857073366641998 0.16962715983390808
v 0.18646806478500366 0.20848983526229858 0.16932809352874756
v 0.2837025821208954 -0.11257129162549973 0.16769815981388092
v 0.056927409023046494 -0.2078889012336731 0.15316668152809143
v 0.21021567285060883 -0.20700612664222717 0.15150001645088196
v 0.28276342153549194 -0.12420925498008728 0.1515015959739685
v 0.27565494179725647 -0.1575717329978943 0.15150001645088196
v 0.24671868979930878 -0.192121222615242 0.15150001645088196
v 0.28261634707450867 0.12218187749385834 0.15150046348571777
v 0.21230685710906982 0.20669440925121307 0.15150001645088196
v 0.25006020069122314 0.18959155678749084 0.15150001645088196
v 0.27734485268592834 0.1536807417869568 0.15150001645088196
v 0.13183896243572235 0.20692135393619537 0.1755000203847885
v 0.056927409023046494 0.20772728323936462 0.15316668152809143
v 0.12700001895427704 0.20692592859268188 0.17066051065921783
v 0.12216240167617798 0.20691025257110596 0.1755000203847885
v 0.12700001895427704 0.20692135393619537 0.18033897876739502
v 0.23045705258846283 -0.20127080380916595 0.17150001227855682
v 0.26602762937545776 -0.1733635514974594 0.17150001227855682
v 0.2824667990207672 -0.13565389811992645 0.17149963974952698
v 0.22659112513065338 0.20285707712173462 0.17150001227855682
v 0.2634272575378418 0.1766764372587204 0.17150001227855682
v 0.2817494571208954 0.1391753852367401 0.17150001227855682
v 0.2835099697113037 0.11232239007949829 0.16802744567394257
v -0.2698533833026886 0.17467902600765228 0.29100000858306885
v -0.22094221413135529 0.1904783844947815 0.2579473853111267
v -0.21179252862930298 -0.1918882578611374 0.2580000162124634
v -0.2423793226480484 -0.17667411267757416 0.2580000162124634
v -0.2589074969291687 -0.15094831585884094 0.2580000162124634
v -0.2634872794151306 -0.11954981088638306 0.25788891315460205
v -0.25524309277534485 0.1605774462223053 0.2580000162124634
v -0.26352983713150024 0.11765220761299133 0.25824999809265137
v -0.2630000114440918 0.10100000351667404 0.2590000033378601
v -0.2630000114440918 -0.10300000011920929 0.2590000033378601
v -0.2630000114440918 -0.10751302540302277 0.27721571922302246
v -0.2630000114440918 -0.11098486185073853 0.2749693989753723
v -0.2630000114440918 0.10880210995674133 0.27475738525390625
v -0.2630000114440918 0.10565677285194397 0.27742666006088257
v -0.2630000114440918 0.10100000351667404 0.29100000858306885
v -0.2630000114440918 0.10954111814498901 0.27881598472595215
v -0.2630000114440918 0.11699999868869781 0.29100000858306885
v -0.2630000114440918 -0.10300000011920929 0.29100000858306885
v -0.2630000114440918 -0.11181595921516418 0.2785411477088928
v -0.2630000114440918 -0.11900000274181366 0.29100000858306885
v -0.28378796577453613 -0.13900992274284363 0.29100000858306885
v -0.2628576457500458 -0.18035808205604553 0.29100000858306885
v 0.2809374928474426 0.07925038039684296 0.1811164915561676
v 0.28137341141700745 -0.08000127226114273 0.1808430701494217
v -0.1599999964237213 0.19200000166893005 0.2639999985694885
v -0.12300001084804535 0.19200000166893005 0.2639999985694885
v -0.12300001084804535 -0.19200000166893005 0.2639999985694885
v -0.1599999964237213 -0.19200000166893005 0.2639999985694885
v 0.12655682861804962 -0.2027248591184616 0.17311181128025055
v 0.12814907729625702 -0.19016557931900024 0.17338930070400238
v 0.1246144026517868 -0.1902005970478058 0.1748233586549759
v 0.12734369933605194 -0.2032863050699234 0.17741742730140686
v 0.12817470729351044 -0.1903650313615799 0.17774423956871033
v 0.12077255547046661 -0.1899999976158142 0.1797204166650772
v 0.13305321335792542 -0.1899999976158142 0.18063706159591675
v 0.1262809932231903 -0.1899999976158142 0.16721010208129883
v 0.12094679474830627 -0.2070000022649765 0.18063706159591675
v 0.13322746753692627 -0.2070000022649765 0.17972040176391602
v 0.12771902978420258 -0.2070000022649765 0.16721010208129883
v 0.1241714358329773 0.14495760202407837 0.1965000331401825
v 0.12692445516586304 -0.16565847396850586 0.1965000331401825
v -0.11900000274181366 -0.18799999356269836 0.26600000262260437
v -0.11900000274181366 0.18799999356269836 0.26600000262260437
v 0.0002500005066394806 0.18799999356269836 0.26600000262260437
v 0.2576584815979004 -0.14092445373535156 0.26600000262260437
v 0.2576584815979004 0.13907554745674133 0.26600000262260437
v -0.280994176864624 -0.11900000274181366 0.2590000033378601
v -0.2761003375053406 -0.15054388344287872 0.2590000033378601
v -0.24970293045043945 -0.1872144490480423 0.2590000033378601
v -0.280994176864624 -0.11900000274181366 0.29100000858306885
v -0.2809999883174896 0.10560990124940872 0.27721670269966125
v -0.2809999883174896 -0.10978330671787262 0.2793901264667511
v -0.2809999883174896 -0.11021570861339569 0.27451303601264954
v -0.05990266054868698 0.19194217026233673 0.2187395691871643
v -0.018354332074522972 0.19200000166893005 0.2193056046962738
v -0.01839265786111355 0.19200000166893005 0.23183748126029968
v -0.05001527816057205 0.1919541209936142 0.21843472123146057
v -0.038206879049539566 -0.19199985265731812 0.23908255994319916
v -0.003473648801445961 -0.19193750619888306 0.22277125716209412
v -0.005638072267174721 -0.19195294380187988 0.220526784658432
v -0.0017210990190505981 -0.19195058941841125 0.2207901030778885
v -0.005780411884188652 -0.19195200502872467 0.21752656996250153
v -0.001652577891945839 -0.19195762276649475 0.21754641830921173
v -0.012394778430461884 -0.19200000166893005 0.23875398933887482
v -0.12033334374427795 -0.18977777659893036 0.28700000047683716
v -0.12033334374427795 0.1900000125169754 0.28700000047683716
v -0.1439869999885559 0.19200000166893005 0.2702156901359558
v -0.1632000058889389 0.1900000125169754 0.28700000047683716
v -0.1437426507472992 -0.19200000166893005 0.26919791102409363
v -0.16300000250339508 -0.19022223353385925 0.28700000047683716
v -0.1439869999885559 0.18800000846385956 0.2697843015193939
v -0.14384324848651886 -0.18800000846385956 0.2695733308792114
v -0.2809999883174896 0.11048698425292969 0.2767843008041382
v 0.17738395929336548 -0.06951365619897842 0.18650001287460327
v -0.2370424121618271 1.5737954527139664e-05 0.29236987233161926
v -0.23598749935626984 9.316718205809593e-06 0.29899999499320984
v -0.2414168119430542 0.002220399212092161 0.29899999499320984
v -0.24201397597789764 1.1337455362081528e-05 0.2939879596233368
v -0.24241474270820618 -0.00015224539674818516 0.29395610094070435
v -0.04371650889515877 1.3018958270549774e-05 0.2924625873565674
v -0.04299173876643181 2.3815311578800902e-05 0.29899999499320984
v -0.04831356927752495 0.0025048330426216125 0.29899999499320984
v -0.04903377220034599 6.187567487359047e-05 0.2939591705799103
v -0.049414731562137604 -0.00015224493108689785 0.29395610094070435
v -0.04807859659194946 -0.003285549348220229 0.29899999499320984
v -0.0423383004963398 -0.08828918635845184 0.2919999957084656
v -0.04258590564131737 -0.09073259681463242 0.29899999499320984
v -0.04634924232959747 -0.08597347140312195 0.29899999499320984
v -0.04963092505931854 -0.08870135247707367 0.2919999957084656
v -0.04771082103252411 -0.09366170316934586 0.29899999499320984
v -0.04236907884478569 0.08870135247707367 0.2919999957084656
v -0.04428918659687042 0.09366170316934586 0.29899999499320984
v -0.04771081730723381 0.09366170316934586 0.2919999957084656
v -0.04963092505931854 0.08870134502649307 0.29899999499320984
v -0.23536907136440277 0.08870134502649307 0.2919999957084656
v -0.23520620167255402 0.0893092080950737 0.29899999499320984
v -0.2416308969259262 0.09314694255590439 0.2919999957084656
v -0.2392629086971283 0.09364447742700577 0.29899999499320984
v -0.2423124760389328 0.08768428862094879 0.29899999499320984
v -0.23520620167255402 -0.0893092080950737 0.2919999957084656
v -0.23520620167255402 -0.09069079160690308 0.29899999499320984
v -0.24029867351055145 -0.08636908233165741 0.29899999499320984
v -0.24059458076953888 -0.08671235293149948 0.2919999957084656
v -0.24131572246551514 -0.09331246465444565 0.2919999957084656
v -0.24149514734745026 -0.09294013679027557 0.29899999499320984
v -0.23533830046653748 -0.028289180248975754 0.2919999957084656
v -0.23520620167255402 -0.030690792948007584 0.29899999499320984
v -0.24029865860939026 -0.02636907994747162 0.29899999499320984
v -0.24263092875480652 -0.02870134636759758 0.2919999957084656
v -0.24149514734745026 -0.032940126955509186 0.29899999499320984
v -0.2349734604358673 0.029650762677192688 0.2919999957084656
v -0.23520620167255402 0.029309209436178207 0.29899999499320984
v -0.24029865860939026 0.033630918711423874 0.29899999499320984
v -0.24059458076953888 0.0332876518368721 0.2919999957084656
v -0.24194014072418213 0.027504857629537582 0.2919999957084656
v -0.24149514734745026 0.027059871703386307 0.29899999499320984
v -0.04368428885936737 -0.026687540113925934 0.2919999957084656
v -0.04195922985672951 -0.03070494532585144 0.29899999499320984
v -0.04707259684801102 -0.026677008718252182 0.29899999499320984
v -0.049793802201747894 -0.030690792948007584 0.2919999957084656
v -0.04963092505931854 -0.03129865601658821 0.29899999499320984
v -0.04271234571933746 0.03159455955028534 0.2919999957084656
v -0.042687539011240005 0.03231571614742279 0.29899999499320984
v -0.04849514365196228 0.032940126955509186 0.2919999957084656
v -0.04928765818476677 0.03159456327557564 0.29899999499320984
v 0.026616234332323074 -0.04783130809664726 0.30000001192092896
v -0.02457411400973797 -0.04767852649092674 0.30000001192092896
v 0.026717696338891983 -0.04775024205446243 0.2919999957084656
v -0.02476716786623001 -0.04790719598531723 0.2919999957084656
v -0.024676086381077766 -0.13014250993728638 0.30000001192092896
v -0.02457411214709282 -0.13032148778438568 0.2919999957084656
v 0.026616230607032776 -0.13016872107982635 0.2919999957084656
v 0.02661551535129547 -0.13029693067073822 0.30000001192092896
v 0.02646084502339363 0.13025346398353577 0.30000001192092896
v -0.02440529316663742 0.1303994059562683 0.30000001192092896
v 0.026247546076774597 0.1304667592048645 0.2919999957084656
v -0.024334631860256195 0.13032874464988708 0.2919999957084656
v -0.024628037586808205 0.04783130809664726 0.30000001192092896
v -0.024729499593377113 0.04775024205446243 0.2919999957084656
v 0.026562310755252838 0.04767852649092674 0.30000001192092896
v 0.02675536647439003 0.04790719598531723 0.2919999957084656
v -0.12034320831298828 0.05738899111747742 0.29719823598861694
v -0.11778651177883148 0.06421095132827759 0.2989843487739563
v -0.12367184460163116 0.06340398639440536 0.29365068674087524
v -0.12989111244678497 0.06499949842691422 0.2988125681877136
v -0.12712495028972626 0.056388381868600845 0.2972618341445923
v -0.12233951687812805 0.056446000933647156 0.2919999957084656
v -0.12721502780914307 0.06224760785698891 0.2919999957084656
v -0.09330116212368011 0.061235878616571426 0.292369544506073
v -0.0887463390827179 0.06259438395500183 0.29879236221313477
v -0.09869594871997833 0.061858903616666794 0.2930305302143097
v -0.10017494857311249 0.06616034358739853 0.29892459511756897
v -0.09930455684661865 0.052927207201719284 0.2985673248767853
v -0.09320710599422455 -0.060951367020606995 0.2923276722431183
v -0.0885775238275528 -0.059464577585458755 0.29892459511756897
v -0.09673124551773071 -0.056877877563238144 0.2930489778518677
v -0.09866614639759064 -0.05254574120044708 0.2989802062511444
v -0.09930455684661865 -0.067072793841362 0.2985673248767853
v -0.12087973952293396 -0.06080695986747742 0.29305481910705566
v -0.11783966422080994 -0.055825065821409225 0.29892459511756897
v -0.12462364137172699 -0.056896790862083435 0.29290348291397095
v -0.12989111244678497 -0.05500049889087677 0.2988125681877136
v -0.12663252651691437 -0.06196315586566925 0.2930115759372711
v -0.029198409989476204 -0.09640330076217651 0.2993125021457672
v -0.029365098103880882 0.09676919132471085 0.2995789647102356
v -0.04395009204745293 0.08697524666786194 0.29899999499320984
v -0.045704662799835205 -0.11790137737989426 0.2992857098579407
v -0.12330073118209839 -0.06806226074695587 0.2988077700138092
v -0.2552706003189087 -0.10168524831533432 0.29930952191352844
v -0.2338496744632721 -0.11887045949697495 0.2993333339691162
v -0.2392953485250473 0.11790137737989426 0.2993428707122803
v -0.2556588053703308 0.09671670943498611 0.2994782626628876
v -0.045704662799835205 0.11790137737989426 0.29923999309539795
v -0.25600001215934753 0.028999999165534973 0.29899999499320984
v -0.046690791845321655 0.026206202805042267 0.29899999499320984
v -0.04899999871850014 0.0 0.29899999499320984
v -0.2412516325712204 -0.002714278409257531 0.29899999499320984
v -0.24199999868869781 0.0 0.29899999499320984
v -0.10665859282016754 0.10807083547115326 0.29472818970680237
v -0.1145954430103302 0.11081656068563461 0.29315924644470215
v -0.10817195475101471 0.11428696662187576 0.2927699387073517
v -0.10867932438850403 -0.10712391138076782 0.29632866382598877
v -0.11277817189693451 -0.10595419257879257 0.2922874093055725
v -0.10561099648475647 -0.11064355820417404 0.2926845848560333
v 0.1562476009130478 0.0382150374352932 0.2919999957084656
v 0.15708790719509125 0.031553905457258224 0.29859215021133423
v 0.1549289971590042 0.04000679776072502 0.29907333850860596
v 0.15031778812408447 0.03432952240109444 0.2919999957084656
v 0.14907534420490265 0.03404692932963371 0.29887205362319946
v 0.1569245606660843 0.00013285106979310513 0.2921854853630066
v 0.16044926643371582 -2.5531742721796036e-05 0.2998802363872528
v 0.15058113634586334 5.348864942789078e-05 0.29682719707489014
v 0.14751413464546204 0.00014778925105929375 0.2997927963733673
v 0.15654490888118744 0.0027553262189030647 0.2919999957084656
v 0.15047587454319 0.0012604608200490475 0.2919999957084656
v 0.15599873661994934 -0.0372588150203228 0.29391470551490784
v 0.1594899445772171 -0.039659034460783005 0.29994863271713257
v 0.15558116137981415 -0.03054025024175644 0.2988044023513794
v 0.15526045858860016 -0.03147587180137634 0.2919999957084656
v 0.14932505786418915 -0.03477860987186432 0.2985439598560333
v 0.15044601261615753 -0.03666049987077713 0.2919999957084656
v -0.2737180292606354 -0.15956759452819824 0.3000442385673523
v -0.27932319045066833 0.14121097326278687 0.3000109791755676
v -0.28695568442344666 -0.13535426557064056 0.29227277636528015
v -0.2869633436203003 0.13606061041355133 0.2926642894744873
v -0.26931774616241455 -0.17617322504520416 0.2939947545528412
v -0.2421492487192154 -0.1995479166507721 0.29358378052711487
v -0.21789392828941345 -0.2035634070634842 0.30001604557037354
v -0.21179896593093872 -0.2118179053068161 0.2923528254032135
v -0.23453597724437714 0.19865505397319794 0.3000835180282593
v -0.21075835824012756 0.2117389291524887 0.29286623001098633
v -0.24042893946170807 0.20045237243175507 0.2939830720424652
v -0.2684984803199768 0.17731234431266785 0.29377201199531555
v 0.21024024486541748 -0.21180349588394165 0.2933882176876068
v 0.23029039800167084 -0.20183362066745758 0.3000677227973938
v -0.027002951130270958 0.20507179200649261 0.30000001192092896
v 0.2111773043870926 0.21172772347927094 0.2935086190700531
v 0.21740850806236267 0.20378436148166656 0.30001363158226013
v 0.24042893946170807 -0.20045237243175507 0.2939830720424652
v 0.26849398016929626 -0.17724677920341492 0.2939947545528412
v 0.2789488732814789 -0.14204706251621246 0.30001184344291687
v 0.2868621051311493 -0.13626660406589508 0.29283228516578674
v 0.27685055136680603 0.1552976667881012 0.3000575602054596
v 0.28693872690200806 0.134975865483284 0.2930396497249603
v 0.26931774616241455 0.17617322504520416 0.2939947545528412
v 0.2419593185186386 0.19956880807876587 0.2939830720424652
v 0.14754420518875122 -0.00014034193009138107 0.29939451813697815
v -0.11115601658821106 0.10568574070930481 0.2921237051486969
v -0.24007262289524078 0.08667701482772827 0.2919999957084656
v -0.046349238604307175 0.02597346529364586 0.2919999957084656
v -0.09610004723072052 0.05688543990254402 0.2923140823841095
v -0.10577499866485596 0.009575000032782555 0.2919999957084656
v -0.052426476031541824 0.21199999749660492 0.2919999957084656
v 0.15554766356945038 0.031809043139219284 0.2919999957084656
v 0.28700000047683716 0.008774999529123306 0.2919999957084656
v -0.11204354465007782 -0.1144571602344513 0.292803019285202
v -0.046262890100479126 -0.09364447742700577 0.2919999957084656
v -0.09877032041549683 -0.061794836074113846 0.292743980884552
v -0.04440544173121452 -0.0332876555621624 0.2919999957084656
v -0.2392629086971283 -0.03364447504281998 0.2919999957084656
v 0.15736354887485504 -0.00028801639564335346 0.2919999957084656
v -0.048049915581941605 0.08697524666786194 0.2919999957084656
v 0.15740753710269928 -0.0001198858954012394 0.29682618379592896
v -0.042967796325683594 -3.4579774364829063e-05 0.29397884011268616
v -0.23596778512001038 -3.458093851804733e-05 0.29397884011268616
v -0.0010621845722198486 0.11087638139724731 0.23521873354911804
v 0.003743773326277733 0.1091439500451088 0.23520001769065857
v 0.00220668688416481 0.108766108751297 0.2364785373210907
v 0.004379326477646828 0.11518269032239914 0.2365087866783142
v 0.004130009561777115 0.1160997599363327 0.23520001769065857
v -0.00027970969676971436 0.11703629791736603 0.2364712506532669
v -0.0028534792363643646 0.11570926010608673 0.23521091043949127
v -0.0025306325405836105 0.11087308824062347 0.23654939234256744
v -0.003908051177859306 0.11341872066259384 0.23977375030517578
v 0.0033804234117269516 0.10899636149406433 0.23997393250465393
v 0.002904927358031273 0.11703050881624222 0.23998048901557922
v -0.008132729679346085 0.102211594581604 0.23522178828716278
v -0.007016604766249657 0.09885670244693756 0.23645254969596863
v -0.011651498265564442 0.10389136523008347 0.23664481937885284
v -0.007500506937503815 0.10254166275262833 0.23996371030807495
v -0.015208739787340164 0.10218802839517593 0.23990674316883087
v -0.00977257452905178 0.09583348035812378 0.23667576909065247
v -0.011554740369319916 0.09512154012918472 0.23995842039585114
v -0.015558524988591671 0.09915589541196823 0.23634129762649536
v -0.013340911827981472 0.09518874436616898 0.23520001769065857
v -0.013483699411153793 0.10388724505901337 0.23520001769065857
v 0.25380998849868774 -0.017611367627978325 0.188410222530365
v 0.25380998849868774 -0.008618234656751156 0.18922238051891327
v 0.25380998849868774 -0.009490073658525944 0.18488498032093048
v 0.25380998849868774 -0.01644708961248398 0.19100798666477203
v 0.25380998849868774 -0.017201343551278114 0.18575097620487213
v 0.25380998849868774 -0.01505034789443016 0.1836891919374466
v 0.25380998849868774 -0.011162631213665009 0.19196532666683197
v 0.25380998849868774 -0.012440799735486507 0.1833215355873108
v 0.25380998849868774 -0.013772083446383476 0.19233298301696777
v 0.25380998849868774 0.009355483576655388 0.18578825891017914
v 0.25380998849868774 0.006846431642770767 0.1852012574672699
v 0.25380998849868774 0.0063321879133582115 0.1865890920162201
v 0.25380998849868774 0.009100702591240406 0.18735335767269135
v 0.25380998849868774 0.00818770844489336 0.1847812533378601
v 0.25380998849868774 0.007479396648705006 0.18784546852111816
v 0.2539899945259094 -0.008601677604019642 0.18724475800991058
v 0.2539899945259094 -0.0164471585303545 0.19100813567638397
v 0.2539899945259094 -0.017611270770430565 0.18840976059436798
v 0.2539899945259094 -0.009765787981450558 0.1846463680267334
v 0.2539899945259094 -0.009011480025947094 0.18990358710289001
v 0.2539899945259094 -0.011011929251253605 0.19187204539775848
v 0.2539899945259094 -0.017201486974954605 0.18575097620487213
v 0.2539899945259094 -0.014893397688865662 0.18359826505184174
v 0.2539899945259094 -0.013598091900348663 0.19237226247787476
v 0.2539899945259094 -0.012268454767763615 0.18336549401283264
v 0.2539899945259094 0.0031787557527422905 0.1882558912038803
v 0.2539899945259094 0.0029574488289654255 0.1905677169561386
v 0.2539899945259094 0.0006082842592149973 0.19039860367774963
v 0.2539899945259094 0.0008296063169836998 0.18808677792549133
v 0.25380998849868774 -0.005651277955621481 0.1920272409915924
v 0.25380998849868774 -0.002545138355344534 0.19206541776657104
v 0.25380998849868774 -0.004118237178772688 0.19066472351551056
v 0.25380998849868774 -0.003528720000758767 0.1938706636428833
v 0.25380998849868774 -0.005223285872489214 0.19338442385196686
v 0.25380998849868774 0.003276558592915535 0.1884920448064804
v 0.25380998849868774 0.0006558666937053204 0.18835538625717163
v 0.25380998849868774 0.0005104914307594299 0.19016246497631073
v 0.25380998849868774 0.0031311828643083572 0.1902991235256195
v 0.25380998849868774 0.0018827151507139206 0.1877966821193695
v 0.25380998849868774 0.0019043339416384697 0.19085782766342163
v 0.2539899945259094 -0.0056678783148527145 0.19258716702461243
v 0.2539899945259094 -0.002987789921462536 0.19127199053764343
v 0.2539899945259094 -0.002562212524935603 0.1926288902759552
v 0.2539899945259094 -0.004683064296841621 0.19078323245048523
v 0.2539899945259094 -0.004096574615687132 0.19398991763591766
v 0.2539899945259094 0.015356187708675861 0.1827903836965561
v 0.2539899945259094 0.014957454986870289 0.18456771969795227
v 0.2539899945259094 0.013261492364108562 0.18472911417484283
v 0.2539899945259094 0.012263077311217785 0.18333575129508972
v 0.2539899945259094 0.013819416053593159 0.18168070912361145
v 0.25380998849868774 0.015436072833836079 0.1839524656534195
v 0.25380998849868774 0.012638161890208721 0.1823420226573944
v 0.25380998849868774 0.01245513092726469 0.18390794098377228
v 0.25380998849868774 0.014558597467839718 0.18184912204742432
v 0.25380998849868774 0.013599363155663013 0.18487326800823212
v 0.2539899945259094 0.008771173655986786 0.18763357400894165
v 0.2539899945259094 0.006685658358037472 0.18748849630355835
v 0.2539899945259094 0.00945492833852768 0.1860673576593399
v 0.2539899945259094 0.006772490218281746 0.18511906266212463
v 0.2539899945259094 0.00852557085454464 0.1849253922700882
v -0.1824682652950287 -0.1637633889913559 1.3060259819030762
v -0.1825631707906723 0.1637633889913559 1.30605149269104
v -0.23695002496242523 -0.1637105643749237 1.1028618812561035
v -0.23693576455116272 0.16376341879367828 1.1029675006866455
v -0.18391361832618713 0.15001393854618073 1.2892900705337524
v -0.1840711086988449 -0.15001384913921356 1.289332389831543
v -0.22619277238845825 0.10468997806310654 1.1221903562545776
v -0.2297605276107788 0.1500137746334076 1.1181679964065552
v -0.2260306477546692 0.12523002922534943 1.1221469640731812
v -0.22982017695903778 -0.1500137597322464 1.118183970451355
v -0.23315463960170746 -0.05502999946475029 1.1103229522705078
v -0.2356361597776413 -0.09503000229597092 1.1015253067016602
v -0.2331981062889099 -0.09503000229597092 1.1103346347808838
v -0.2356361597776413 -0.05502999946475029 1.1015253067016602
v -0.2523317337036133 -0.05502999946475029 1.0388301610946655
v -0.25223514437675476 -0.09503000229597092 1.038804292678833
v -0.18344441056251526 -0.14592695236206055 0.9272230863571167
v -0.18437625467777252 -0.14092695713043213 0.9296302795410156
v -0.1859906017780304 -0.14592695236206055 0.9307544231414795
v -0.18161934614181519 -0.14092695713043213 0.930467963218689
v -0.17977763712406158 -0.14592695236206055 0.9314186573028564
v -0.18178394436836243 -0.14092695713043213 0.9272230863571167
v -0.17611418664455414 -0.14092695713043213 0.9455000162124634
v -0.18911418318748474 -0.14092695713043213 0.9455000162124634
v -0.17611418664455414 -0.14314918220043182 0.9225000143051147
v -0.18911418318748474 -0.14319968223571777 0.9225000143051147
v -0.18911418318748474 0.14092695713043213 0.9455000162124634
v -0.18261417746543884 0.14342695474624634 0.9309314489364624
v -0.17611418664455414 0.14092695713043213 0.9455000162124634
v -0.18085210025310516 0.14092695713043213 0.9296302795410156
v -0.18344441056251526 0.14092695713043213 0.9272230863571167
v -0.17611418664455414 0.14342695474624634 0.9225000143051147
v -0.18911418318748474 0.14292696118354797 0.9225000143051147
v -0.18562102317810059 0.14592695236206055 0.9302003383636475
v -0.18178394436836243 0.14592695236206055 0.9272230863571167
v -0.2143016755580902 0.04143664613366127 0.9298847913742065
v -0.21211418509483337 0.03838454186916351 0.9297548532485962
v -0.2171141803264618 0.03740886598825455 0.927079439163208
v -0.2171141803264618 0.0407547689974308 0.927384614944458
v -0.21211418509483337 0.03661979362368584 0.9265722036361694
v -0.21211418509483337 0.03350000083446503 0.9455000162124634
v -0.21211418509483337 0.04650000110268593 0.9455000162124634
v -0.21411418914794922 0.04650000482797623 0.9225000143051147
v -0.2171141803264618 -0.03668281435966492 0.9306466579437256
v -0.21211418509483337 -0.04129713028669357 0.9301009178161621
v -0.2171141803264618 -0.04289167374372482 0.9301410913467407
v -0.21211418509483337 -0.0403047539293766 0.9273263216018677
v -0.2171141803264618 -0.03924523666501045 0.927384614944458
v -0.21211418509483337 -0.0383981391787529 0.9295730590820312
v -0.21211418509483337 -0.03350000083446503 0.9455000162124634
v -0.21211418509483337 -0.04650000110268593 0.9455000162124634
v -0.21433641016483307 -0.03350000083446503 0.9225000143051147
v -0.21438691020011902 -0.04650000482797623 0.9225000143051147
v -0.15368737280368805 -0.15351644158363342 1.0457038879394531
v -0.15923866629600525 -0.15851643681526184 1.0479707717895508
v -0.15687625110149384 -0.15351644158363342 1.0451232194900513
v -0.15698347985744476 -0.15851643681526184 1.0438088178634644
v -0.15477892756462097 -0.15351644158363342 1.042651891708374
v -0.1532731056213379 -0.15851643681526184 1.044157862663269
v -0.14861419796943665 -0.15573866665363312 1.0509929656982422
v -0.14861418306827545 -0.15351642668247223 1.0279929637908936
v -0.16161417961120605 -0.15351642668247223 1.0509929656982422
v -0.16161417961120605 -0.15351642668247223 1.0279929637908936
v -0.13586418330669403 -0.15291981399059296 1.002500057220459
v -0.14223657548427582 -0.15041981637477875 0.997768759727478
v -0.15886418521404266 -0.15041981637477875 1.002500057220459
v -0.13586418330669403 -0.1524198204278946 0.9895000457763672
v -0.14075663685798645 -0.15041981637477875 0.9948762655258179
v -0.1440092772245407 -0.1522948145866394 0.995043158531189
v -0.15886418521404266 -0.15041981637477875 0.9895000457763672
v -0.14052309095859528 -0.15541982650756836 0.9956647157669067
v -0.14423798024654388 -0.15541982650756836 0.9991689920425415
v -0.17611418664455414 0.14592695236206055 0.9345000982284546
v -0.15368737280368805 0.15851643681526184 1.0457038879394531
v -0.15378454327583313 0.15588486194610596 1.0431632995605469
v -0.15923866629600525 0.15351644158363342 1.0479707717895508
v -0.1586041897535324 0.15851643681526184 1.0422362089157104
v -0.15698347985744476 0.15351644158363342 1.0438088178634644
v -0.14861419796943665 0.15601643919944763 1.0509929656982422
v -0.14861418306827545 0.15351642668247223 1.0279929637908936
v -0.16161417961120605 0.15351642668247223 1.0279929637908936
v -0.21847783029079437 0.04650000482797623 0.9345000982284546
v -0.21939991414546967 0.03350000083446503 0.934325098991394
v -0.14854520559310913 -0.15976980328559875 1.0388202667236328
v -0.16160298883914948 -0.16057877242565155 1.0389763116836548
v -0.1476518213748932 -0.15748579800128937 0.9892541170120239
v -0.1846323013305664 -0.15204545855522156 0.9455007314682007
v -0.18926848471164703 -0.1512162983417511 0.934314489364624
v -0.17498347163200378 -0.15460963547229767 0.9343483448028564
v -0.18951669335365295 0.1509033888578415 0.9342455863952637
v -0.17583078145980835 0.153533935546875 0.934332013130188
v -0.18079356849193573 0.15313205122947693 0.9455047845840454
v -0.16161417961120605 0.15851642191410065 1.0509929656982422
v -0.14856241643428802 0.1599273532629013 1.0388309955596924
v -0.1665840595960617 -0.16115359961986542 1.036227822303772
v -0.1848500519990921 -0.15791738033294678 1.0362366437911987
v -0.1666179597377777 -0.1618655025959015 1.0404788255691528
v -0.19231697916984558 -0.15558619797229767 1.0405879020690918
v -0.213457390666008 -0.13214315474033356 1.036255955696106
v -0.21112804114818573 -0.1364608258008957 1.0411887168884277
v -0.219346284866333 -0.1050519272685051 1.0362529754638672
v -0.2190820425748825 -0.10699734836816788 1.0407994985580444
v -0.21902891993522644 0.1049773320555687 1.0362545251846313
v -0.21889279782772064 0.10594549030065536 1.0411964654922485
v -0.20740869641304016 0.14237499237060547 1.041233777999878
v -0.21359480917453766 0.13129203021526337 1.0362547636032104
v -0.19693009555339813 0.15235088765621185 1.0362441539764404
v -0.19179189205169678 0.15481068193912506 1.041235089302063
v -0.16669420897960663 0.16181863844394684 1.0362335443496704
v -0.16603045165538788 0.1621723473072052 1.0401681661605835
v -0.22011420130729675 0.04216666892170906 0.9455001354217529
v -0.22011420130729675 -0.03783333674073219 0.9455001354217529
v -0.22011418640613556 -0.03350000083446503 0.9345000982284546
v -0.22011418640613556 -0.04650000110268593 0.9345000982284546
v -0.1478641778230667 -0.15947875380516052 1.002500057220459
v -0.15297862887382507 -0.16188950836658478 1.0279922485351562
v -0.15902243554592133 -0.1598578542470932 1.002497911453247
v -0.15885864198207855 -0.15860596299171448 0.9894996881484985
v -0.2137560248374939 0.13397850096225739 1.0397175550460815
v -0.1572706699371338 0.16188733279705048 1.02799391746521
v -0.14762063324451447 -0.1578434407711029 0.9552251100540161
v -0.15652941167354584 -0.15642672777175903 0.9342501163482666
v -0.14761418104171753 -0.15640784800052643 0.9342501163482666
v -0.14761418104171753 0.15640784800052643 0.9342501163482666
v -0.15652941167354584 0.15642672777175903 0.9342501163482666
v -0.14762507379055023 0.15822114050388336 0.978175163269043
v -0.21942833065986633 0.07383935153484344 1.0054329633712769
v -0.2188510298728943 0.07866853475570679 0.9976217746734619
v -0.21902328729629517 0.07728300988674164 1.0117830038070679
v -0.21818338334560394 0.06671497970819473 1.0063374042510986
v -0.21905536949634552 0.06461331248283386 1.0138301849365234
v -0.2195999175310135 0.061331454664468765 0.9976217746734619
v -0.22000809013843536 0.06945212185382843 1.0004533529281616
v -0.21818338334560394 -0.07328501343727112 1.0063374042510986
v -0.219364196062088 -0.06706181168556213 1.0154657363891602
v -0.21905536949634552 -0.08077351003885269 1.004500150680542
v -0.2182876318693161 -0.06998110562562943 1.0010616779327393
v -0.219364196062088 -0.07348229736089706 0.9949530363082886
v -0.2188510298728943 -0.06133146584033966 0.9976217746734619
v -0.21920374035835266 -0.0665573924779892 1.006320595741272
v -0.20213250815868378 -0.14970101416110992 1.0362440347671509
v -0.18206018209457397 -0.15394507348537445 0.9330272674560547
v -0.20484952628612518 -0.14108794927597046 0.9342570304870605
v -0.1948380321264267 -0.1493610292673111 0.9342676401138306
v -0.14761418104171753 -0.15440483391284943 0.9342501163482666
v -0.21052902936935425 -0.13602232933044434 0.934242844581604
v -0.21965157985687256 -0.11288443207740784 0.9342477321624756
v -0.2050614058971405 0.1411208212375641 0.9342519044876099
v -0.19602471590042114 0.14865648746490479 0.9342553615570068
v -0.1816844493150711 0.15397922694683075 0.9330967664718628
v -0.16952182352542877 0.15593810379505157 0.9342563152313232
v -0.14761418104171753 0.15440483391284943 0.9342501163482666
v -0.21575476229190826 -0.12767766416072845 0.9342554807662964
v -0.2190357893705368 -0.11936373263597488 0.9342526197433472
v -0.22189903259277344 -0.10407742112874985 0.9342511892318726
v -0.2198478728532791 0.11149965226650238 0.9342484474182129
v -0.22111693024635315 0.1143629178404808 0.9342573881149292
v -0.20958510041236877 0.13746346533298492 0.9342459440231323
v -0.2221141755580902 0.016499999910593033 0.9342501163482666
v -0.14761418104171753 -0.16228626668453217 1.0392429828643799
v -0.15659931302070618 -0.16261109709739685 1.0392429828643799
v -0.2016150951385498 0.15004751086235046 1.0392476320266724
v -0.17629766464233398 0.16269491612911224 1.039242148399353
v -0.21177300810813904 -0.13767346739768982 1.0392769575119019
v -0.2206386774778366 0.09293950349092484 1.0392465591430664
v -0.15659931302070618 0.16261109709739685 1.0392429828643799
v -0.14761418104171753 0.16228626668453217 1.0392429828643799
v -0.14761418104171753 0.16429226100444794 1.0392429828643799
v -0.14761418104171753 -0.16429226100444794 1.0392429828643799
v -0.15652941167354584 -0.16461482644081116 1.0392429828643799
v -0.22064051032066345 -0.022091232240200043 0.9865012168884277
v -0.2212720811367035 -0.0332835391163826 0.9773799180984497
v -0.22059038281440735 -0.044475849717855453 0.9865012168884277
v -0.22075419127941132 -0.03786006197333336 1.00107741355896
v -0.22011420130729675 -0.012553023174405098 0.9917857646942139
v -0.22136418521404266 -0.02452072873711586 0.9968428611755371
v -0.2209891825914383 0.02068544179201126 0.9913253784179688
v -0.2206975221633911 0.0 1.0011487007141113
v -0.22093237936496735 0.012120210565626621 0.9918326139450073
v -0.22068561613559723 0.03299999609589577 0.9773799180984497
v -0.22123917937278748 0.037576522678136826 1.00107741355896
v -0.22068561613559723 0.04419231042265892 0.9865012168884277
v -0.22011418640613556 0.007802919484674931 0.980360746383667
v -0.22011418640613556 0.0 0.9782500267028809
v -0.22011418640613556 -0.001901003997772932 0.9787262678146362
v -0.19050876796245575 -0.160430446267128 1.0392414331436157
v -0.22150254249572754 -0.1145838126540184 1.0392597913742065
v -0.22081564366817474 0.1149367019534111 1.039264440536499
v -0.22170621156692505 0.06688432395458221 1.0111687183380127
v -0.22193747758865356 -0.07716723531484604 1.00319504737854
v -0.22185051441192627 -0.06382681429386139 1.000184416770935
v -0.2221141755580902 -0.010995186865329742 0.993049144744873
v -0.2221141755580902 -0.007802919950336218 0.980360746383667
v -0.2221141755580902 0.001901003997772932 0.9787262678146362
v -0.2221141755580902 0.016499999910593033 1.0059250593185425
v -0.2221141755580902 0.0 0.9782500267028809
v -0.15877045691013336 -0.07319679856300354 1.3040040731430054
v -0.1421946883201599 -0.07774274051189423 1.3010292053222656
v -0.1439596563577652 -0.08047063648700714 1.3010292053222656
v -0.13586418330669403 -0.07319679856300354 1.3010292053222656
v -0.14051561057567596 -0.08161312341690063 1.3010292053222656
v -0.15886418521404266 -0.08619680255651474 1.3010292053222656
v -0.14613768458366394 -0.076433464884758 1.3060290813446045
v -0.14093735814094543 -0.08090768754482269 1.3060290813446045
v -0.14159052073955536 -0.0772547647356987 1.3060290813446045
v -0.14357879757881165 0.08331561088562012 1.3060290813446045
v -0.14093735814094543 0.08090768754482269 1.3010292053222656
v -0.1421946883201599 0.07774274051189423 1.3060290813446045
v -0.14253365993499756 0.07774274051189423 1.3010292053222656
v -0.14571402966976166 0.07607908546924591 1.3060290813446045
v -0.14383207261562347 0.0806916207075119 1.3010292053222656
v -0.1587434709072113 0.07319679856300354 1.3045545816421509
v -0.1587759256362915 0.08619686961174011 1.304429054260254
v -0.13586418330669403 0.08619680255651474 1.3032513856887817
v -0.13586418330669403 0.07319679856300354 1.3033019304275513
v -0.1541212797164917 -0.14749951660633087 1.0669044256210327
v -0.1524294763803482 -0.16496023535728455 1.0654630661010742
v -0.15881702303886414 -0.16528202593326569 1.0641889572143555
v -0.15116114914417267 -0.1474999338388443 1.062893033027649
v -0.1534847766160965 -0.16504396498203278 1.0601736307144165
v -0.15757228434085846 -0.14749951660633087 1.0605546236038208
v -0.15290798246860504 -0.1590183973312378 1.0416876077651978
v -0.15334750711917877 -0.16336794197559357 1.0416901111602783
v -0.15283839404582977 -0.1590178906917572 1.0473333597183228
v -0.15376020967960358 -0.16376951336860657 1.0476746559143066
v -0.15793493390083313 -0.15901894867420197 1.0468125343322754
v -0.15837837755680084 -0.16410717368125916 1.0431265830993652
v -0.15340563654899597 0.1642497032880783 1.0477931499481201
v -0.15260964632034302 0.15901388227939606 1.0461053848266602
v -0.15846651792526245 0.1590150147676468 1.0437690019607544
v -0.15784305334091187 0.16289223730564117 1.0446394681930542
v -0.15169906616210938 0.1598604917526245 1.041412115097046
v -0.15369363129138947 0.16397905349731445 1.0406708717346191
v -0.15619917213916779 0.1650637835264206 1.0601390600204468
v -0.15872825682163239 0.14750055968761444 1.0625876188278198
v -0.15214645862579346 0.14749668538570404 1.060377597808838
v -0.1519022285938263 0.1649213582277298 1.0628162622451782
v -0.15553396940231323 0.14749903976917267 1.0674539804458618
v -0.15420804917812347 0.1655830442905426 1.0670188665390015
v -0.15853331983089447 0.16540877521038055 1.063659429550171
v -0.1605834662914276 0.16496722400188446 1.0408440828323364
v -0.22626753151416779 0.051794178783893585 1.0558360815048218
v -0.22957009077072144 0.050459787249565125 1.0584135055541992
v -0.2341594696044922 0.0548815056681633 1.0683624744415283
v -0.13586418330669403 -0.08619680255651474 1.3060290813446045
v -0.15149322152137756 -0.086197130382061 1.306957721710205
v -0.1615866869688034 -0.16133351624011993 1.0393025875091553
v -0.15970128774642944 -0.14750052988529205 1.0654491186141968
v -0.1416800171136856 -0.15808932483196259 1.2653439044952393
v -0.1437910497188568 -0.15808932483196259 1.2622636556625366
v -0.15886418521404266 -0.15808932483196259 1.2699744701385498
v -0.13887271285057068 -0.15808932483196259 1.2622300386428833
v -0.15886418521404266 -0.15808932483196259 1.256974458694458
v -0.13586418330669403 -0.16008932888507843 1.2699744701385498
v -0.14429838955402374 -0.163089320063591 1.2664042711257935
v -0.13867375254631042 -0.163089320063591 1.2608224153518677
v -0.1430119276046753 -0.163089320063591 1.2606596946716309
v -0.14394453167915344 -0.159390389919281 1.1644476652145386
v -0.15886418521404266 -0.15720289945602417 1.169974446296692
v -0.14058715105056763 -0.15720289945602417 1.1643047332763672
v -0.13586418330669403 -0.15942512452602386 1.1699745655059814
v -0.15886418521404266 -0.15720289945602417 1.1569744348526
v -0.13899192214012146 -0.15720289945602417 1.1609054803848267
v -0.13962870836257935 -0.1622028946876526 1.161596655845642
v -0.14319445192813873 -0.1622028946876526 1.161697506904602
v -0.2192375659942627 -0.1187872439622879 1.0444302558898926
v -0.22349193692207336 -0.1351863294839859 1.0631985664367676
v -0.20266193151474 -0.14912007749080658 1.0392882823944092
v -0.2166474610567093 -0.12853677570819855 1.0392189025878906
v -0.23803290724754333 0.11707968264818192 1.07966947555542
v -0.23284733295440674 -0.053110986948013306 1.0669190883636475
v -0.22166810929775238 0.1107160896062851 1.0490610599517822
v -0.23238813877105713 0.06809335947036743 1.0659611225128174
v -0.22578328847885132 0.06653337180614471 1.0534545183181763
v -0.22616608440876007 -0.0516778901219368 1.055341124534607
v -0.22519612312316895 -0.0640040934085846 1.0520875453948975
v -0.23657941818237305 -0.10896319150924683 1.0758355855941772
v -0.23375344276428223 -0.06761669367551804 1.0672000646591187
v -0.21231277287006378 0.13495175540447235 1.0394448041915894
v -0.21589605510234833 0.13878583908081055 1.0531071424484253
v -0.1620824635028839 0.16273507475852966 1.0507481098175049
v -0.1483917534351349 0.16136173903942108 1.0507781505584717
v -0.1945677101612091 -0.16593043506145477 1.0744414329528809
v -0.1720360815525055 -0.1630287617444992 1.03925359249115
v -0.23732447624206543 -0.16457943618297577 1.0811550617218018
v -0.2185923308134079 -0.15102148056030273 1.062214732170105
v -0.19523443281650543 -0.16058963537216187 1.0602033138275146
v -0.20874717831611633 -0.14851036667823792 1.050438404083252
v -0.1469511091709137 -0.1656927615404129 1.0648701190948486
v -0.24065658450126648 -0.16842620074748993 1.0923888683319092
v -0.19884610176086426 -0.15571272373199463 1.039257526397705
v -0.22373253107070923 -0.134775772690773 1.0594063997268677
v -0.22364483773708344 -0.11018801480531693 1.0484877824783325
v -0.22198708355426788 0.1207382008433342 1.046159029006958
v -0.22170889377593994 0.13723856210708618 1.0575777292251587
v -0.21104472875595093 0.1469418704509735 1.0528905391693115
v -0.2084210067987442 0.14415058493614197 1.0391359329223633
v -0.20649529993534088 0.16050292551517487 1.0659105777740479
v -0.19154709577560425 0.16021806001663208 1.052566647529602
v -0.19046159088611603 0.16734273731708527 1.0792467594146729
v -0.19193971157073975 0.15704688429832458 1.0393317937850952
v -0.14760722219944 0.16642609238624573 1.0838037729263306
v -0.24070769548416138 0.16814179718494415 1.0921059846878052
v -0.23724207282066345 0.1644771546125412 1.0810798406600952
v -0.22294045984745026 0.15383727848529816 1.066331148147583
v -0.15886418521404266 0.15808932483196259 1.256974458694458
v -0.1421946883201599 0.15808932483196259 1.261520504951477
v -0.15886418521404266 0.15808932483196259 1.2699744701385498
v -0.14379099011421204 0.15808932483196259 1.2646853923797607
v -0.14048536121845245 0.15808932483196259 1.2654356956481934
v -0.13586418330669403 0.15808932483196259 1.256974458694458
v -0.14377732574939728 0.163089320063591 1.2604079246520996
v -0.1416800171136856 0.163089320063591 1.2653439044952393
v -0.13711005449295044 0.163089320063591 1.2652541399002075
v -0.15873059630393982 0.1595999151468277 1.156943917274475
v -0.14319445192813873 0.15720289945602417 1.161697506904602
v -0.15886418521404266 0.15720289945602417 1.169974446296692
v -0.14394453167915344 0.16001540422439575 1.1644476652145386
v -0.1402328461408615 0.15720289945602417 1.1651138067245483
v -0.13586418330669403 0.15720289945602417 1.1569744348526
v -0.14008142054080963 0.1622028946876526 1.1609728336334229
v -0.14058715105056763 0.1622028946876526 1.1643047332763672
v -0.2385774850845337 -0.11522689461708069 1.0764641761779785
v -0.23790402710437775 0.1064591184258461 1.0739043951034546
v -0.1478641927242279 -0.07753013074398041 1.3086856603622437
v -0.1478641778230667 0.07319680601358414 1.308685541152954
v -0.1478641778230667 0.08619680255651474 1.308685541152954
v -0.1486130803823471 -0.1626378297805786 1.0433272123336792
v -0.16182707250118256 -0.1634598970413208 1.050989031791687
v -0.15396369993686676 -0.16372810304164886 1.0583953857421875
v -0.1493428349494934 -0.16402119398117065 1.064939260482788
v -0.16000716388225555 -0.1643059104681015 1.0656601190567017
v -0.14764899015426636 -0.16431249678134918 1.1699563264846802
v -0.14776015281677246 -0.16356804966926575 1.1569609642028809
v -0.20027518272399902 0.15257056057453156 1.0515772104263306
v -0.22158220410346985 0.1511959582567215 1.0674067735671997
v -0.23745839297771454 0.1613241285085678 1.0857865810394287
v -0.2316136360168457 0.16378168761730194 1.0833148956298828
v -0.23681144416332245 0.16510170698165894 1.0984246730804443
v -0.23745456337928772 -0.1616220921278 1.0978895425796509
v -0.23308905959129333 -0.1664653718471527 1.099324107170105
v -0.2343759685754776 -0.16543841361999512 1.0878565311431885
v -0.2150307595729828 -0.14809294044971466 1.0609941482543945
v -0.1990305781364441 -0.15616320073604584 1.058842658996582
v -0.23393043875694275 -0.15813246369361877 1.0800416469573975
v -0.23875480890274048 -0.15961304306983948 1.0896052122116089
v -0.16499096155166626 0.1630450040102005 1.0394459962844849
v -0.1596100777387619 0.16428710520267487 1.066667079925537
v -0.14905664324760437 0.16396193206310272 1.0641682147979736
v -0.15546973049640656 0.16379058361053467 1.0585520267486572
v -0.14761461317539215 -0.16833557188510895 1.2992485761642456
v -0.1837833821773529 -0.168441042304039 1.304902195930481
v -0.14762137830257416 0.16832761466503143 1.2982451915740967
v -0.18358683586120605 0.16794812679290771 1.3064934015274048
v -0.1829655021429062 0.1644604504108429 1.3098728656768799
v -0.14761877059936523 0.1642390489578247 1.3097271919250488
v -0.14757689833641052 -0.16393005847930908 1.310376524925232
v -0.18294386565685272 -0.16494731605052948 1.3097952604293823
v -0.15058863162994385 0.16416390240192413 1.2699679136276245
v -0.13586418330669403 0.1622028946876526 1.169974446296692
v -0.14765159785747528 0.16426071524620056 1.169948935508728
v -0.14776042103767395 0.1638401746749878 1.1569584608078003
v -0.23395195603370667 -0.16533158719539642 1.1005135774612427
v -0.23871822655200958 -0.16536952555179596 1.1014646291732788
v -0.1787615716457367 -0.16558051109313965 1.306486964225769
v -0.17866250872612 0.16519767045974731 1.3068567514419556
v -0.23391731083393097 0.16558058559894562 1.1006429195404053
v -0.23870116472244263 0.1651977151632309 1.101528286933899
v -0.14761552214622498 0.16163161396980286 1.3084603548049927
v -0.14761370420455933 -0.16258470714092255 1.3082971572875977
v -0.17437322437763214 -0.16515924036502838 1.3074653148651123
v -0.17433348298072815 0.1650496870279312 1.3075648546218872
v -0.18468643724918365 -0.16558296978473663 1.0784475803375244
v -0.14761413633823395 -0.16624468564987183 1.2991639375686646
v -0.1478641778230667 -0.16609540581703186 1.256974458694458
v -0.1478641778230667 -0.16619069874286652 1.2699744701385498
v -0.15886405110359192 -0.16639597713947296 1.260224461555481
v -0.15886420011520386 -0.1656648814678192 1.1634745597839355
v -0.23054613173007965 0.16704802215099335 1.097487211227417
v -0.203936368227005 0.16064317524433136 1.0694102048873901
v -0.1478641927242279 0.16612939536571503 1.2613078355789185
v -0.15886418521404266 0.16636943817138672 1.256974458694458
v -0.1588638424873352 0.165714293718338 1.1699745655059814
v -0.2312462478876114 -0.04482000321149826 1.0982476472854614
v -0.22965869307518005 -0.04482000321149826 1.1113847494125366
v -0.2291903793811798 0.15372000634670258 1.1112592220306396
v -0.1792321503162384 0.15372003614902496 1.2947306632995605
v -0.17915639281272888 -0.15371999144554138 1.294710397720337
v -0.22919036448001862 -0.15372000634670258 1.1112592220306396
v -0.23240534961223602 -0.10481999814510345 1.0985581874847412
v -0.228370800614357 -0.10481999814510345 1.111039638519287
v -0.23092885315418243 -0.16272704303264618 1.0963656902313232
v -0.14761418104171753 -0.159393310546875 1.3061779737472534
v -0.1479477882385254 -0.1625981479883194 1.3044816255569458
v -0.14761418104171753 -0.08769680559635162 1.3061785697937012
v -0.14847132563591003 -0.08769681304693222 1.3076786994934082
v -0.1481737494468689 0.07168737053871155 1.3102190494537354
v -0.14761418104171753 0.07169680297374725 1.3061785697937012
v -0.1481143981218338 -0.07169429212808609 1.3099030256271362
v -0.14761418104171753 -0.07169680297374725 1.3061785697937012
v -0.1475973278284073 -0.16411742568016052 1.2706154584884644
v -0.14864274859428406 -0.1644573211669922 1.306709885597229
v -0.08924990892410278 -0.024817850440740585 1.2949992418289185
v -0.09386909008026123 -0.016118349507451057 1.2949992418289185
v -0.08541902899742126 -0.017086829990148544 1.2949998378753662
v -0.09386909008026123 0.022881649434566498 1.2949992418289185
v -0.08541902899742126 0.02191317081451416 1.2949998378753662
v -0.08924990892410278 0.014182153157889843 1.2949990034103394
v -0.09571963548660278 -0.1484990119934082 1.0179455280303955
v -0.08987604081630707 -0.14849868416786194 1.0168637037277222
v -0.09164167940616608 -0.1484975814819336 1.011370301246643
v -0.09909792244434357 -0.1484934538602829 1.0070364475250244
v -0.08987604081630707 -0.14849871397018433 1.0068638324737549
v -0.09253866970539093 -0.1484995186328888 0.9996417760848999
v -0.12269870936870575 -0.1456523984670639 0.5835047364234924
v -0.12154997885227203 -0.15065239369869232 0.5844695568084717
v -0.12591607868671417 -0.1456523984670639 0.5833229422569275
v -0.12723247706890106 -0.15065239369869232 0.583832859992981
v -0.12443016469478607 -0.1456523984670639 0.5811421275138855
v -0.12419821321964264 -0.15065239369869232 0.5811421275138855
v -0.11781418323516846 -0.1478746235370636 0.5738365650177002
v -0.13081417977809906 -0.1481523960828781 0.5738365650177002
v -0.11781418323516846 -0.1456523984670639 0.5992499589920044
v -0.13081417977809906 -0.1456523984670639 0.5992499589920044
v -0.025375567376613617 -0.1456523984670639 0.5837716460227966
v -0.021102653816342354 -0.15065239369869232 0.5840556025505066
v -0.025587918236851692 -0.15065239369869232 0.583054780960083
v -0.02403014525771141 -0.1456523984670639 0.5811421275138855
v -0.023798206821084023 -0.15065239369869232 0.5811421275138855
v -0.02224043570458889 -0.1456523984670639 0.583054780960083
v -0.01741417683660984 -0.1456523984670639 0.5992499589920044
v -0.030414175242185593 -0.1456523984670639 0.5992499589920044
v -0.01741417869925499 -0.14792512357234955 0.5752500295639038
v -0.030414175242185593 -0.1478746235370636 0.5752500295639038
v -0.09836716949939728 -0.14849942922592163 1.227885127067566
v -0.08987468481063843 -0.1484992504119873 1.226858377456665
v -0.09370826184749603 -0.14849768579006195 1.219072937965393
v -0.0872640460729599 -0.014374956488609314 1.3058717250823975
v -0.09411537647247314 -0.02094079554080963 1.3062859773635864
v -0.0884280651807785 -0.02435106784105301 1.3059444427490234
v -0.08511139452457428 0.038931235671043396 1.305729627609253
v -0.08649502694606781 0.03958149626851082 1.295000672340393
v -0.09081956744194031 0.04236209765076637 1.3060874938964844
v -0.09326547384262085 0.039321206510066986 1.2949973344802856
v -0.09197010099887848 0.032391324639320374 1.3061795234680176
v -0.0894712507724762 0.03320881724357605 1.2949990034103394
v -0.08511136472225189 0.02093113213777542 1.305728793144226
v -0.09081970155239105 0.024362221360206604 1.3060921430587769
v -0.09196996688842773 0.014391445554792881 1.3061753511428833
v -0.08614952862262726 -0.04192451015114784 1.305806279182434
v -0.08769836276769638 -0.03356701508164406 1.2950007915496826
v -0.08744120597839355 -0.033058080822229385 1.3058799505233765
v -0.09475730359554291 -0.036647405475378036 1.306321382522583
v -0.09297503530979156 -0.039831966161727905 1.294998049736023
v -0.08675053715705872 -0.0395718514919281 1.295000672340393
v -0.09838718175888062 0.14849944412708282 1.2222063541412354
v -0.0894528180360794 0.14849932491779327 1.221619963645935
v -0.09499351680278778 0.14849542081356049 1.229602575302124
v 0.030385825783014297 -0.05567805841565132 0.5837716460227966
v 0.03586201369762421 -0.05089960992336273 0.5847267508506775
v 0.03567994385957718 -0.05736025422811508 0.5849543213844299
v 0.030385825783014297 -0.054332632571458817 0.5811421275138855
v 0.035385824739933014 -0.05410069599747658 0.5811421275138855
v 0.030385825783014297 -0.052542924880981445 0.583054780960083
v 0.032608047127723694 -0.047716669738292694 0.5752500295639038
v 0.033600110560655594 -0.047716669738292694 0.5992499589920044
v 0.03265855461359024 -0.060716670006513596 0.5752500295639038
v 0.03319832682609558 -0.060716670006513596 0.5992499589920044
v 0.030385825783014297 0.05225527659058571 0.5837716460227966
v 0.035385824739933014 0.05517805740237236 0.5837716460227966
v 0.03591214120388031 0.05057308450341225 0.5849543213844299
v 0.030385825783014297 0.053600698709487915 0.5811421275138855
v 0.035385824739933014 0.05383263900876045 0.5811421275138855
v 0.030385825783014297 0.055390410125255585 0.583054780960083
v 0.032608047127723694 0.06021666154265404 0.5752500295639038
v 0.03413582593202591 0.06021666154265404 0.5992499589920044
v 0.03265855461359024 0.047216664999723434 0.5752500295639038
v 0.03413582593202591 0.047216664999723434 0.5992499589920044
v -0.023798206821084023 0.1456523984670639 0.5811421275138855
v -0.02403014525771141 0.15065239369869232 0.5811421275138855
v -0.025587918236851692 0.1456523984670639 0.583054780960083
v -0.025375567376613617 0.15065239369869232 0.5837716460227966
v -0.022452784702181816 0.1456523984670639 0.5837716460227966
v -0.021041369065642357 0.15065239369869232 0.5845099687576294
v -0.017398245632648468 0.1484626978635788 0.5992524027824402
v -0.03040517494082451 0.14940235018730164 0.5992513298988342
v -0.030414175242185593 0.1478746235370636 0.5752500295639038
v -0.01741417869925499 0.14792512357234955 0.5752500295639038
v -0.1457991749048233 0.08619669824838638 1.3068280220031738
v -0.14395570755004883 0.08183972537517548 1.3082722425460815
v -0.14490588009357452 0.07577666640281677 1.3079155683517456
v -0.1389845460653305 0.07663300633430481 1.306790828704834
v -0.135766863822937 0.08618880808353424 1.3076088428497314
v -0.13576745986938477 -0.08618959039449692 1.3074060678482056
v -0.14446686208248138 -0.083845354616642 1.3067848682403564
v -0.1391441971063614 -0.07649686932563782 1.3068337440490723
v -0.14745032787322998 0.16171392798423767 1.30575692653656
v -0.14583756029605865 -0.163026824593544 1.304476261138916
v -0.13902291655540466 -0.15107958018779755 0.8996840715408325
v -0.14815108478069305 -0.15131613612174988 0.8965058326721191
v -0.144921213388443 -0.15310513973236084 0.9021332263946533
v -0.14707979559898376 -0.1509409248828888 0.9099090099334717
v -0.14284786581993103 -0.15065217018127441 0.9057941436767578
v -0.13586066663265228 -0.15187515318393707 0.9094597101211548
v -0.14328664541244507 -0.15687105059623718 0.9980363845825195
v -0.1357545107603073 -0.15807142853736877 1.0023354291915894
v -0.1392333060503006 -0.15688224136829376 0.9931752681732178
v -0.14738991856575012 -0.15603037178516388 0.9894843101501465
v -0.1432258039712906 -0.15710929036140442 0.9936913251876831
v -0.14728596806526184 -0.15779240429401398 1.0031005144119263
v -0.09046587347984314 0.1484992653131485 1.235378384590149
v -0.09499502182006836 0.14849700033664703 1.239601969718933
v -0.09780797362327576 0.14849846065044403 1.2336431741714478
v -0.1404818445444107 0.16427890956401825 1.2618898153305054
v -0.14578837156295776 0.16387970745563507 1.2569670677185059
v -0.13583172857761383 0.16450615227222443 1.256962776184082
v -0.13582652807235718 0.16415268182754517 1.2699722051620483
v -0.14123991131782532 0.16586489975452423 1.2657822370529175
v -0.14484870433807373 0.16437803208827972 1.2631217241287231
v -0.14656223356723785 0.16390252113342285 1.2699748277664185
v -0.1440000981092453 0.1649663746356964 1.1657153367996216
v -0.14772796630859375 0.16309744119644165 1.1706160306930542
v -0.14742380380630493 0.1631428450345993 1.1569687128067017
v -0.1383754014968872 0.16296139359474182 1.166680097579956
v -0.13905228674411774 0.16298778355121613 1.1600970029830933
v -0.08636438846588135 0.038917604833841324 1.3069366216659546
v -0.0906984806060791 0.034011755138635635 1.3069690465927124
v -0.09225334227085114 0.0398089773952961 1.3073822259902954
v -0.08728881180286407 -0.03992036357522011 1.306875228881836
v -0.08685990422964096 -0.03512430936098099 1.3071621656417847
v -0.09182479977607727 -0.03993016108870506 1.3071534633636475
v -0.09226609766483307 -0.035375382751226425 1.3072725534439087
v -0.14313729107379913 -0.07645246386528015 1.3099346160888672
v -0.14550849795341492 -0.07736482471227646 1.3073140382766724
v -0.13910236954689026 -0.08084636926651001 1.3095605373382568
v -0.14572745561599731 -0.08072493970394135 1.3100299835205078
v -0.14001505076885223 0.08207186311483383 1.3095862865447998
v -0.14260080456733704 0.0764172375202179 1.309887170791626
v -0.09700366854667664 -0.14849579334259033 1.2322015762329102
v -0.09836879372596741 -0.14849953353405 1.2378813028335571
v -0.09126600623130798 -0.14849968254566193 1.2369861602783203
v -0.1476583033800125 -0.16322055459022522 1.156968355178833
v -0.14008256793022156 -0.16270290315151215 1.161374807357788
v -0.1358095407485962 -0.163460373878479 1.1569606065750122
v -0.14453302323818207 -0.16355392336845398 1.162636160850525
v -0.14740179479122162 -0.1633065938949585 1.1706149578094482
v -0.14265954494476318 -0.16330799460411072 1.1658223867416382
v -0.13580170273780823 -0.16366377472877502 1.1699626445770264
v -0.1395244300365448 -0.16600771248340607 1.2637238502502441
v -0.13581280410289764 -0.16443412005901337 1.269967794418335
v -0.13581380248069763 -0.16439111530780792 1.256961703300476
v -0.1435874104499817 -0.16378086805343628 1.259778618812561
v -0.1446458250284195 -0.16358932852745056 1.2655742168426514
v -0.09756322205066681 -0.14849913120269775 1.01333749294281
v -0.09731586277484894 -0.1600162833929062 1.012896180152893
v -0.09085249900817871 -0.15961182117462158 1.0124555826187134
v -0.09439827501773834 -0.15975089371204376 1.0179622173309326
v -0.1440582424402237 -0.1474982649087906 1.0593925714492798
v -0.1460031419992447 -0.14749972522258759 1.0666160583496094
v -0.139594167470932 -0.16467148065567017 1.065353274345398
v -0.13953033089637756 -0.14750005304813385 1.0653477907180786
v -0.141531839966774 -0.1627855747938156 1.0610142946243286
v -0.14017492532730103 -0.15410327911376953 0.9058938026428223
v -0.14171142876148224 -0.15454475581645966 0.899489164352417
v -0.1392933577299118 -0.15981437265872955 0.9975370168685913
v -0.09764893352985382 -0.14765185117721558 0.7931151390075684
v -0.09627500176429749 -0.1530607044696808 0.7926410436630249
v -0.09198041260242462 -0.154296413064003 0.791574239730835
v -0.0907420963048935 -0.14765438437461853 0.7924695014953613
v -0.09199671447277069 -0.15431901812553406 0.7972601652145386
v -0.09440745413303375 -0.14765408635139465 0.798343300819397
v -0.0970827043056488 -0.15440882742404938 0.7967121601104736
v -0.09696108102798462 -0.15839232504367828 1.0093961954116821
v -0.08908796310424805 -0.15837223827838898 1.0145318508148193
v -0.09691241383552551 -0.15896593034267426 1.019149661064148
v -0.08908769488334656 -0.1578044295310974 1.0045320987701416
v -0.09552803635597229 -0.15774282813072205 0.9995409250259399
v -0.0983898788690567 -0.14765238761901855 0.7820690870285034
v -0.09429939091205597 -0.14765238761901855 0.7898025512695312
v -0.08998322486877441 -0.14765238761901855 0.7812933325767517
v -0.03041277639567852 -0.15215326845645905 0.5874813199043274
v -0.09926074743270874 -0.16392074525356293 1.2353451251983643
v -0.09347657859325409 -0.16353274881839752 1.229440450668335
v -0.09156019985675812 -0.1484992653131485 1.2320492267608643
v -0.09022845327854156 -0.16346138715744019 1.2381919622421265
v -0.08893957734107971 -0.16318117082118988 1.2232475280761719
v -0.09853656589984894 -0.16371092200279236 1.221768856048584
v 0.03342272713780403 -0.14649584889411926 1.2491711378097534
v 0.023580368608236313 -0.1500185877084732 1.2761585712432861
v 0.032292574644088745 -0.13757991790771484 1.2838361263275146
v 0.037390004843473434 -0.13994385302066803 1.250489592552185
v 0.017666596919298172 -0.1456698328256607 1.2945241928100586
v 0.009683016687631607 -0.14895987510681152 1.295798420906067
v -0.02339555136859417 -0.15859928727149963 1.283931851387024
v -0.08295640349388123 -0.16305707395076752 1.3046361207962036
v -0.06213362142443657 0.0532732754945755 1.3041026592254639
v -0.14581044018268585 0.16493095457553864 1.3073852062225342
v -0.04689031466841698 0.15731148421764374 1.3027081489562988
v -0.07485233247280121 0.025711387395858765 1.3050391674041748
v -0.07906372845172882 -0.002316143596544862 1.3061007261276245
v -0.07485242187976837 0.005711325444281101 1.305039882659912
v -0.06922819465398788 -0.01772991381585598 1.305890679359436
v -0.07624971866607666 -0.014656621031463146 1.3061606884002686
v -0.0732278898358345 -0.005628227721899748 1.3049260377883911
v -0.06894369423389435 0.0006276157218962908 1.3046205043792725
v -0.06213362142443657 -0.05327323451638222 1.3041026592254639
v -0.07907256484031677 -0.022315748035907745 1.3062946796417236
v -0.07228096574544907 -0.02537214383482933 1.3059439659118652
v -0.06922858208417892 0.022276349365711212 1.3059314489364624
v -0.07322974503040314 0.014371254481375217 1.3049137592315674
v -0.07907718420028687 0.017685674130916595 1.3064804077148438
v -0.145784392952919 -0.1646462380886078 1.307629108428955
v 0.004868203774094582 -0.025495976209640503 1.297935128211975
v 0.011279899626970291 -0.020029958337545395 1.2960363626480103
v 0.005926970392465591 -0.005566658917814493 1.2968615293502808
v 0.005633112043142319 -0.01444263942539692 1.298008918762207
v 0.011773012578487396 -0.00013380125164985657 1.297042727470398
v 0.00539388507604599 0.005475019104778767 1.2979520559310913
v 0.005927044898271561 0.014433336444199085 1.296863079071045
v 0.011279899626970291 0.01997004821896553 1.2960366010665894
v 0.005819834768772125 0.02556411176919937 1.2968742847442627
v 0.020690742880105972 0.1423960030078888 1.2940726280212402
v -0.02924390695989132 0.04230775311589241 1.3023154735565186
v -0.03486141562461853 0.04549695923924446 1.3025057315826416
v -0.039614081382751465 0.039685968309640884 1.3032695055007935
v -0.048830728977918625 0.03238515928387642 1.3043174743652344
v -0.05843561142683029 0.03324691951274872 1.3043582439422607
v -0.019593805074691772 0.030032236129045486 1.3011260032653809
v -0.0332232341170311 0.034371521323919296 1.3015592098236084
v -0.014857016503810883 0.03571309149265289 1.2995818853378296
v -0.050620000809431076 0.02564973011612892 1.3040231466293335
v -0.00868246704339981 0.03135200962424278 1.3001757860183716
v -0.05609824135899544 0.024595174938440323 1.3036291599273682
v 0.0004207249730825424 0.01996505632996559 1.2976347208023071
v -0.013789931312203407 0.024369698017835617 1.3006283044815063
v -0.0289290901273489 0.020619791001081467 1.3011219501495361
v -0.034854788333177567 0.025711972266435623 1.301708459854126
v -0.03961440175771713 0.019666600972414017 1.303402304649353
v -0.05852780118584633 0.01316423062235117 1.3046544790267944
v -0.0510510690510273 0.01440777163952589 1.3032037019729614
v -0.014860808849334717 0.015497914515435696 1.300345778465271
v -0.019397234544157982 0.00922918226569891 1.3001000881195068
v -0.033223237842321396 0.014371518976986408 1.3015592098236084
v -0.04871107265353203 0.009409538470208645 1.3042606115341187
v -0.008684812113642693 0.011337406933307648 1.2999584674835205
v -0.05609824135899544 0.004595177713781595 1.3036291599273682
v 0.0004207249730825424 -3.494229167699814e-05 1.2976347208023071
v -0.013789930380880833 0.004369699861854315 1.3006283044815063
v -0.0289290901273489 0.0006197872571647167 1.3011219501495361
v -0.034854788333177567 0.005711973644793034 1.301708459854126
v -0.0585259310901165 -0.00667833024635911 1.3038177490234375
v -0.03961440175771713 -0.00033339811488986015 1.303402304649353
v -0.048397500067949295 -0.007704830262809992 1.3029870986938477
v -0.014860807918012142 -0.0045020864345133305 1.300345778465271
v -0.01959332264959812 -0.009961380623281002 1.3011311292648315
v -0.033223237842321396 -0.005628480575978756 1.3015592098236084
v -0.008684812113642693 -0.008662593550980091 1.2999584674835205
v -0.05609824135899544 -0.015404822304844856 1.3036291599273682
v 0.00042072683572769165 -0.020034942775964737 1.2976347208023071
v -0.013789929449558258 -0.01563030108809471 1.3006283044815063
v -0.0289290901273489 -0.01938021555542946 1.3011219501495361
v -0.03309383615851402 -0.01427045464515686 1.30281662940979
v -0.039614368230104446 -0.02033340185880661 1.3034024238586426
v -0.05964992195367813 -0.028429396450519562 1.304986834526062
v -0.04873010888695717 -0.02784404531121254 1.303756833076477
v -0.014860809780657291 -0.024502087384462357 1.300345778465271
v -0.019397234544157982 -0.030770819634199142 1.3001000881195068
v -0.0332232341170311 -0.025628481060266495 1.3015592098236084
v -0.008683646097779274 -0.028658773750066757 1.3000929355621338
v -0.05609830468893051 -0.03540486469864845 1.3036309480667114
v -0.013218984939157963 -0.035628579556941986 1.299387812614441
v -0.02923700585961342 -0.037713222205638885 1.3022457361221313
v -0.03584393113851547 -0.03455239161849022 1.3029512166976929
v -0.039080843329429626 -0.04230441153049469 1.3033751249313354
v -0.032281290739774704 -0.045358818024396896 1.3024656772613525
v -0.08162684738636017 0.16361229121685028 1.301048755645752
v 0.013006340712308884 0.14984379708766937 1.2931329011917114
v 0.030801068991422653 0.14793741703033447 1.270246982574463
v 0.03399050980806351 0.13606777787208557 1.278914451599121
v 0.03737920895218849 0.14020368456840515 1.2569271326065063
v 0.014037493616342545 0.15320897102355957 1.247117280960083
v -0.09330515563488007 0.1484997272491455 1.2310370206832886
v -0.09175935387611389 0.1634419560432434 1.229803204536438
v -0.09805908799171448 0.1637948900461197 1.2303968667984009
v -0.0928504467010498 0.16365014016628265 1.2401032447814941
v -0.09355831146240234 0.1633988618850708 1.2190465927124023
v 0.0361001081764698 0.06021666154265404 0.5877499580383301
v -0.030413011088967323 0.15211176872253418 0.5874805450439453
v -0.14547725021839142 0.14749839901924133 1.060788869857788
v -0.13952115178108215 0.14750047028064728 1.0598416328430176
v -0.1397542953491211 0.14749841392040253 1.0646601915359497
v -0.14961405098438263 0.16387474536895752 1.3069243431091309
v -0.14821185171604156 0.1645101010799408 1.2570394277572632
v -0.1482142210006714 0.08769681304693222 1.3071784973144531
v -0.14760765433311462 -0.16125957667827606 1.0645687580108643
v -0.14836376905441284 -0.16224700212478638 1.0715893507003784
v -0.14512751996517181 -0.16389402747154236 1.0681827068328857
v -0.14783643186092377 -0.15446323156356812 0.9110698699951172
v -0.13838031888008118 -0.16332796216011047 1.0644433498382568
v -0.14355643093585968 -0.16313351690769196 1.0582770109176636
v -0.1488707959651947 0.15113942325115204 0.9095058441162109
v -0.14576391875743866 0.15358541905879974 0.9561165571212769
v -0.14827920496463776 0.1565617173910141 0.989501953125
v -0.14183759689331055 0.16456325352191925 1.0668253898620605
v -0.14158707857131958 0.16435427963733673 1.0600537061691284
v -0.14585661888122559 0.14749924838542938 1.066327452659607
v -0.1469607651233673 0.16528387367725372 1.0632835626602173
v -0.09656785428524017 0.16512484848499298 1.237271785736084
v -0.09062127768993378 0.1641397923231125 1.2338787317276
v -0.09696167707443237 0.16459418833255768 1.2329447269439697
v -0.14510966837406158 0.1660689264535904 1.1612540483474731
v -0.1388237476348877 0.1663379818201065 1.1628988981246948
v -0.05390813201665878 -0.024521492421627045 1.3054438829421997
v -0.05205507576465607 -0.03543425351381302 1.3053017854690552
v -0.05390811711549759 -0.004521484021097422 1.305443525314331
v -0.05962783098220825 -0.012785245664417744 1.3059263229370117
v -0.048566076904535294 -0.011854397132992744 1.3049771785736084
v -0.05390811339020729 0.015478515066206455 1.305443525314331
v -0.05627968907356262 0.0044737448915839195 1.3056317567825317
v -0.0539080947637558 0.03547847270965576 1.3054453134536743
v -0.05860498547554016 0.026959128677845 1.305838942527771
v -0.032051291316747665 -0.025431722402572632 1.303478717803955
v -0.031896885484457016 0.005452820099890232 1.303472876548767
v -0.032051291316747665 -0.00543172238394618 1.303478717803955
v -0.031896885484457016 0.02545281872153282 1.303472876548767
v -0.032051295042037964 0.014568277634680271 1.303478717803955
v -0.03205196186900139 0.03456766530871391 1.3034652471542358
v 0.0007126983255147934 -0.019190851598978043 1.2996124029159546
v 0.01153985783457756 -0.021489471197128296 1.2980188131332397
v 0.0007439963519573212 -0.003361059818416834 1.2996236085891724
v 0.0007439963519573212 0.016638949513435364 1.299625277519226
v 0.010489322245121002 0.01723530888557434 1.298187017440796
v 0.006847649812698364 0.025797341018915176 1.2987546920776367
v -0.07109362632036209 -0.0046096183359622955 1.3067845106124878
v -0.06970930844545364 0.0030105533078312874 1.3066850900650024
v -0.07773341983556747 0.00435971561819315 1.3072506189346313
v -0.07109331339597702 0.015390456654131413 1.306781530380249
v -0.07773470133543015 0.024358686059713364 1.3072625398635864
v -0.019617171958088875 -0.029605526477098465 1.302139401435852
v -0.014576797373592854 -0.035516005009412766 1.301561713218689
v -0.019617171958088875 0.010394475422799587 1.302139401435852
v -0.015395396389067173 0.03503783419728279 1.3016741275787354
v -0.09067729115486145 -0.1643240600824356 1.234926462173462
v -0.09445752203464508 -0.16455025970935822 1.2311872243881226
v -0.09698213636875153 -0.1647634506225586 1.2366559505462646
v -0.1392078995704651 -0.16622711718082428 1.1650604009628296
v -0.14132848381996155 -0.166437029838562 1.1600770950317383
v -0.144054114818573 -0.1672011911869049 1.2603145837783813
v -0.1443118453025818 -0.16717249155044556 1.2665246725082397
v -0.14702309668064117 -0.16556772589683533 1.0586787462234497
v -0.1440889835357666 -0.16105976700782776 1.0004816055297852
v -0.14435936510562897 -0.16032162308692932 0.9911023378372192
v -0.1395944356918335 -0.15331816673278809 0.6019973158836365
v -0.14404596388339996 -0.1543491929769516 0.6038958430290222
v -0.14532487094402313 -0.15065239369869232 0.601256787776947
v -0.14423201978206635 -0.15417470037937164 0.5980051755905151
v -0.1405295580625534 -0.15065239369869232 0.598838210105896
v -0.13880248367786407 -0.15104712545871735 0.7548001408576965
v -0.13892824947834015 -0.15426403284072876 0.7522770166397095
v -0.14508649706840515 -0.15434324741363525 0.7543367147445679
v -0.14521551132202148 -0.15047761797904968 0.7552136182785034
v -0.1424235999584198 -0.15307515859603882 0.749347448348999
v -0.05499080941081047 -0.15859609842300415 1.0541120767593384
v -0.0421445332467556 -0.15491831302642822 0.9799615144729614
v -0.08867081999778748 -0.15320657193660736 0.7941768169403076
v -0.026078663766384125 -0.15317833423614502 0.5992499589920044
v -0.09671659767627716 -0.15315239131450653 0.7899117469787598
v -0.09706719219684601 -0.15315239131450653 0.7982769012451172
v -0.08961325883865356 -0.15315239131450653 0.7818834185600281
v -0.09817114472389221 -0.15315239131450653 0.7815790772438049
v -0.11781418323516846 -0.15315239131450653 0.5992499589920044
v -0.13384418189525604 -0.1521107256412506 0.5956874489784241
v -0.13081417977809906 -0.15315239131450653 0.5877499580383301
v -0.11781418323516846 -0.15315239131450653 0.5877499580383301
v -0.017022959887981415 -0.15444332361221313 0.5874077081680298
v 0.022894345223903656 -0.15134459733963013 1.0477709770202637
v 0.038291070610284805 0.07570011913776398 1.2374967336654663
v -0.14644889533519745 0.1628262996673584 1.0670256614685059
v -0.04367638751864433 0.15811271965503693 1.0745525360107422
v -0.013277058489620686 0.15379902720451355 0.9674196243286133
v -0.01726273074746132 0.15344683825969696 0.587393045425415
v -0.14575451612472534 0.16252095997333527 1.0595186948776245
v -0.13771456480026245 0.16329190135002136 1.063506841659546
v -0.14799296855926514 0.15362533926963806 0.896506667137146
v -0.14828084409236908 0.15140239894390106 0.7584999799728394
v -0.14816603064537048 0.1506480723619461 0.8965057134628296
v -0.148541659116745 0.16231098771095276 1.0700762271881104
v -0.14847134053707123 0.16461993753910065 1.2714745998382568
v -0.14759494364261627 0.16564707458019257 1.3067576885223389
v -0.14890100061893463 -0.15933500230312347 1.0232384204864502
v -0.14836418628692627 -0.15131907165050507 0.7599999904632568
v -0.1476016491651535 -0.15457668900489807 0.896449089050293
v -0.14761681854724884 0.1586989313364029 1.02324640750885
v -0.1476331204175949 0.15763455629348755 1.0024996995925903
v -0.14961498975753784 0.15797537565231323 1.0024996995925903
v -0.14836423099040985 0.16034050285816193 1.0232428312301636
v -0.1391957402229309 0.1676596850156784 1.2595769166946411
v -0.1476089060306549 0.1680956482887268 1.2642643451690674
v -0.10302360355854034 0.1667689085006714 1.297473430633545
v -0.06787955015897751 0.161179319024086 1.3061771392822266
v 0.03883812204003334 0.14313285052776337 1.2516776323318481
v 0.02878968045115471 0.15082935988903046 1.2700046300888062
v 0.031958404928445816 0.14199577271938324 1.2859892845153809
v 0.017155636101961136 0.14732025563716888 1.296522855758667
v -0.03360086679458618 0.16104650497436523 1.2983323335647583
v -0.06299953162670135 -0.05327323451638222 1.3061761856079102
v -0.03776877000927925 -0.15659117698669434 1.3036967515945435
v -0.06299953162670135 0.0532732754945755 1.3061761856079102
v 0.014662455767393112 -0.14816193282604218 1.2971266508102417
v -0.09946224093437195 -0.16663077473640442 1.2945436239242554
v -0.14757239818572998 -0.16676898300647736 1.3068639039993286
v 0.03934204950928688 -0.14074960350990295 1.2578178644180298
v 0.035709232091903687 -0.1357024610042572 1.280805230140686
v 0.026950407773256302 -0.14912796020507812 1.282389760017395
v 0.03169749677181244 -0.1503734141588211 1.2486119270324707
v -0.033278271555900574 -0.16116103529930115 1.2963542938232422
v 0.025875747203826904 -0.14085714519023895 1.293087124824524
v -0.14756862819194794 -0.16719689965248108 1.1648613214492798
v 0.011790893971920013 -0.1549554020166397 0.955358624458313
v -0.0845281332731247 -0.16310420632362366 1.0770553350448608
v -0.14761418104171753 -0.15515239536762238 0.5872499942779541
v -0.031186271458864212 -0.15513557195663452 0.5871505737304688
v -0.14761418104171753 -0.15265239775180817 0.5872499942779541
v -0.14766032993793488 -0.1512635052204132 0.594499945640564
v -0.14961418509483337 -0.15265239775180817 0.5872499942779541
v -0.14676418900489807 -0.15172381699085236 0.5872499942779541
v -0.1476687341928482 -0.15123134851455688 0.7454999685287476
v -0.13586418330669403 -0.15158988535404205 0.7454999685287476
v -0.13586418330669403 -0.1521523892879486 0.6074999570846558
v -0.1476687341928482 -0.15112462639808655 0.6084999442100525
v 0.037885818630456924 -0.133200004696846 0.5872499942779541
v 0.03354886919260025 -0.14858387410640717 0.5872499346733093
v 0.03855248913168907 0.07569999992847443 0.5872499942779541
v 0.03877471759915352 0.11069999635219574 1.2375000715255737
v 0.03888582065701485 0.11069999635219574 0.5872499942779541
v 0.037885818630456924 0.133200004696846 0.5872499942779541
v 0.03868582472205162 -0.1111999973654747 1.2375000715255737
v 0.037885818630456924 -0.07620000094175339 1.2375000715255737
v 0.03888582065701485 -0.1111999973654747 0.5872499942779541
v 0.038457248359918594 -0.07620000094175339 0.5872499942779541
v 0.02104247733950615 0.15261751413345337 0.5872595906257629
v 0.03489629551768303 0.14646761119365692 0.5872498154640198
v -0.14733418822288513 0.15100952982902527 0.5872499942779541
v -0.14836418628692627 0.15131907165050507 0.7454999685287476
v -0.14836418628692627 0.15150953829288483 0.594499945640564
v -0.14836418628692627 0.15140239894390106 0.6074999570846558
v -0.14961418509483337 0.15265239775180817 0.5872499942779541
v -0.14761418104171753 0.15265239775180817 0.5872499942779541
v -0.14761418104171753 0.15515239536762238 0.5872499942779541
v -0.1486606001853943 -0.1641675978899002 1.256974697113037
v -0.011987011879682541 0.15603876113891602 0.988905668258667
v -0.030414175242185593 0.15515239536762238 0.5872499942779541
v 0.0399199016392231 -0.07619968801736832 1.2375013828277588
v 0.03988582268357277 -0.133200004696846 0.5872499942779541
v 0.03988582268357277 0.133200004696846 0.5872499942779541
v -0.22005416452884674 -0.11315393447875977 0.6250237822532654
v -0.2284199446439743 -0.1072855070233345 0.5588356256484985
v -0.22069686651229858 0.1072232648730278 0.6088182926177979
v -0.23301345109939575 0.02767462283372879 0.5320942401885986
v -0.23267054557800293 0.03345054015517235 0.5313452482223511
v -0.23424369096755981 0.038049064576625824 0.5252622365951538
v -0.25457605719566345 0.0996478945016861 0.4190942645072937
v -0.23593944311141968 0.03399044647812843 0.5161653757095337
v -0.23272398114204407 -0.03132179006934166 0.5322611927986145
v -0.23320627212524414 -0.02350325882434845 0.5288181900978088
v -0.23553411662578583 0.023317288607358932 0.5184895396232605
v -0.25432243943214417 -0.09899218380451202 0.42198446393013
v -0.23615622520446777 -0.02903490886092186 0.5156997442245483
v -0.23548577725887299 -0.03665301576256752 0.5184922814369202
v -0.2350558042526245 -0.02236248552799225 0.5204466581344604
v -0.2336035966873169 0.022094201296567917 0.5268833041191101
v -0.23363438248634338 -0.03791547939181328 0.5269058346748352
v -0.17546598613262177 0.1521940380334854 0.9330430030822754
v -0.15261036157608032 0.1529880166053772 0.9344444274902344
v -0.17458049952983856 0.15285539627075195 0.9351731538772583
v -0.2231835275888443 0.10891421139240265 0.603501558303833
v -0.2163780778646469 0.12945833802223206 0.6141836047172546
v -0.21771903336048126 0.12199177592992783 0.9348787069320679
v -0.19739650189876556 0.14836238324642181 0.6096794605255127
v -0.18580880761146545 0.151850625872612 0.9279385805130005
v -0.17995886504650116 0.15362820029258728 0.9273182153701782
v -0.18796218931674957 0.15250758826732635 0.3753412067890167
v -0.18384993076324463 0.14774322509765625 0.3805215060710907
v -0.1838667243719101 0.1534360647201538 0.379802942276001
v -0.1901586949825287 0.1477501094341278 0.3819522559642792
v -0.19110336899757385 0.1522381603717804 0.3809242248535156
v -0.1894988864660263 0.14775049686431885 0.37694063782691956
v -0.18454664945602417 0.1529369205236435 0.3175637423992157
v -0.18463723361492157 0.1477501392364502 0.31656232476234436
v -0.18707039952278137 0.14774586260318756 0.32184937596321106
v -0.18888060748577118 0.1525392234325409 0.32270923256874084
v -0.19070489704608917 0.14774952828884125 0.31653010845184326
v -0.1893739253282547 0.15226507186889648 0.3158811628818512
v -0.14412736892700195 -0.1480095535516739 0.9037530422210693
v -0.14058718085289001 -0.14515239000320435 0.9038302898406982
v -0.13971731066703796 -0.15015241503715515 0.904546856880188
v -0.14173395931720734 -0.15015241503715515 0.901237964630127
v -0.14249172806739807 -0.14515239000320435 0.9012314081192017
v -0.18066860735416412 -0.14642773568630219 0.9319006204605103
v -0.18534012138843536 -0.15168265998363495 0.9272428750991821
v -0.18534928560256958 -0.1464269608259201 0.9283626079559326
v -0.17940279841423035 -0.14642973244190216 0.9265795946121216
v -0.17939448356628418 -0.15433205664157867 0.9284871816635132
v -0.17914313077926636 0.14642781019210815 0.9300349950790405
v -0.18478232622146606 0.14642713963985443 0.9309256076812744
v -0.17894558608531952 0.1464303433895111 0.9242051839828491
v -0.22048553824424744 -0.04119126871228218 0.926456093788147
v -0.2218676656484604 -0.0420396514236927 0.9333655834197998
v -0.21816666424274445 -0.04187065362930298 0.9301967620849609
v -0.21970289945602417 -0.03766169026494026 0.929613471031189
v -0.21816666424274445 0.03812934830784798 0.9301967620849609
v -0.22035256028175354 0.03863667696714401 0.9265894889831543
v -0.22203131020069122 0.0391431599855423 0.9337055683135986
v -0.21997496485710144 0.04248972609639168 0.9294239282608032
v -0.2213984578847885 0.031104344874620438 0.7507981061935425
v -0.21902744472026825 0.03364183008670807 0.7524129748344421
v -0.221991628408432 0.03432132676243782 0.7572532892227173
v -0.2193773090839386 0.030211128294467926 0.7578291296958923
v -0.22158585488796234 0.026354562491178513 0.7547482848167419
v -0.219267800450325 -0.029779691249132156 0.7578151822090149
v -0.2201233208179474 -0.03319181874394417 0.7544909715652466
v -0.22202745079994202 -0.028118949383497238 0.7589766979217529
v -0.21911589801311493 -0.02635057643055916 0.7524197101593018
v -0.22140006721019745 -0.028281185775995255 0.7508721351623535
v -0.14342793822288513 -0.15015241503715515 0.7483632564544678
v -0.14412623643875122 -0.14515239000320435 0.7526302933692932
v -0.14379112422466278 -0.15015241503715515 0.7553501725196838
v -0.1413693130016327 -0.14515239000320435 0.753467857837677
v -0.14093738794326782 -0.15015241503715515 0.7507890462875366
v -0.1415339708328247 -0.14515239000320435 0.7502229809761047
v -0.1896534264087677 -0.14689242839813232 0.9338756799697876
v -0.20645102858543396 -0.13639909029006958 0.9362500905990601
v -0.21887315809726715 -0.1132097914814949 0.9352065324783325
v -0.22170276939868927 -0.11391240358352661 0.6351065039634705
v -0.20025134086608887 -0.1447683572769165 0.8754192590713501
v -0.20972920954227448 -0.13711799681186676 0.6453911662101746
v -0.1963026225566864 -0.14772213995456696 0.6200618743896484
v -0.1750555783510208 -0.15448616445064545 0.5920689105987549
v -0.22147153317928314 -0.14540930092334747 0.4027809202671051
v -0.19678111374378204 -0.1520017832517624 0.30001384019851685
v -0.2567179203033447 -0.09893681854009628 0.41911211609840393
v -0.24660269916057587 -0.12629854679107666 0.41571176052093506
v -0.22432035207748413 -0.12822361290454865 0.5566775798797607
v -0.23008126020431519 -0.10730748623609543 0.561523973941803
v -0.23685404658317566 0.027032997459173203 0.5194553136825562
v -0.23620055615901947 0.033916011452674866 0.5211928486824036
v -0.25641000270843506 0.09898905456066132 0.4208752512931824
v -0.23611578345298767 0.0343807227909565 0.5266154408454895
v -0.23571276664733887 0.029856771230697632 0.5283711552619934
v -0.23663097620010376 -0.02535851299762726 0.5218364596366882
v -0.23547405004501343 -0.02897801250219345 0.5280503034591675
v -0.236178457736969 0.024504374712705612 0.5245733261108398
v -0.23595859110355377 -0.03301170840859413 0.52830570936203
v -0.23806819319725037 -0.03361387550830841 0.5191978216171265
v -0.24710072576999664 0.12588416039943695 0.4138023555278778
v -0.22089198231697083 0.14564280211925507 0.4064094126224518
v -0.16932342946529388 0.15493381023406982 0.3821847140789032
v -0.14761418104171753 0.15515239536762238 0.3895000219345093
v -0.14761418104171753 0.14775000512599945 0.3895000219345093
v -0.1713692992925644 0.14773714542388916 0.3794853687286377
v -0.17135094106197357 0.14771705865859985 0.34237825870513916
v -0.17601804435253143 0.15452224016189575 0.35614120960235596
v -0.16545560956001282 0.15502847731113434 0.33735892176628113
v -0.14761418104171753 0.14775000512599945 0.33250004053115845
v -0.14761418104171753 0.15515239536762238 0.33250004053115845
v -0.14761418104171753 0.14775000512599945 0.39149999618530273
v -0.17843569815158844 0.15184365212917328 0.3915109932422638
v -0.14761418104171753 0.14775000512599945 0.3305000066757202
v -0.17838367819786072 0.14958809316158295 0.33047735691070557
v -0.14023108780384064 0.14515239000320435 0.4048977792263031
v -0.14400926232337952 0.1470274031162262 0.40395694971084595
v -0.13989102840423584 0.15015241503715515 0.4018235206604004
v -0.14124038815498352 0.14515239000320435 0.40139251947402954
v -0.14348797500133514 0.15015241503715515 0.40139251947402954
v -0.13586418330669403 -0.14737462997436523 0.8965001106262207
v -0.15886418521404266 -0.14515239000320435 0.8965001106262207
v -0.13586418330669403 -0.14515239000320435 0.9095001220703125
v -0.15886418521404266 -0.14515239000320435 0.9095001220703125
v -0.14805103838443756 -0.15171943604946136 0.9094464778900146
v -0.1477418690919876 -0.15224872529506683 0.8964823484420776
v -0.19014374911785126 -0.14774732291698456 0.9223726987838745
v -0.17523115873336792 -0.15187405049800873 0.9339803457260132
v -0.18966422975063324 0.1468503326177597 0.933754563331604
v -0.19008192420005798 0.14794805645942688 0.9224162101745605
v -0.20396965742111206 0.13955654203891754 0.9322172403335571
v -0.20727692544460297 0.13546542823314667 0.9353572130203247
v -0.21663469076156616 0.11069593578577042 0.9362592697143555
v -0.21816420555114746 0.0468750037252903 0.9342501163482666
v -0.21919111907482147 0.02609371766448021 0.7525441646575928
v -0.14394451677799225 -0.14733989536762238 0.45097318291664124
v -0.14081740379333496 -0.14515239000320435 0.4526469111442566
v -0.14060211181640625 -0.15015241503715515 0.450630247592926
v -0.14153392612934113 -0.14515239000320435 0.4482230246067047
v -0.14364805817604065 -0.15015241503715515 0.44701632857322693
v -0.1446276307106018 -0.15015241503715515 0.5987749099731445
v -0.14379097521305084 -0.14515239000320435 0.5997892022132874
v -0.14019565284252167 -0.14515239000320435 0.6045019626617432
v -0.14049430191516876 -0.14709684252738953 0.6015372276306152
v -0.13926830887794495 -0.15015241503715515 0.6015353202819824
v -0.13586418330669403 -0.14742513000965118 0.7454999685287476
v -0.13586418330669403 -0.14737462997436523 0.7584999799728394
v -0.15886418521404266 -0.14515239000320435 0.7454999685287476
v -0.15886418521404266 -0.14515239000320435 0.7584999799728394
v -0.15259258449077606 -0.1533694714307785 0.9342366456985474
v -0.21825705468654633 -0.033125001937150955 0.9342501163482666
v -0.21847134828567505 0.032625000923871994 0.9350000619888306
v -0.21822531521320343 -0.0468750037252903 0.9342501163482666
v -0.14740413427352905 -0.1541239470243454 0.30000001192092896
v -0.23258748650550842 -0.1392710953950882 0.3000011444091797
v -0.2551664412021637 -0.1094043105840683 0.2999994158744812
v -0.2552327811717987 0.10964900255203247 0.30000001192092896
v -0.19769692420959473 0.15154153108596802 0.3000054359436035
v -0.2360791265964508 0.13599057495594025 0.30000048875808716
v -0.14761418104171753 0.15515239536762238 0.30000001192092896
v -0.14768663048744202 0.15351736545562744 0.2999930679798126
v -0.147620290517807 0.15329785645008087 0.3304987847805023
v -0.14774729311466217 0.1521032452583313 0.39427778124809265
v -0.19155099987983704 0.15095321834087372 0.3816465437412262
v -0.18439562618732452 0.15181827545166016 0.3830907940864563
v -0.1837109923362732 0.15187640488147736 0.31626442074775696
v -0.19093921780586243 0.15102149546146393 0.31513020396232605
v -0.13586418330669403 0.15015240013599396 0.40950000286102295
v -0.1506519913673401 0.15241506695747375 0.4095042645931244
v -0.13586418330669403 0.14515239000320435 0.39649999141693115
v -0.15886418521404266 0.14515239000320435 0.40950000286102295
v -0.15886418521404266 0.14515239000320435 0.39649999141693115
v -0.20554666221141815 -0.1386803537607193 0.9322158098220825
v -0.21854756772518158 -0.1141420230269432 0.9322465658187866
v -0.15886405110359192 -0.1533776819705963 0.9095001220703125
v -0.15885943174362183 -0.15315872430801392 0.8964998722076416
v -0.1762402057647705 -0.15227270126342773 0.9224439859390259
v -0.1764983981847763 0.15217649936676025 0.9223614931106567
v -0.21942274272441864 0.1053394079208374 0.9322679042816162
v -0.21886420249938965 -0.03412500023841858 0.9225000143051147
v -0.2190030962228775 -0.045875005424022675 0.9225000143051147
v -0.21832849085330963 0.03412500023841858 0.9225000143051147
v -0.2190030962228775 0.045875005424022675 0.9225000143051147
v -0.2182392030954361 0.03412500023841858 0.9322500228881836
v -0.219364196062088 -0.03259861841797829 0.750429630279541
v -0.13586418330669403 -0.14737462997436523 0.4435000419616699
v -0.15886418521404266 -0.14515239000320435 0.4435000419616699
v -0.15886418521404266 -0.14515239000320435 0.4565000534057617
v -0.13586418330669403 -0.15015240013599396 0.4565000534057617
v -0.15161173045635223 -0.15198814868927002 0.45651373267173767
v -0.15904490649700165 -0.15302634239196777 0.7454976439476013
v -0.15886415541172028 -0.1531205028295517 0.7584999799728394
v -0.13586418330669403 -0.14737462997436523 0.594499945640564
v -0.15886418521404266 -0.14515239000320435 0.594499945640564
v -0.15886418521404266 -0.14515239000320435 0.6074999570846558
v -0.1478641778230667 -0.15015240013599396 0.6074999570846558
v -0.1478641778230667 -0.15315239131450653 0.4565000534057617
v -0.1478641778230667 -0.15315239131450653 0.4435000419616699
v -0.1478641927242279 -0.15315239131450653 0.6009999513626099
v -0.1478641778230667 -0.15315239131450653 0.7454999685287476
v -0.1478641778230667 -0.15315239131450653 0.7584999799728394
v -0.1730824112892151 0.152295783162117 0.6546130776405334
v -0.15886333584785461 0.15314346551895142 0.39649954438209534
v -0.24417048692703247 0.12603029608726501 0.41380858421325684
v -0.21967075765132904 0.1441422551870346 0.39624086022377014
v -0.21494369208812714 0.12779709696769714 0.6130133271217346
v -0.2141474485397339 0.12683799862861633 0.9322301149368286
v -0.19919545948505402 0.14428715407848358 0.6120584607124329
v -0.15886163711547852 -0.1531371921300888 0.44350001215934753
v -0.18077096343040466 -0.15182404220104218 0.5083228349685669
v -0.2194807529449463 -0.14391779899597168 0.4099675118923187
v -0.24516378343105316 -0.12495705485343933 0.4151032567024231
v -0.1991083025932312 -0.14374838769435883 0.6294507384300232
v -0.21140970289707184 -0.13244463503360748 0.6183566451072693
v -0.1588483452796936 -0.1531071960926056 0.6075002551078796
v -0.1588636189699173 -0.15313772857189178 0.594499945640564
v -0.21861384809017181 -0.03451539948582649 0.5314494967460632
v -0.21861132979393005 -0.02187390625476837 0.5216586589813232
v -0.2186199426651001 -0.034220289438962936 0.5166275501251221
v -0.21861419081687927 -0.031784068793058395 0.5260407328605652
v -0.21861419081687927 -0.030637044459581375 0.5210245251655579
v -0.21861419081687927 -0.027576856315135956 0.5238881707191467
v -0.21861384809017181 0.0254846028983593 0.5314494967460632
v -0.21861132979393005 0.03812609612941742 0.5216586589813232
v -0.2186199426651001 0.025779712945222855 0.5166275501251221
v -0.21861419081687927 0.028215933591127396 0.5260407328605652
v -0.21861419081687927 0.029362961649894714 0.5210245251655579
v -0.21861419081687927 0.032423146069049835 0.5238881707191467
v -0.23542480170726776 -0.033214472234249115 0.5201829075813293
v 0.03987671062350273 -0.05218076333403587 0.587189793586731
v 0.03706005588173866 0.053232938051223755 0.5801771283149719
v 0.039193082600831985 0.05312192812561989 0.5866584181785583
v 0.03979257121682167 0.057527340948581696 0.5795159935951233
v 0.03813021257519722 -0.05663621053099632 0.5809986591339111
v 0.03777659311890602 0.1446993499994278 0.30000001192092896
v 0.039067041128873825 -0.05131823942065239 0.5811073184013367
v 0.03745581582188606 -0.1449340581893921 0.30000001192092896
v -0.02491612173616886 -0.1542082130908966 0.5796911716461182
v 0.011967189610004425 -0.15411968529224396 0.2999999523162842
v -0.020180223509669304 -0.15435898303985596 0.582839846611023
v -0.026912858709692955 -0.1540096551179886 0.5841646194458008
v 0.019964363425970078 -0.1534714549779892 0.5872613191604614
v 0.03550751134753227 -0.1447109878063202 0.5884166359901428
v -0.14732572436332703 -0.15162059664726257 0.4565000534057617
v -0.14734633266925812 -0.1515476405620575 0.4435000419616699
v 0.031126488000154495 0.1530570238828659 0.5873022079467773
v 0.015811707824468613 0.15409640967845917 0.2999999225139618
v -0.02578146755695343 0.15418747067451477 0.579593300819397
v -0.020587345585227013 0.1543639451265335 0.5829970240592957
v -0.024960532784461975 0.15508677065372467 0.5874846577644348
v -0.1041775643825531 0.15419796109199524 0.3792114853858948
v -0.10401710867881775 0.15410955250263214 0.3189961612224579
v -0.11011214554309845 0.15447929501533508 0.3215964734554291
v -0.14008034765720367 0.15423500537872314 0.40551385283470154
v -0.14568962156772614 0.1539916843175888 0.40240955352783203
v -0.10929599404335022 0.1543492078781128 0.3161042034626007
v -0.12547807395458221 0.15515241026878357 0.38095393776893616
v -0.1095275729894638 0.1539766788482666 0.37628719210624695
v -0.12294013798236847 0.15515241026878357 0.3423286974430084
v -0.10952839255332947 0.15444785356521606 0.3817252516746521
v -0.14054825901985168 0.15266941487789154 0.4011523425579071
v -0.12405738234519958 -0.15085241198539734 0.5857107043266296
v -0.12837013602256775 -0.15102338790893555 0.5835696458816528
v -0.14511418342590332 -0.15145766735076904 0.5870192050933838
v -0.13586418330669403 -0.15200239419937134 0.4435000419616699
v -0.14080725610256195 -0.15281222760677338 0.4477648437023163
v -0.11781418323516846 -0.15213017165660858 0.5762499570846558
v -0.12196682393550873 -0.1515238881111145 0.5820477604866028
v -0.11681418120861053 -0.15145766735076904 0.5869772434234619
v -0.13081417977809906 -0.1518746316432953 0.5762499570846558
v -0.1449468731880188 -0.15154531598091125 0.4504029154777527
v -0.13586418330669403 -0.15257740020751953 0.4565000534057617
v -0.14009247720241547 -0.15277859568595886 0.45144525170326233
v -0.13231417536735535 -0.1516190767288208 0.5879999995231628
v 0.03541944921016693 -0.14412371814250946 0.5842499732971191
v 0.035974059253931046 -0.06171666830778122 0.5869772434234619
v 0.03649693354964256 -0.060716670006513596 0.5762499570846558
v 0.03663582354784012 -0.047716669738292694 0.5762499570846558
v 0.035974059253931046 0.06121666356921196 0.5869772434234619
v 0.03536806255578995 0.14325906336307526 0.5842499732971191
v 0.03645725175738335 0.06021666154265404 0.5762499570846558
v 0.03632332384586334 0.047216664999723434 0.5762499570846558
v 0.03572488948702812 0.04965980350971222 0.5835695862770081
v 0.03591214120388031 -0.04671666771173477 0.5869999527931213
v -0.030414273962378502 0.15149158239364624 0.5762500166893005
v -0.021276332437992096 0.1511056125164032 0.5798267722129822
v -0.016397761180996895 0.15184104442596436 0.5869778990745544
v 0.024660471826791763 0.14983423054218292 0.5842498540878296
v -0.14511418342590332 0.1513935774564743 0.5870357155799866
v -0.14318597316741943 0.15113991498947144 0.4068758487701416
v -0.03141428530216217 0.15154261887073517 0.587019145488739
v -0.13586418330669403 0.15171490609645844 0.40950000286102295
v -0.11121059954166412 0.15315239131450653 0.3843649923801422
v -0.13586418330669403 0.15183812379837036 0.39649999141693115
v -0.14611418545246124 0.1517724096775055 0.39149999618530273
v -0.14458231627941132 0.15095241367816925 0.39984065294265747
v -0.10436397790908813 0.15315239131450653 0.38305965065956116
v -0.1079474538564682 0.15315239131450653 0.31336691975593567
v -0.14723917841911316 0.1521940678358078 0.30000001192092896
v -0.14734145998954773 0.15175239741802216 0.3305000066757202
v -0.11711417138576508 0.1497759073972702 0.3305000066757202
v -0.09896057844161987 -0.15315239131450653 0.5767644047737122
v -0.09420698881149292 -0.15315239131450653 0.5695147514343262
v -0.0975961834192276 -0.15315239131450653 0.5603349208831787
v -0.03184347599744797 -0.1513524353504181 0.5866944193840027
v -0.08930854499340057 -0.15315239131450653 0.5762189030647278
v -0.03041403368115425 -0.1521461457014084 0.5762501955032349
v -0.08930854499340057 -0.15315239131450653 0.566218912601471
v -0.020837824791669846 -0.15117508172988892 0.5799422860145569
v -0.016400445252656937 -0.15131063759326935 0.5864102244377136
v 0.026158805936574936 -0.14949855208396912 0.5842498540878296
v -0.09622703492641449 -0.15437576174736023 0.571591854095459
v -0.12493090331554413 -0.15459713339805603 0.5866896510124207
v -0.1205035001039505 -0.15505915880203247 0.5795159935951233
v -0.09521634876728058 -0.1541885882616043 0.5776907205581665
v -0.147162526845932 -0.15466833114624023 0.4508836269378662
v -0.1268327683210373 -0.15417814254760742 0.5805086493492126
v -0.09079733490943909 -0.15407636761665344 0.5743058919906616
v 0.035357508808374405 0.14379648864269257 0.5887500047683716
v 0.03578629344701767 0.05491655319929123 0.5848737955093384
v 0.035972960293293 -0.056429192423820496 0.5838978290557861
v 0.03574845939874649 -0.05161469057202339 0.5832417607307434
v 0.03621915727853775 0.04571666568517685 0.5881071090698242
v 0.02305739000439644 0.15042676031589508 0.5885131359100342
v -0.023656558245420456 0.15133872628211975 0.5852975845336914
v -0.14836418628692627 0.15145240724086761 0.41150006651878357
v 0.021486498415470123 -0.15035337209701538 0.5892499685287476
v -0.026679135859012604 0.15085500478744507 0.582659900188446
v -0.12766027450561523 0.14775000512599945 0.383136123418808
v -0.1209217756986618 0.14775000512599945 0.34534937143325806
v -0.11711417138576508 0.14775000512599945 0.39149999618530273
v -0.022763362154364586 -0.15085650980472565 0.585548460483551
v -0.02671091817319393 -0.15085603296756744 0.5820082426071167
v -0.11001944541931152 0.14775000512599945 0.31575044989585876
v -0.10414071381092072 0.14774872362613678 0.31652793288230896
v -0.11081282794475555 0.14775000512599945 0.38142940402030945
v -0.10450440645217896 0.14775000512599945 0.381492018699646
v -0.09835532307624817 -0.148499995470047 0.5739966630935669
v -0.09202858805656433 -0.14850039780139923 0.5776139497756958
v -0.09165853261947632 -0.14849939942359924 0.5715823173522949
v -0.09446209669113159 -0.148499995470047 0.5596764087677002
v -0.0989198088645935 -0.148499995470047 0.566218912601471
v -0.0892677903175354 -0.148499995470047 0.5667644143104553
v -0.1088588684797287 0.1477508693933487 0.3763245642185211
v -0.10917218029499054 0.14774835109710693 0.321594774723053
usemtl m_base
f 1 2 3
f 4 5 6
f 4 6 7
f 7 6 8
f 7 8 2
f 2 8 3
f 9 10 3
f 3 10 1
f 4 11 12
f 4 12 5
f 13 14 6
f 6 14 8
f 8 14 9
f 8 9 3
f 5 13 6
f 15 16 17
f 15 17 18
f 18 17 19
f 18 19 11
f 11 19 12
f 20 13 5
f 20 5 12
f 21 16 15
f 16 22 17
f 17 22 23
f 17 23 19
f 19 23 20
f 19 20 12
f 22 16 24
f 24 16 21
f 25 26 18
f 27 21 26
f 26 21 15
f 1 28 2
f 2 28 29
f 30 4 31
f 31 4 7
f 25 18 11
f 26 15 18
f 31 7 2
f 31 2 29
f 25 11 30
f 30 11 4
f 24 32 22
f 22 32 33
f 34 10 9
f 33 23 22
f 35 23 33
f 35 20 23
f 36 14 13
f 34 14 36
f 36 13 35
f 35 13 20
f 34 9 14
f 10 34 28
f 28 34 29
f 36 30 31
f 36 31 34
f 34 31 29
f 36 35 30
f 30 35 25
f 33 26 35
f 35 26 25
f 33 32 26
f 26 32 27
f 27 32 21
f 21 32 24
f 10 28 1
f 37 38 39
f 40 37 39
f 40 39 41
f 41 39 38
f 41 38 40
f 40 38 37
f 42 43 44
f 45 46 47
f 45 47 48
f 48 47 49
f 48 49 43
f 43 49 44
f 50 51 44
f 44 51 42
f 45 52 53
f 45 53 46
f 54 55 47
f 47 55 49
f 49 55 50
f 49 50 44
f 46 54 47
f 56 57 58
f 56 58 59
f 59 58 60
f 59 60 52
f 52 60 53
f 61 54 46
f 61 46 53
f 62 57 56
f 57 63 58
f 58 63 64
f 58 64 60
f 60 64 61
f 60 61 53
f 63 57 65
f 65 57 62
f 66 67 59
f 68 62 69
f 69 62 56
f 69 56 67
f 42 70 43
f 43 70 71
f 43 71 72
f 73 45 48
f 66 59 52
f 67 56 59
f 73 48 43
f 73 43 72
f 66 52 74
f 74 52 75
f 75 52 45
f 75 45 73
f 65 76 63
f 63 76 77
f 63 77 78
f 79 51 80
f 80 51 50
f 80 50 81
f 78 64 63
f 82 64 78
f 83 55 54
f 81 55 83
f 82 61 64
f 81 50 55
f 83 54 84
f 84 54 85
f 85 54 61
f 85 61 82
f 79 80 70
f 70 80 71
f 84 75 83
f 83 75 73
f 83 73 81
f 81 73 72
f 81 72 80
f 80 72 71
f 84 85 75
f 75 85 74
f 77 69 78
f 78 69 67
f 78 67 82
f 82 67 66
f 82 66 85
f 85 66 74
f 77 76 69
f 69 76 68
f 68 76 62
f 62 76 65
f 79 70 51
f 51 70 42
f 86 87 88
f 86 88 89
f 89 88 87
f 89 87 86
f 90 91 92
f 92 91 93
f 92 93 94
f 95 96 97
f 97 96 98
f 99 100 101
f 99 101 102
f 102 101 103
f 104 105 106
f 104 106 107
f 107 106 108
f 109 110 111
f 109 111 112
f 112 111 113
f 114 115 116
f 114 116 117
f 117 116 118
f 119 120 121
f 121 120 122
f 121 122 123
f 123 122 124
f 125 126 127
f 125 127 128
f 70 129 130
f 70 130 71
f 71 130 131
f 71 131 132
f 132 131 133
f 133 131 134
f 135 68 136
f 136 68 69
f 136 69 137
f 136 137 138
f 138 137 139
f 138 139 140
f 140 139 74
f 140 74 134
f 134 74 75
f 134 75 133
f 141 142 79
f 141 79 80
f 143 141 80
f 143 80 144
f 143 144 145
f 146 147 148
f 148 147 77
f 148 77 149
f 149 77 76
f 145 144 150
f 145 150 84
f 145 84 151
f 151 84 85
f 151 85 152
f 151 152 146
f 146 152 147
f 115 118 140
f 140 118 151
f 110 108 106
f 111 134 145
f 101 105 103
f 103 105 108
f 103 108 151
f 110 106 134
f 110 134 111
f 110 113 108
f 108 113 151
f 151 113 145
f 145 113 111
f 134 106 105
f 134 105 140
f 116 103 118
f 118 103 151
f 101 100 105
f 105 100 140
f 103 116 100
f 116 115 100
f 100 115 140
f 148 136 146
f 146 136 138
f 146 138 151
f 151 138 140
f 135 153 149
f 149 153 127
f 124 148 149
f 120 124 127
f 127 124 149
f 124 122 148
f 148 122 136
f 127 126 120
f 120 126 136
f 120 136 122
f 136 126 135
f 135 126 153
f 149 76 135
f 135 76 68
f 77 121 123
f 128 76 77
f 119 69 68
f 123 125 128
f 123 128 77
f 154 68 76
f 154 76 128
f 68 154 125
f 69 119 121
f 69 121 77
f 125 123 119
f 125 119 68
f 85 74 139
f 85 139 152
f 152 139 137
f 152 137 147
f 147 137 69
f 147 69 77
f 155 104 107
f 155 107 112
f 112 107 84
f 114 102 156
f 157 99 107
f 107 99 102
f 107 102 84
f 114 156 74
f 114 74 158
f 74 156 99
f 74 99 75
f 114 117 102
f 102 117 84
f 84 117 85
f 117 158 85
f 85 158 74
f 75 109 112
f 75 112 84
f 104 155 109
f 157 104 99
f 99 104 75
f 75 104 109
f 80 71 132
f 80 132 144
f 144 132 133
f 144 133 150
f 150 133 75
f 150 75 84
f 70 159 79
f 79 159 95
f 90 80 79
f 94 90 95
f 95 90 79
f 90 92 80
f 80 92 71
f 94 95 71
f 94 71 92
f 95 97 71
f 71 97 70
f 70 97 159
f 79 142 70
f 70 142 129
f 130 129 141
f 141 129 142
f 145 134 143
f 143 134 131
f 96 91 98
f 98 91 160
f 96 141 143
f 161 98 130
f 93 131 130
f 91 96 143
f 96 161 141
f 141 161 130
f 98 160 130
f 130 160 93
f 131 93 143
f 143 93 91
f 128 127 154
f 154 127 153
f 154 153 126
f 154 126 125
f 123 124 119
f 119 124 120
f 117 118 158
f 158 118 115
f 158 115 114
f 112 113 155
f 155 113 110
f 155 110 109
f 107 108 157
f 157 108 105
f 157 105 104
f 102 103 156
f 156 103 100
f 156 100 99
f 97 98 159
f 159 98 161
f 159 161 95
f 95 161 96
f 94 93 160
f 94 160 90
f 90 160 91
f 162 163 164
f 165 166 167
f 168 169 170
f 170 169 171
f 172 173 174
f 174 173 175
f 176 177 178
f 178 177 179
f 178 179 180
f 181 182 183
f 183 182 177
f 183 177 176
f 180 179 184
f 180 184 185
f 185 184 186
f 182 181 187
f 182 187 174
f 174 187 172
f 186 184 171
f 186 171 169
f 188 182 189
f 174 175 190
f 174 190 182
f 182 190 189
f 190 175 189
f 189 191 192
f 189 192 193
f 192 194 193
f 193 194 175
f 175 194 191
f 175 191 189
f 193 195 196
f 195 197 196
f 196 197 198
f 198 197 199
f 195 193 200
f 201 202 199
f 201 199 200
f 200 199 195
f 195 199 197
f 203 204 205
f 206 203 207
f 206 207 201
f 201 207 202
f 204 203 206
f 204 206 208
f 208 206 209
f 208 209 204
f 209 210 204
f 204 210 205
f 205 210 211
f 205 211 212
f 212 211 213
f 213 211 210
f 213 210 209
f 213 166 170
f 170 166 214
f 170 214 167
f 209 167 213
f 213 167 166
f 168 170 215
f 170 167 209
f 170 209 215
f 173 193 175
f 193 162 189
f 196 163 193
f 193 163 162
f 188 189 164
f 164 189 162
f 188 164 196
f 196 164 163
f 169 168 186
f 186 168 215
f 186 215 185
f 185 215 209
f 185 209 180
f 180 209 206
f 180 206 178
f 178 206 201
f 178 201 176
f 176 201 200
f 176 200 183
f 183 200 181
f 181 200 193
f 181 193 187
f 187 193 173
f 187 173 172
f 216 213 170
f 217 203 205
f 212 213 184
f 184 213 171
f 213 216 171
f 171 216 170
f 188 196 182
f 182 196 177
f 177 196 198
f 198 199 177
f 177 199 202
f 177 202 207
f 177 207 179
f 207 203 179
f 179 203 217
f 179 217 205
f 179 205 184
f 205 212 184
f 165 167 214
f 165 214 166
f 192 191 194
f 218 219 220
f 221 222 223
f 224 225 226
f 226 225 227
f 228 229 230
f 230 229 231
f 232 233 234
f 232 234 235
f 235 234 236
f 237 238 239
f 239 238 240
f 239 240 241
f 241 240 242
f 242 240 233
f 242 233 232
f 238 243 230
f 236 234 227
f 236 227 225
f 230 243 228
f 244 238 245
f 230 231 246
f 230 246 238
f 238 246 245
f 246 231 245
f 245 247 248
f 245 248 249
f 248 250 249
f 249 250 231
f 231 250 247
f 231 247 245
f 249 251 252
f 251 253 252
f 252 253 254
f 254 253 255
f 251 249 256
f 257 258 255
f 257 255 256
f 256 255 251
f 251 255 253
f 259 260 261
f 262 259 263
f 262 263 257
f 257 263 258
f 260 259 262
f 260 262 264
f 264 262 265
f 264 265 260
f 265 266 260
f 260 266 261
f 261 266 267
f 261 267 268
f 268 267 269
f 269 267 266
f 269 266 265
f 269 222 226
f 226 222 270
f 226 270 223
f 265 223 269
f 269 223 222
f 224 226 271
f 226 223 265
f 226 265 271
f 229 249 231
f 249 218 245
f 252 219 249
f 249 219 218
f 244 245 220
f 220 245 218
f 244 220 252
f 252 220 219
f 225 224 236
f 236 224 271
f 236 271 235
f 235 271 265
f 235 265 232
f 232 262 242
f 242 262 257
f 242 257 241
f 241 257 256
f 241 256 239
f 239 256 237
f 237 256 249
f 243 249 229
f 243 229 228
f 272 269 226
f 273 259 261
f 268 269 234
f 234 269 227
f 269 272 227
f 227 272 226
f 244 252 238
f 238 252 240
f 240 252 254
f 254 255 240
f 240 255 258
f 240 258 263
f 240 263 233
f 263 259 233
f 233 259 273
f 233 273 261
f 233 261 234
f 261 268 234
f 221 223 270
f 221 270 222
f 248 247 250
f 274 275 276
f 276 275 277
f 276 277 278
f 276 278 274
f 279 280 281
f 279 281 282
f 282 281 283
f 284 285 286
f 284 286 287
f 287 286 288
f 289 290 291
f 289 291 292
f 286 293 288
f 288 293 294
f 288 294 285
f 285 290 295
f 285 295 286
f 286 295 293
f 293 295 291
f 293 291 290
f 296 297 293
f 293 297 294
f 298 296 290
f 290 296 293
f 299 283 281
f 281 275 278
f 275 281 300
f 300 281 280
f 280 283 300
f 281 278 299
f 278 277 299
f 299 277 275
f 301 302 275
f 275 302 299
f 303 301 300
f 300 301 275
f 304 305 306
f 304 306 307
f 307 306 308
f 309 310 311
f 309 311 312
f 312 313 298
f 312 298 310
f 310 298 314
f 310 314 311
f 308 302 301
f 308 301 305
f 305 301 306
f 315 316 317
f 317 316 318
f 319 318 316
f 320 318 321
f 321 318 319
f 317 320 315
f 315 320 321
f 322 323 324
f 324 323 325
f 326 323 322
f 326 327 323
f 328 324 325
f 329 330 319
f 331 321 332
f 330 332 319
f 319 332 321
f 332 327 326
f 332 326 331
f 331 326 322
f 331 322 329
f 329 322 324
f 329 324 330
f 330 324 328
f 328 333 330
f 330 333 332
f 332 333 327
f 334 321 331
f 316 335 319
f 335 329 319
f 315 321 334
f 335 316 334
f 334 316 315
f 300 283 303
f 303 283 331
f 303 331 297
f 297 331 329
f 297 329 294
f 294 329 285
f 290 285 298
f 298 285 329
f 298 329 336
f 336 329 335
f 337 336 334
f 334 336 335
f 337 334 302
f 302 334 331
f 302 331 299
f 299 331 283
f 336 314 298
f 313 296 298
f 337 302 338
f 337 338 301
f 336 318 314
f 314 318 320
f 314 320 313
f 317 337 301
f 317 301 320
f 337 317 336
f 336 317 318
f 323 327 301
f 301 327 320
f 328 297 296
f 296 313 328
f 320 327 333
f 320 333 313
f 313 333 328
f 328 325 297
f 323 301 303
f 297 325 323
f 297 323 303
f 306 301 338
f 306 338 302
f 306 302 308
f 311 314 313
f 311 313 312
f 309 312 339
f 339 312 310
f 339 310 309
f 307 308 304
f 304 308 305
f 292 291 295
f 292 295 289
f 289 295 290
f 287 288 284
f 284 288 285
f 282 283 280
f 282 280 279
f 274 278 275
f 340 341 342
f 342 341 343
f 342 343 340
f 340 343 344
f 344 343 341
f 345 344 346
f 346 344 341
f 346 340 345
f 345 340 344
f 340 346 341
f 347 348 349
f 350 351 352
f 353 354 355
f 353 355 356
f 353 357 354
f 358 357 352
f 352 357 353
f 352 351 358
f 349 359 350
f 350 359 351
f 349 348 359
f 347 360 348
f 347 361 360
f 356 361 347
f 356 355 361
f 362 352 363
f 353 363 352
f 353 364 363
f 364 353 365
f 356 365 353
f 365 356 366
f 361 365 366
f 358 362 363
f 357 363 364
f 355 364 365
f 355 365 361
f 354 364 355
f 357 358 363
f 354 357 364
f 366 356 347
f 366 347 367
f 367 347 349
f 367 349 368
f 368 349 350
f 368 350 369
f 369 350 352
f 369 352 362
f 368 348 367
f 360 366 367
f 348 368 359
f 359 368 369
f 351 359 369
f 351 369 362
f 361 366 360
f 348 360 367
f 358 351 362
f 370 371 372
f 373 374 375
f 376 377 378
f 379 380 381
f 381 380 382
f 381 382 383
f 383 382 384
f 383 384 385
f 386 387 388
f 389 390 391
f 390 389 392
f 393 390 392
f 394 393 392
f 394 392 395
f 396 397 398
f 396 398 399
f 399 398 400
f 399 400 401
f 401 402 403
f 403 404 405
f 406 407 408
f 409 410 411
f 409 411 412
f 412 411 413
f 412 413 414
f 414 413 415
f 414 415 416
f 417 416 418
f 419 418 420
f 414 416 417
f 421 417 418
f 421 418 419
f 422 423 424
f 425 424 426
f 425 426 427
f 411 428 423
f 429 422 424
f 429 424 425
f 420 425 427
f 410 428 411
f 413 411 423
f 413 423 422
f 415 422 429
f 415 429 416
f 418 429 425
f 420 418 425
f 415 413 422
f 416 429 418
f 430 431 432
f 433 432 434
f 433 434 435
f 433 435 436
f 437 438 439
f 437 439 440
f 440 439 441
f 440 441 442
f 430 432 433
f 443 433 436
f 436 438 437
f 443 436 437
f 444 445 446
f 444 431 445
f 435 446 447
f 448 447 449
f 448 449 439
f 439 449 450
f 434 444 446
f 434 446 435
f 448 435 447
f 441 439 450
f 432 431 444
f 432 444 434
f 436 435 448
f 436 448 438
f 438 448 439
f 381 451 379
f 452 453 454
f 454 453 455
f 456 457 458
f 459 460 461
f 459 461 462
f 463 464 465
f 466 467 468
f 468 467 469
f 468 469 470
f 470 469 471
f 470 471 472
f 472 471 473
f 472 473 474
f 473 475 474
f 475 473 476
f 475 476 477
f 381 383 375
f 375 383 373
f 373 383 385
f 373 385 478
f 373 478 479
f 480 481 478
f 478 481 479
f 482 483 374
f 483 484 374
f 485 486 487
f 488 489 490
f 488 491 489
f 492 493 494
f 494 493 495
f 492 496 493
f 496 492 497
f 496 497 498
f 498 497 499
f 500 501 498
f 500 498 499
f 502 503 501
f 502 501 500
f 503 502 490
f 489 503 490
f 504 505 506
f 506 505 507
f 507 505 508
f 507 508 498
f 508 509 498
f 498 509 510
f 510 509 511
f 511 512 510
f 512 511 388
f 513 512 388
f 514 504 506
f 387 515 388
f 388 515 513
f 478 385 384
f 478 516 480
f 451 480 517
f 518 519 520
f 518 520 521
f 518 521 522
f 522 521 523
f 524 525 526
f 524 526 527
f 527 526 528
f 527 528 529
f 529 528 530
f 397 531 532
f 533 534 535
f 536 537 538
f 538 537 539
f 539 537 540
f 539 540 541
f 541 540 542
f 543 544 545
f 546 547 548
f 549 550 551
f 552 553 554
f 554 553 555
f 554 555 556
f 556 555 557
f 556 557 558
f 558 557 559
f 558 559 560
f 560 559 561
f 560 561 562
f 562 561 408
f 563 564 565
f 563 565 566
f 563 566 567
f 567 568 569
f 570 571 572
f 572 571 573
f 572 573 574
f 574 573 575
f 574 575 576
f 576 575 577
f 577 575 578
f 577 578 579
f 568 567 566
f 580 581 582
f 580 582 583
f 583 582 584
f 584 582 585
f 584 585 586
f 586 585 587
f 586 587 588
f 586 588 589
f 589 588 590
f 590 588 591
f 592 593 594
f 594 593 595
f 594 595 596
f 596 595 597
f 597 595 598
f 597 598 599
f 599 598 600
f 599 600 601
f 599 601 602
f 603 604 605
f 605 604 606
f 605 606 607
f 607 606 608
f 607 608 609
f 610 611 612
f 610 612 613
f 613 612 614
f 614 612 615
f 614 615 616
f 616 615 617
f 618 619 620
f 618 620 621
f 621 620 622
f 621 622 623
f 623 622 624
f 623 624 625
f 625 624 626
f 625 626 627
f 627 626 628
f 627 628 629
f 629 628 619
f 629 619 618
f 629 613 627
f 627 613 614
f 627 614 625
f 625 614 616
f 625 616 623
f 621 630 618
f 618 630 610
f 618 610 629
f 629 610 613
f 623 616 621
f 621 616 630
f 616 617 631
f 616 631 630
f 630 631 610
f 610 631 611
f 628 607 619
f 619 607 609
f 619 609 620
f 624 605 626
f 626 605 628
f 628 605 607
f 609 632 620
f 620 632 622
f 622 632 603
f 622 603 624
f 624 603 605
f 611 594 612
f 612 594 596
f 612 596 615
f 615 596 599
f 615 599 617
f 599 633 617
f 617 633 634
f 617 634 631
f 631 634 635
f 631 635 611
f 611 635 592
f 611 592 594
f 609 608 632
f 632 608 636
f 632 636 603
f 603 636 637
f 603 637 604
f 634 638 635
f 596 597 599
f 602 633 599
f 608 639 640
f 608 640 636
f 636 640 641
f 636 641 637
f 637 641 604
f 641 588 604
f 604 588 606
f 606 588 587
f 606 587 582
f 606 582 608
f 608 582 581
f 608 581 639
f 602 601 633
f 633 601 642
f 633 642 634
f 634 642 643
f 634 643 638
f 638 643 644
f 638 644 635
f 635 644 645
f 635 645 592
f 592 645 593
f 587 585 582
f 640 646 641
f 591 588 641
f 647 595 593
f 647 593 648
f 649 644 643
f 650 643 642
f 650 642 651
f 652 598 653
f 653 598 647
f 647 598 595
f 447 645 649
f 649 645 644
f 648 593 447
f 447 593 645
f 651 642 601
f 651 601 654
f 601 600 654
f 654 600 652
f 652 600 598
f 590 591 655
f 655 591 641
f 655 641 646
f 655 646 656
f 656 646 640
f 656 640 657
f 657 640 639
f 657 639 580
f 580 639 581
f 658 589 590
f 658 590 424
f 426 655 656
f 659 656 657
f 659 657 660
f 661 586 589
f 661 589 658
f 660 657 580
f 660 580 662
f 424 590 426
f 426 590 655
f 580 583 662
f 662 583 663
f 663 583 584
f 661 584 586
f 649 449 447
f 647 445 653
f 643 449 649
f 647 648 446
f 643 650 449
f 654 664 651
f 446 445 647
f 652 653 654
f 648 447 446
f 450 449 650
f 450 650 665
f 665 650 651
f 431 653 445
f 665 651 666
f 666 651 664
f 667 664 668
f 668 664 654
f 668 654 653
f 668 653 431
f 669 450 665
f 670 666 664
f 670 664 667
f 671 668 431
f 441 450 669
f 672 669 665
f 672 665 666
f 442 441 669
f 442 669 672
f 673 672 666
f 673 666 670
f 673 670 674
f 674 670 667
f 674 667 668
f 674 668 671
f 430 671 431
f 675 674 671
f 442 672 673
f 675 673 674
f 675 671 430
f 426 656 427
f 661 658 423
f 656 659 427
f 658 424 423
f 659 660 676
f 584 661 428
f 584 428 663
f 661 423 428
f 660 662 676
f 677 678 430
f 679 440 680
f 680 440 442
f 679 437 440
f 681 677 433
f 682 673 675
f 680 442 682
f 682 442 673
f 678 675 430
f 443 437 679
f 681 433 443
f 677 430 433
f 683 676 684
f 684 676 662
f 684 662 663
f 685 427 686
f 686 427 659
f 686 659 676
f 687 684 663
f 687 663 428
f 420 427 685
f 688 676 683
f 688 686 676
f 689 683 684
f 410 687 428
f 690 685 686
f 690 686 688
f 688 683 689
f 687 689 684
f 419 420 685
f 419 685 690
f 691 690 688
f 691 688 689
f 691 689 692
f 692 689 687
f 692 687 693
f 693 687 410
f 693 410 409
f 694 419 690
f 694 690 691
f 692 693 409
f 559 695 409
f 421 696 417
f 559 409 412
f 559 412 697
f 698 421 419
f 408 697 414
f 695 692 409
f 699 692 695
f 408 414 696
f 696 414 417
f 697 412 414
f 694 691 699
f 419 694 698
f 699 691 692
f 680 700 679
f 679 700 701
f 682 702 680
f 680 702 700
f 681 578 677
f 679 701 443
f 443 701 681
f 578 575 677
f 677 575 678
f 678 575 573
f 675 702 682
f 678 573 675
f 675 573 571
f 675 571 702
f 703 568 565
f 566 565 568
f 701 704 681
f 681 704 578
f 565 705 703
f 703 705 706
f 703 706 568
f 571 570 702
f 702 570 707
f 702 707 700
f 700 707 708
f 700 708 709
f 700 709 701
f 701 709 710
f 701 710 704
f 704 710 579
f 704 579 578
f 569 568 706
f 564 705 565
f 559 557 695
f 695 557 555
f 695 555 699
f 421 711 406
f 421 406 696
f 698 711 421
f 696 406 408
f 408 561 697
f 697 561 559
f 699 555 553
f 699 553 694
f 553 712 694
f 694 712 698
f 698 712 711
f 708 710 709
f 570 572 576
f 576 572 574
f 553 552 712
f 712 552 713
f 712 713 711
f 711 713 714
f 711 714 715
f 711 715 406
f 407 562 408
f 406 715 407
f 550 576 548
f 548 576 577
f 548 577 546
f 546 577 579
f 546 579 710
f 546 710 716
f 716 710 708
f 716 708 717
f 717 708 551
f 551 708 707
f 551 707 570
f 551 570 549
f 549 570 576
f 549 576 550
f 554 556 558
f 715 714 713
f 713 552 554
f 558 560 562
f 563 536 564
f 564 536 538
f 706 541 542
f 706 542 569
f 569 542 718
f 569 718 567
f 564 538 705
f 705 538 539
f 705 539 706
f 706 539 541
f 567 718 719
f 567 719 563
f 563 719 536
f 717 720 716
f 716 720 546
f 546 720 547
f 395 389 721
f 722 395 721
f 392 389 395
f 723 715 713
f 723 713 543
f 543 713 554
f 543 554 544
f 544 554 558
f 544 558 724
f 724 558 562
f 724 562 725
f 725 562 726
f 726 562 407
f 726 407 723
f 723 407 715
f 543 545 723
f 718 542 727
f 718 727 719
f 719 727 728
f 719 728 536
f 536 728 729
f 536 729 537
f 730 544 731
f 731 544 724
f 527 545 524
f 524 545 730
f 730 545 544
f 731 724 529
f 529 724 725
f 529 725 726
f 529 726 527
f 527 726 723
f 527 723 545
f 732 548 519
f 519 548 547
f 519 547 520
f 523 550 733
f 733 550 732
f 732 550 548
f 520 547 720
f 520 720 521
f 720 717 521
f 521 717 523
f 523 717 551
f 523 551 550
f 542 405 727
f 727 405 734
f 729 396 537
f 542 403 405
f 729 728 396
f 540 403 542
f 727 534 728
f 540 401 403
f 537 399 540
f 540 399 401
f 727 734 534
f 537 396 399
f 405 735 734
f 734 735 535
f 734 535 534
f 534 533 728
f 728 533 532
f 728 532 531
f 396 531 397
f 728 531 396
f 395 736 394
f 395 722 736
f 736 722 721
f 737 736 721
f 391 737 721
f 391 721 389
f 738 739 740
f 738 740 741
f 738 742 739
f 735 405 404
f 404 403 402
f 402 401 400
f 529 530 731
f 731 530 525
f 731 525 730
f 730 525 524
f 743 740 744
f 744 740 739
f 740 743 741
f 745 738 741
f 745 741 743
f 746 738 745
f 746 742 738
f 742 746 747
f 744 739 742
f 744 742 747
f 522 523 733
f 522 733 748
f 748 733 732
f 748 732 519
f 748 519 518
f 504 735 404
f 735 504 749
f 508 505 402
f 404 505 504
f 402 505 404
f 750 386 533
f 533 386 532
f 751 535 749
f 735 749 535
f 535 751 533
f 533 751 750
f 397 388 511
f 397 511 398
f 388 532 386
f 509 508 400
f 400 508 402
f 398 511 400
f 400 511 509
f 532 388 397
f 382 380 379
f 379 384 382
f 516 384 379
f 516 379 517
f 752 393 753
f 753 393 394
f 736 754 753
f 736 753 394
f 754 736 737
f 754 737 755
f 755 737 756
f 756 737 391
f 390 757 391
f 391 757 756
f 757 390 393
f 757 393 752
f 758 750 751
f 759 525 530
f 760 526 761
f 526 525 761
f 525 759 761
f 526 760 528
f 528 760 762
f 530 763 759
f 528 762 764
f 528 764 530
f 530 764 763
f 765 766 767
f 768 747 746
f 747 768 744
f 769 518 770
f 518 522 770
f 522 515 770
f 518 769 771
f 518 771 748
f 748 771 772
f 522 773 515
f 748 773 522
f 748 772 773
f 512 513 773
f 512 773 772
f 773 513 515
f 514 506 759
f 514 759 763
f 763 764 514
f 478 384 516
f 480 516 517
f 451 517 379
f 757 755 756
f 774 762 760
f 775 776 777
f 777 778 775
f 779 780 776
f 778 776 775
f 775 776 780
f 762 777 764
f 781 767 782
f 770 783 769
f 769 783 771
f 771 784 772
f 770 515 785
f 493 512 772
f 506 503 759
f 764 751 749
f 764 749 514
f 504 514 749
f 786 787 788
f 789 790 791
f 792 485 487
f 482 484 483
f 381 377 451
f 752 761 757
f 753 754 760
f 760 754 774
f 774 754 755
f 761 752 760
f 760 752 753
f 755 491 774
f 755 793 491
f 757 761 759
f 757 759 793
f 757 793 755
f 759 503 793
f 793 503 489
f 793 489 491
f 777 776 751
f 751 764 777
f 776 779 751
f 751 779 794
f 751 794 758
f 758 794 750
f 750 794 795
f 795 386 750
f 785 386 795
f 386 785 515
f 386 515 387
f 762 796 777
f 796 794 779
f 779 776 796
f 796 776 778
f 777 796 778
f 493 772 495
f 797 495 781
f 782 797 781
f 772 765 495
f 495 765 781
f 798 799 782
f 800 798 801
f 800 802 798
f 802 800 801
f 767 801 782
f 803 804 784
f 784 804 805
f 806 807 799
f 807 782 799
f 770 808 783
f 782 808 770
f 806 809 808
f 783 808 809
f 806 810 811
f 812 811 810
f 803 767 766
f 765 767 781
f 803 766 805
f 805 766 765
f 801 767 802
f 802 767 803
f 802 813 814
f 803 813 802
f 784 815 803
f 803 815 813
f 810 816 812
f 816 814 812
f 814 816 802
f 783 809 811
f 771 744 784
f 784 744 768
f 743 783 745
f 812 746 745
f 782 801 798
f 782 807 806
f 782 806 808
f 783 743 744
f 783 744 771
f 772 784 805
f 805 804 803
f 813 815 814
f 746 812 768
f 768 812 784
f 815 784 812
f 815 812 814
f 809 806 811
f 806 799 810
f 810 799 798
f 810 798 816
f 816 798 802
f 772 805 765
f 812 745 811
f 811 745 783
f 785 817 770
f 512 493 496
f 512 496 510
f 510 496 498
f 503 506 507
f 507 501 503
f 501 507 498
f 774 491 762
f 796 762 491
f 817 785 795
f 794 818 795
f 794 796 818
f 817 782 770
f 782 819 797
f 494 797 819
f 797 494 495
f 485 792 486
f 481 480 376
f 376 480 451
f 376 451 377
f 378 377 381
f 381 375 378
f 467 819 469
f 820 471 469
f 491 488 796
f 819 782 817
f 821 819 817
f 821 817 795
f 795 820 821
f 818 488 473
f 818 473 820
f 820 473 471
f 821 820 469
f 821 469 819
f 820 795 818
f 796 488 818
f 476 473 488
f 476 488 822
f 822 488 490
f 494 819 467
f 823 822 490
f 823 490 502
f 824 499 497
f 825 497 492
f 502 500 824
f 502 824 823
f 824 500 499
f 497 825 824
f 826 825 492
f 826 492 494
f 826 494 467
f 374 484 827
f 827 484 790
f 790 484 482
f 373 479 482
f 374 373 482
f 790 482 479
f 828 792 487
f 828 487 829
f 375 374 486
f 792 375 486
f 792 378 375
f 829 487 486
f 829 486 374
f 792 828 378
f 828 786 788
f 828 788 378
f 481 789 791
f 789 481 376
f 789 788 787
f 789 787 830
f 830 787 828
f 828 787 786
f 790 789 830
f 789 376 788
f 376 378 788
f 481 791 479
f 790 479 791
f 829 374 827
f 790 830 827
f 477 476 822
f 477 822 823
f 477 823 371
f 371 823 372
f 372 823 824
f 372 824 370
f 370 824 825
f 370 825 831
f 831 825 466
f 466 825 826
f 466 826 467
f 832 454 455
f 827 830 452
f 452 454 827
f 827 454 832
f 832 455 452
f 832 452 833
f 833 452 830
f 830 828 463
f 463 465 830
f 830 465 833
f 833 465 834
f 834 465 835
f 834 835 463
f 834 463 828
f 836 456 837
f 837 456 458
f 837 458 829
f 829 458 828
f 458 838 828
f 828 838 836
f 836 838 456
f 839 459 840
f 829 827 462
f 829 462 460
f 829 460 837
f 837 460 839
f 839 460 459
f 840 459 462
f 840 462 827
f 465 464 841
f 465 841 835
f 835 841 463
f 462 461 842
f 462 842 460
f 456 838 457
f 455 843 452
f 452 843 453
f 827 844 840
f 844 827 832
f 844 832 845
f 845 832 846
f 832 833 846
f 846 833 847
f 847 833 834
f 848 847 834
f 828 836 848
f 828 848 834
f 836 837 849
f 849 837 839
f 461 840 842
f 844 472 474
f 840 844 842
f 842 844 477
f 460 371 370
f 460 370 849
f 460 849 461
f 461 849 839
f 461 839 840
f 842 477 371
f 842 371 460
f 844 474 475
f 844 475 477
f 370 458 849
f 838 831 466
f 370 838 458
f 370 831 838
f 848 466 468
f 838 466 848
f 838 848 457
f 457 848 836
f 457 836 849
f 457 849 458
f 468 470 848
f 848 470 472
f 848 472 463
f 463 472 464
f 848 463 847
f 847 463 841
f 847 841 846
f 846 841 472
f 472 841 464
f 844 845 455
f 455 845 843
f 843 845 846
f 453 472 844
f 453 844 455
f 472 453 846
f 846 453 843
f 850 851 852
f 852 851 853
f 852 853 854
f 854 853 855
f 855 853 856
f 855 856 857
f 857 856 858
f 858 856 859
f 854 860 852
f 852 860 861
f 852 861 850
f 850 861 862
f 850 862 863
f 863 862 864
f 863 864 865
f 865 864 866
f 865 866 867
f 867 866 868
f 867 868 869
f 869 868 870
f 869 870 871
f 871 870 872
f 871 872 859
f 859 872 873
f 859 873 858
f 858 873 874
f 858 874 857
f 857 874 875
f 857 875 855
f 855 875 876
f 855 876 854
f 854 876 860
f 856 873 877
f 877 873 872
f 877 872 870
f 877 870 878
f 878 870 868
f 878 868 866
f 878 866 864
f 878 864 851
f 851 864 862
f 859 856 877
f 859 877 871
f 871 877 869
f 869 877 878
f 869 878 867
f 867 878 865
f 865 878 863
f 863 878 851
f 863 851 850
f 851 862 861
f 851 861 853
f 853 861 860
f 853 860 876
f 853 876 856
f 856 876 875
f 856 875 874
f 856 874 873
f 879 880 881
f 879 882 883
f 883 882 884
f 885 883 884
f 886 887 888
f 881 887 886
f 882 881 889
f 886 889 881
f 887 881 880
f 887 880 890
f 879 881 882
f 884 882 889
f 884 889 891
f 884 891 892
f 884 892 885
f 892 891 893
f 894 885 892
f 894 892 893
f 895 896 897
f 898 899 893
f 890 888 895
f 895 888 896
f 900 895 897
f 900 897 901
f 900 901 902
f 898 902 901
f 898 901 899
f 885 898 893
f 898 885 894
f 902 898 903
f 902 904 900
f 900 904 905
f 900 905 895
f 906 895 905
f 906 905 896
f 899 894 893
f 898 894 903
f 903 899 901
f 904 903 901
f 899 903 894
f 902 903 904
f 905 904 901
f 905 901 897
f 905 897 896
f 890 895 906
f 890 906 887
f 887 906 896
f 887 896 888
f 885 893 891
f 879 889 886
f 890 886 888
f 885 891 883
f 883 891 889
f 883 889 879
f 880 879 886
f 880 886 890
f 907 908 909
f 910 911 908
f 912 913 914
f 912 914 915
f 910 908 907
f 916 911 910
f 917 918 912
f 912 918 913
f 919 920 916
f 915 914 921
f 915 921 920
f 915 920 919
f 907 909 917
f 917 909 918
f 919 922 915
f 922 919 923
f 916 924 919
f 919 924 923
f 924 916 910
f 924 910 925
f 925 910 907
f 925 907 926
f 914 922 921
f 920 922 923
f 911 923 924
f 911 924 925
f 908 925 926
f 921 922 920
f 916 920 923
f 916 923 911
f 911 925 908
f 909 908 926
f 926 907 927
f 917 927 907
f 927 917 928
f 917 929 928
f 929 917 912
f 929 912 930
f 930 912 915
f 930 915 922
f 909 926 927
f 918 928 929
f 914 930 922
f 918 927 928
f 913 929 930
f 909 927 918
f 918 929 913
f 913 930 914
f 931 932 933
f 932 934 935
f 936 937 938
f 939 940 941
f 942 941 943
f 942 943 937
f 937 943 944
f 944 943 945
f 946 947 948
f 949 950 951
f 950 949 952
f 953 950 952
f 954 953 952
f 954 952 955
f 956 957 958
f 958 957 959
f 958 959 960
f 958 960 961
f 962 963 964
f 962 964 965
f 961 963 962
f 966 967 968
f 969 970 971
f 972 973 974
f 974 973 975
f 974 975 976
f 976 975 977
f 976 977 978
f 979 978 980
f 981 980 982
f 976 978 979
f 983 979 980
f 983 980 981
f 984 985 986
f 987 988 989
f 990 991 984
f 984 991 985
f 977 986 988
f 977 988 987
f 977 984 986
f 980 987 989
f 982 989 992
f 975 984 977
f 978 977 987
f 982 980 989
f 973 990 984
f 973 984 975
f 978 987 980
f 993 994 995
f 995 994 996
f 995 996 997
f 997 996 998
f 997 998 999
f 997 999 1000
f 1001 1002 1003
f 1001 1003 1004
f 1004 1003 1005
f 1004 1005 1006
f 1007 997 1000
f 1000 1002 1001
f 1007 1000 1001
f 1008 1009 1010
f 1008 1011 1009
f 999 1010 1012
f 1013 1012 1014
f 1013 1014 1003
f 1003 1014 1015
f 998 1008 1010
f 998 1010 999
f 1013 999 1012
f 994 1011 1008
f 1005 1003 1015
f 996 994 1008
f 996 1008 998
f 1000 999 1013
f 1000 1013 1002
f 1002 1013 1003
f 1016 939 941
f 1016 941 942
f 1017 1018 1019
f 1017 1019 1020
f 1021 1022 1023
f 1021 1023 1024
f 1025 1026 1027
f 1025 1027 1028
f 1028 1027 1029
f 1030 1031 1032
f 1032 1031 1033
f 1032 1033 1034
f 1032 1034 1035
f 1035 1034 1036
f 1035 1036 1037
f 1036 934 1037
f 934 1036 1038
f 934 1038 935
f 936 942 937
f 937 944 938
f 938 944 1039
f 938 1039 1040
f 1041 1042 1040
f 1041 1040 1039
f 1043 1044 1045
f 1045 1044 1046
f 1047 1048 1049
f 1049 1048 1050
f 1049 1050 1051
f 1052 1053 1054
f 1055 1052 1054
f 1056 1057 1058
f 1056 1059 1057
f 1060 1061 1062
f 1062 1061 1063
f 1060 1064 1061
f 1065 1064 1060
f 1064 1065 1066
f 1064 1066 1067
f 1066 1068 1067
f 1069 1068 1066
f 1069 1070 1068
f 1070 1069 1058
f 1057 1070 1058
f 1071 1072 1073
f 1073 1072 1074
f 1074 1072 1075
f 1074 1075 1067
f 1067 1075 1076
f 1067 1076 1077
f 1077 1076 1078
f 1078 1079 1077
f 1079 1078 948
f 1080 1079 948
f 1081 1071 1073
f 947 1082 948
f 948 1082 1080
f 1039 944 945
f 1041 1083 939
f 1084 1085 1086
f 1084 1086 1087
f 1084 1087 1088
f 1088 1087 1089
f 1090 1091 1092
f 1090 1092 1093
f 1093 1092 1094
f 1093 1094 1095
f 1095 1094 1096
f 1097 1098 1099
f 1097 1099 1100
f 1100 1099 1101
f 1100 1101 1102
f 1102 1101 1103
f 1103 1101 1104
f 1105 1106 1107
f 1108 1109 1110
f 1111 1112 1113
f 968 967 1114
f 1114 967 1115
f 1114 1115 1116
f 1116 1115 1117
f 1116 1117 1118
f 1118 1117 1119
f 1118 1119 1120
f 1120 1119 1121
f 1120 1121 1122
f 1123 1124 1125
f 1124 1126 1127
f 1125 1124 1127
f 1123 1128 1129
f 1129 1128 1130
f 1131 1132 1133
f 1131 1133 1134
f 1134 1133 1135
f 1134 1135 1136
f 1136 1135 1137
f 1136 1137 1138
f 1136 1138 1139
f 1139 1138 1140
f 1128 1123 1125
f 1141 1142 1143
f 1143 1142 1144
f 1143 1144 1145
f 1143 1145 1146
f 1146 1145 1147
f 1147 1145 1148
f 1147 1148 1149
f 1149 1148 1150
f 1149 1150 1151
f 1149 1151 1152
f 1153 1154 1155
f 1155 1154 1156
f 1155 1156 1157
f 1157 1156 1158
f 1158 1156 1159
f 1158 1159 1160
f 1160 1159 1161
f 1160 1161 1162
f 1160 1162 1163
f 1164 1165 1166
f 1166 1165 1167
f 1166 1167 1168
f 1168 1167 1169
f 1168 1169 1170
f 1171 1172 1173
f 1171 1173 1174
f 1174 1173 1175
f 1175 1173 1176
f 1175 1176 1177
f 1177 1176 1178
f 1179 1180 1181
f 1179 1181 1182
f 1182 1181 1183
f 1182 1183 1184
f 1184 1183 1185
f 1184 1185 1186
f 1186 1185 1187
f 1186 1187 1188
f 1188 1187 1189
f 1188 1189 1190
f 1190 1189 1180
f 1190 1180 1179
f 1190 1174 1188
f 1188 1174 1175
f 1188 1175 1186
f 1186 1175 1177
f 1186 1177 1184
f 1182 1191 1179
f 1179 1191 1171
f 1179 1171 1190
f 1190 1171 1174
f 1184 1177 1182
f 1182 1177 1191
f 1177 1178 1192
f 1177 1192 1191
f 1191 1192 1171
f 1171 1192 1172
f 1189 1168 1180
f 1180 1168 1170
f 1180 1170 1181
f 1185 1166 1187
f 1187 1166 1189
f 1189 1166 1168
f 1170 1193 1181
f 1181 1193 1183
f 1183 1193 1164
f 1183 1164 1185
f 1185 1164 1166
f 1178 1194 1195
f 1178 1195 1192
f 1192 1195 1196
f 1192 1196 1172
f 1172 1196 1153
f 1172 1153 1155
f 1172 1155 1173
f 1173 1155 1157
f 1173 1157 1176
f 1176 1157 1160
f 1176 1160 1178
f 1178 1160 1194
f 1170 1169 1193
f 1193 1169 1197
f 1193 1197 1164
f 1164 1197 1198
f 1164 1198 1165
f 1195 1199 1196
f 1157 1158 1160
f 1163 1194 1160
f 1169 1200 1201
f 1169 1201 1197
f 1197 1201 1202
f 1197 1202 1198
f 1198 1202 1165
f 1202 1143 1165
f 1165 1143 1167
f 1167 1143 1146
f 1167 1146 1149
f 1167 1149 1169
f 1169 1149 1152
f 1169 1152 1200
f 1163 1162 1194
f 1194 1162 1203
f 1194 1203 1195
f 1195 1203 1204
f 1195 1204 1199
f 1199 1204 1205
f 1199 1205 1196
f 1196 1205 1206
f 1196 1206 1153
f 1153 1206 1154
f 1146 1147 1149
f 1201 1207 1202
f 1141 1143 1202
f 1208 1203 1209
f 1210 1159 1211
f 1211 1159 1212
f 1213 1205 1204
f 1208 1204 1203
f 1209 1203 1162
f 1209 1162 1214
f 1159 1156 1212
f 1212 1156 1154
f 1212 1154 1215
f 1162 1161 1214
f 1214 1161 1210
f 1210 1161 1159
f 1215 1154 1012
f 1012 1154 1206
f 1012 1206 1213
f 1213 1206 1205
f 1142 1141 1216
f 1216 1141 1202
f 1216 1202 1207
f 1216 1207 1217
f 1217 1207 1201
f 1217 1201 1218
f 1218 1201 1200
f 1218 1200 1151
f 1151 1200 1152
f 1219 1216 1217
f 1220 1217 1218
f 1220 1218 1221
f 988 1142 1219
f 1219 1142 1216
f 1221 1218 1151
f 1221 1151 1222
f 1223 1144 1142
f 1223 1142 988
f 1151 1150 1222
f 1222 1150 1148
f 1222 1148 985
f 985 1148 1224
f 1148 1145 1224
f 1224 1145 1144
f 1224 1144 1223
f 1213 1204 1014
f 1214 1225 1209
f 1212 1009 1211
f 1210 1211 1214
f 1212 1215 1010
f 1010 1009 1212
f 1213 1014 1012
f 1204 1208 1014
f 1012 1010 1215
f 1015 1014 1208
f 1015 1208 1226
f 1226 1208 1209
f 1011 1211 1009
f 1226 1209 1227
f 1227 1209 1225
f 1228 1225 1229
f 1229 1225 1214
f 1229 1214 1211
f 1229 1211 1011
f 1230 1015 1226
f 1231 1227 1225
f 1231 1225 1228
f 994 1229 1011
f 1005 1015 1230
f 1232 1230 1226
f 1232 1226 1227
f 1006 1005 1230
f 1006 1230 1232
f 1233 1232 1227
f 1233 1227 1231
f 1231 1228 1234
f 1234 1228 1229
f 1234 1229 993
f 993 1229 994
f 1006 1232 1233
f 1234 1233 1231
f 1219 1217 992
f 1224 1223 986
f 988 1219 989
f 1217 1220 992
f 1223 988 986
f 1220 1221 1235
f 1222 985 991
f 992 989 1219
f 1224 986 985
f 1222 991 1236
f 1222 1236 1221
f 1221 1236 1235
f 1237 1238 995
f 1239 1240 1233
f 1241 1004 1240
f 1240 1004 1006
f 1239 1234 1242
f 1239 1233 1234
f 1240 1006 1233
f 1241 1007 1001
f 1242 993 1238
f 1238 993 995
f 1242 1234 993
f 1241 1001 1004
f 1237 997 1007
f 1237 995 997
f 1243 1235 1236
f 1236 991 990
f 1244 992 1245
f 1245 992 1220
f 1245 1220 1235
f 982 992 1244
f 1246 1235 1243
f 1246 1245 1235
f 1247 1243 1236
f 1248 1236 990
f 1249 1244 1245
f 1249 1245 1246
f 1246 1243 1247
f 1248 1247 1236
f 973 1248 990
f 981 982 1244
f 981 1244 1249
f 1250 1249 1246
f 1250 1246 1247
f 1250 1247 1251
f 1251 1247 1248
f 1251 1248 1252
f 1252 1248 972
f 972 1248 973
f 1253 981 1249
f 1253 1249 1250
f 1251 1252 972
f 1254 1116 974
f 983 1255 979
f 1256 1257 1251
f 968 1254 976
f 1256 972 1116
f 1116 972 974
f 968 976 1255
f 1255 976 979
f 1254 974 976
f 1256 1251 972
f 1253 1250 1257
f 1257 1250 1251
f 981 1253 1258
f 1258 983 981
f 1240 1259 1241
f 1238 1136 1242
f 1259 969 1241
f 1241 969 1007
f 1240 1260 1261
f 1240 1261 1259
f 1007 1131 1237
f 1131 1134 1237
f 1237 1134 1238
f 1238 1134 1136
f 1242 1136 1139
f 1242 1139 1239
f 1239 1139 1260
f 1239 1260 1240
f 1262 1130 1128
f 1262 1128 1127
f 1125 1127 1128
f 969 1263 1007
f 1007 1263 1131
f 1127 1264 1262
f 1132 1131 1263
f 1132 1263 971
f 971 1263 969
f 970 969 1259
f 970 1259 1265
f 1265 1259 1261
f 1265 1261 1266
f 1266 1261 1260
f 1266 1260 1140
f 1140 1260 1139
f 1130 1267 1129
f 1262 1267 1130
f 1126 1264 1127
f 983 966 1255
f 1255 966 968
f 1116 1118 1256
f 1256 1118 1120
f 1256 1120 1257
f 968 1114 1254
f 1254 1114 1116
f 1258 1268 983
f 983 1268 966
f 1257 1120 1122
f 1257 1122 1253
f 1122 1269 1253
f 1253 1269 1258
f 1258 1269 1268
f 1265 971 970
f 1133 1132 971
f 1266 1140 1138
f 1137 1135 1133
f 1122 1121 1270
f 1122 1270 1269
f 1269 1270 1268
f 1268 1270 1271
f 1268 1271 1272
f 1268 1272 966
f 966 1272 1273
f 966 1273 967
f 1274 1265 1275
f 1275 1265 1113
f 1113 1265 1266
f 1113 1266 1138
f 1113 1138 1111
f 1111 1138 1137
f 1111 1137 1110
f 1110 1137 1133
f 1110 1133 1108
f 1108 1133 971
f 1108 971 1274
f 1274 971 1265
f 1273 1272 1271
f 1115 967 1273
f 1124 1276 1126
f 1126 1276 1098
f 1126 1098 1097
f 1126 1097 1264
f 1267 1102 1103
f 1267 1103 1129
f 1129 1103 1277
f 1129 1277 1123
f 1123 1277 1276
f 1123 1276 1124
f 1264 1097 1100
f 1264 1100 1262
f 1262 1100 1267
f 1267 1100 1102
f 1119 1117 1115
f 1275 1278 1274
f 1274 1278 1108
f 1108 1278 1109
f 955 949 1279
f 1280 955 1279
f 955 952 949
f 1281 1271 1270
f 1281 1270 1105
f 1105 1270 1121
f 1105 1121 1106
f 1106 1121 1119
f 1106 1119 1282
f 1282 1119 1115
f 1282 1115 1283
f 1283 1115 1284
f 1284 1115 1273
f 1284 1273 1281
f 1281 1273 1271
f 1105 1107 1281
f 1103 1104 1277
f 1277 1104 1276
f 1276 1104 1285
f 1276 1285 1098
f 1286 1106 1287
f 1287 1106 1282
f 1093 1107 1090
f 1090 1107 1286
f 1286 1107 1106
f 1287 1282 1095
f 1095 1282 1283
f 1095 1283 1284
f 1095 1284 1093
f 1093 1284 1281
f 1093 1281 1107
f 1288 1110 1085
f 1085 1110 1109
f 1085 1109 1086
f 1089 1112 1289
f 1289 1112 1111
f 1289 1111 1288
f 1288 1111 1110
f 1086 1109 1278
f 1086 1278 1087
f 1278 1275 1087
f 1087 1275 1089
f 1089 1275 1113
f 1089 1113 1112
f 1098 956 958
f 1098 958 1099
f 1285 1290 1098
f 1098 1290 956
f 1285 1291 1290
f 1099 961 1101
f 1104 1291 1285
f 1101 962 1104
f 1104 962 1292
f 1104 1292 1291
f 1101 961 962
f 1099 958 961
f 1292 965 1293
f 1292 1293 1291
f 1291 1293 1294
f 1291 1294 1290
f 1290 1294 1295
f 1290 1295 1296
f 956 1296 957
f 1290 1296 956
f 962 965 1292
f 955 1297 954
f 955 1280 1297
f 1297 1280 1279
f 1298 1297 1279
f 951 1298 1279
f 951 1279 949
f 1299 1300 1301
f 1299 1301 1302
f 1299 1303 1300
f 963 961 960
f 1095 1096 1287
f 1287 1096 1091
f 1287 1091 1286
f 1286 1091 1090
f 1304 1301 1305
f 1305 1301 1300
f 1301 1304 1302
f 1306 1299 1302
f 1306 1302 1304
f 1307 1299 1306
f 1307 1303 1299
f 1303 1307 1308
f 1305 1300 1303
f 1305 1303 1308
f 1088 1089 1289
f 1088 1289 1309
f 1309 1289 1288
f 1309 1288 1085
f 1309 1085 1084
f 1294 1310 1311
f 1311 946 1295
f 1294 1311 1295
f 1071 1312 965
f 1075 1072 963
f 948 1296 946
f 1310 1294 1293
f 1293 1312 1310
f 965 1312 1293
f 964 1072 1071
f 963 1072 964
f 1296 948 957
f 1295 946 1296
f 964 1071 965
f 1076 959 1078
f 957 948 1078
f 957 1078 959
f 1076 1075 960
f 960 1075 963
f 959 1076 960
f 940 945 941
f 945 943 941
f 940 1083 945
f 1313 953 1314
f 1314 953 954
f 1297 1315 1314
f 1297 1314 954
f 1315 1297 1298
f 1315 1298 1316
f 1316 1298 1317
f 1317 1298 951
f 950 1318 951
f 951 1318 1317
f 1318 950 953
f 1318 953 1313
f 1319 1311 1310
f 1320 1091 1096
f 1091 1320 1321
f 1322 1094 1323
f 1323 1094 1092
f 1323 1092 1321
f 1321 1092 1091
f 1324 1096 1094
f 1324 1094 1322
f 1096 1325 1320
f 1324 1325 1096
f 1326 1327 1328
f 1329 1330 1331
f 1332 1308 1307
f 1308 1332 1305
f 1333 1084 1334
f 1084 1088 1334
f 1084 1333 1335
f 1084 1335 1309
f 1309 1335 1336
f 1088 1082 1334
f 1088 1337 1082
f 1309 1337 1088
f 1309 1336 1337
f 1079 1080 1337
f 1079 1337 1336
f 1337 1080 1082
f 1081 1073 1320
f 1081 1320 1325
f 1325 1324 1081
f 1039 945 1041
f 1041 945 1083
f 939 1083 940
f 1318 1316 1317
f 1338 1322 1323
f 1322 1339 1324
f 1340 1331 1341
f 1334 1342 1333
f 1333 1342 1335
f 1335 1343 1336
f 1334 1082 1344
f 1061 1079 1336
f 1073 1070 1320
f 1324 1310 1312
f 1324 1312 1081
f 1071 1081 1312
f 1054 1053 1055
f 1051 1047 1049
f 1345 1346 1347
f 1046 1043 1045
f 1313 1321 1318
f 1314 1315 1323
f 1323 1315 1338
f 1338 1315 1316
f 1321 1313 1323
f 1323 1313 1314
f 1316 1059 1338
f 1316 1348 1059
f 1318 1321 1320
f 1318 1320 1348
f 1318 1348 1316
f 1320 1070 1348
f 1348 1070 1057
f 1348 1057 1059
f 1310 1324 1339
f 1310 1339 1349
f 1310 1349 1319
f 1319 1349 1311
f 1311 1349 1350
f 1350 946 1311
f 1344 946 1350
f 946 1344 1082
f 946 1082 947
f 1322 1349 1339
f 1061 1336 1063
f 1351 1063 1340
f 1341 1351 1340
f 1336 1329 1063
f 1063 1329 1340
f 1352 1353 1326
f 1354 1328 1355
f 1354 1356 1328
f 1356 1354 1355
f 1331 1355 1341
f 1357 1358 1343
f 1343 1358 1359
f 1360 1361 1362
f 1361 1341 1362
f 1334 1363 1342
f 1341 1363 1334
f 1360 1364 1363
f 1342 1363 1364
f 1328 1327 1360
f 1357 1331 1330
f 1329 1331 1340
f 1357 1330 1359
f 1359 1330 1329
f 1355 1331 1356
f 1356 1331 1357
f 1356 1365 1352
f 1357 1365 1356
f 1343 1353 1357
f 1357 1353 1365
f 1328 1366 1326
f 1366 1352 1326
f 1352 1366 1356
f 1342 1364 1367
f 1342 1367 1327
f 1327 1367 1360
f 1335 1305 1343
f 1343 1305 1332
f 1304 1342 1306
f 1326 1307 1306
f 1341 1355 1328
f 1341 1328 1362
f 1341 1361 1360
f 1341 1360 1363
f 1342 1304 1305
f 1342 1305 1335
f 1336 1343 1359
f 1359 1358 1357
f 1365 1353 1352
f 1332 1326 1343
f 1353 1343 1326
f 1364 1360 1367
f 1360 1362 1328
f 1366 1328 1356
f 1336 1359 1329
f 1332 1307 1326
f 1326 1306 1327
f 1327 1306 1342
f 1344 1368 1334
f 1079 1061 1064
f 1079 1064 1077
f 1077 1064 1067
f 1070 1073 1074
f 1074 1068 1070
f 1068 1074 1067
f 1338 1059 1322
f 1349 1322 1059
f 1368 1344 1350
f 1349 1369 1350
f 1368 1341 1334
f 1341 1370 1351
f 1062 1351 1370
f 1351 1062 1063
f 1048 1047 1051
f 1042 1041 1371
f 1371 1041 939
f 1371 939 1372
f 1372 939 1016
f 942 936 1372
f 942 1372 1016
f 1031 1370 1033
f 1373 1034 1033
f 1059 1056 1349
f 1370 1341 1368
f 1374 1370 1368
f 1374 1368 1350
f 1350 1373 1374
f 1369 1056 1036
f 1369 1036 1373
f 1373 1036 1034
f 1374 1373 1033
f 1374 1033 1370
f 1373 1350 1369
f 1349 1056 1369
f 1038 1036 1056
f 1038 1056 1375
f 1375 1056 1058
f 1062 1370 1031
f 1376 1375 1058
f 1376 1058 1069
f 1377 1069 1066
f 1069 1377 1376
f 1066 1065 1378
f 1066 1378 1377
f 1065 1060 1378
f 1379 1378 1060
f 1379 1060 1062
f 1379 1062 1031
f 1380 1044 1043
f 938 1040 1043
f 1380 1043 1040
f 1046 938 1043
f 936 938 1044
f 1044 938 1046
f 1346 1345 1381
f 1381 1345 1382
f 1382 1345 1347
f 1347 936 1044
f 1382 1347 1044
f 1346 1372 936
f 1346 936 1347
f 1346 1381 1372
f 1048 1051 1383
f 1055 1371 1372
f 1380 1048 1383
f 1042 1371 1050
f 1381 1053 1052
f 1381 1052 1372
f 1055 1372 1052
f 1050 1055 1053
f 1050 1371 1055
f 1383 1051 1381
f 1381 1051 1050
f 1050 1053 1381
f 1042 1050 1048
f 1042 1048 1040
f 1380 1040 1048
f 1382 1044 1380
f 935 1038 1375
f 935 1375 932
f 932 1375 1376
f 932 1376 933
f 933 1376 1377
f 933 1377 931
f 931 1377 1378
f 1378 1384 931
f 1384 1378 1379
f 1384 1379 1030
f 1030 1379 1031
f 1385 1020 1386
f 1380 1383 1017
f 1380 1017 1385
f 1385 1017 1020
f 1386 1020 1387
f 1386 1387 1388
f 1388 1387 1383
f 1383 1387 1017
f 1389 1390 1381
f 1381 1390 1383
f 1383 1390 1388
f 1388 1390 1391
f 1388 1391 1392
f 1389 1381 1392
f 1389 1392 1391
f 1381 1393 1394
f 1393 1381 1024
f 1024 1381 1382
f 1394 1393 1021
f 1024 1382 1021
f 1021 1382 1395
f 1021 1395 1394
f 1382 1380 1028
f 1396 1025 1397
f 1028 1026 1382
f 1382 1026 1395
f 1395 1026 1396
f 1396 1026 1025
f 1397 1025 1028
f 1397 1028 1380
f 1028 1029 1026
f 1024 1022 1393
f 1393 1022 1021
f 1020 1019 1398
f 1020 1398 1387
f 1387 1398 1018
f 1387 1018 1017
f 1380 1399 1397
f 1399 1380 1385
f 1385 1386 1400
f 1386 1388 1400
f 1400 1388 1401
f 1401 1388 1392
f 1402 1401 1392
f 1394 1403 1381
f 1381 1403 1402
f 1381 1402 1392
f 1403 1394 1404
f 1394 1395 1404
f 1404 1395 1396
f 1399 1035 1037
f 1397 1399 1029
f 1029 1399 934
f 1029 934 932
f 1026 932 931
f 1026 931 1404
f 1026 1404 1027
f 1027 1404 1396
f 1027 1396 1397
f 1027 1397 1029
f 1029 932 1026
f 1399 1037 934
f 931 1024 1404
f 1404 1024 1023
f 1022 1384 1030
f 931 1022 1024
f 1022 931 1384
f 1022 1030 1402
f 1022 1402 1403
f 1022 1403 1023
f 1023 1403 1404
f 1030 1032 1402
f 1402 1032 1035
f 1402 1035 1389
f 1389 1035 1390
f 1402 1389 1401
f 1401 1389 1391
f 1401 1391 1400
f 1400 1391 1035
f 1035 1391 1390
f 1035 1018 1400
f 1018 1398 1400
f 1399 1019 1018
f 1399 1018 1035
f 1399 1385 1019
f 1019 1385 1398
f 1398 1385 1400
f 1405 1406 1407
f 1407 1406 1408
f 1407 1408 1409
f 1409 1408 1410
f 1410 1408 1411
f 1410 1411 1412
f 1412 1411 1413
f 1413 1411 1414
f 1409 1415 1407
f 1407 1415 1416
f 1407 1416 1405
f 1405 1416 1417
f 1405 1417 1418
f 1418 1417 1419
f 1418 1419 1420
f 1420 1419 1421
f 1420 1421 1422
f 1422 1421 1423
f 1422 1423 1424
f 1424 1423 1425
f 1424 1425 1426
f 1426 1425 1427
f 1426 1427 1414
f 1414 1427 1428
f 1414 1428 1413
f 1413 1428 1429
f 1413 1429 1412
f 1412 1429 1430
f 1412 1430 1410
f 1410 1430 1431
f 1410 1431 1409
f 1409 1431 1415
f 1411 1428 1432
f 1432 1428 1427
f 1432 1427 1425
f 1432 1425 1433
f 1433 1425 1423
f 1433 1423 1421
f 1433 1421 1419
f 1433 1419 1406
f 1406 1419 1417
f 1414 1411 1432
f 1414 1432 1426
f 1426 1432 1424
f 1424 1432 1433
f 1424 1433 1422
f 1422 1433 1420
f 1420 1433 1418
f 1418 1433 1406
f 1418 1406 1405
f 1406 1417 1416
f 1406 1416 1408
f 1408 1416 1415
f 1408 1415 1431
f 1408 1431 1411
f 1411 1431 1430
f 1411 1430 1429
f 1411 1429 1428
f 1434 1435 1436
f 1434 1437 1438
f 1438 1437 1439
f 1440 1441 1442
f 1440 1442 1443
f 1440 1438 1439
f 1444 1445 1446
f 1436 1445 1444
f 1437 1436 1447
f 1444 1447 1436
f 1445 1436 1435
f 1445 1435 1448
f 1434 1436 1437
f 1439 1437 1447
f 1439 1447 1449
f 1439 1449 1441
f 1439 1441 1440
f 1442 1441 1449
f 1442 1449 1450
f 1451 1443 1442
f 1451 1442 1452
f 1452 1442 1450
f 1453 1454 1455
f 1456 1457 1458
f 1459 1458 1450
f 1448 1446 1453
f 1453 1446 1454
f 1460 1453 1455
f 1460 1455 1461
f 1461 1455 1457
f 1461 1457 1456
f 1456 1458 1459
f 1451 1459 1450
f 1459 1451 1452
f 1461 1456 1462
f 1461 1462 1463
f 1460 1464 1453
f 1460 1461 1464
f 1464 1461 1463
f 1464 1463 1455
f 1465 1453 1464
f 1465 1464 1454
f 1458 1466 1467
f 1458 1467 1450
f 1462 1466 1458
f 1452 1450 1467
f 1452 1467 1459
f 1467 1466 1456
f 1467 1456 1459
f 1458 1457 1462
f 1466 1462 1456
f 1463 1462 1457
f 1463 1457 1455
f 1464 1455 1454
f 1448 1453 1465
f 1448 1465 1445
f 1445 1465 1454
f 1445 1454 1446
f 1443 1450 1449
f 1434 1447 1444
f 1448 1444 1446
f 1451 1450 1443
f 1440 1443 1449
f 1440 1449 1438
f 1438 1449 1447
f 1438 1447 1434
f 1435 1434 1444
f 1435 1444 1448
f 1468 1469 1470
f 1471 1469 1468
f 1472 1473 1474
f 1472 1474 1475
f 1475 1476 1471
f 1471 1476 1469
f 1468 1470 1477
f 1474 1476 1475
f 1472 1478 1473
f 1479 1478 1472
f 1480 1481 1479
f 1479 1481 1478
f 1480 1482 1481
f 1470 1483 1477
f 1483 1482 1477
f 1477 1482 1480
f 1475 1484 1485
f 1471 1484 1475
f 1484 1471 1486
f 1486 1471 1468
f 1486 1468 1477
f 1486 1477 1487
f 1469 1484 1486
f 1476 1485 1484
f 1470 1469 1486
f 1483 1486 1487
f 1474 1485 1476
f 1476 1484 1469
f 1470 1486 1483
f 1487 1477 1488
f 1488 1477 1480
f 1480 1489 1488
f 1479 1489 1480
f 1489 1479 1472
f 1472 1490 1489
f 1490 1472 1475
f 1490 1475 1485
f 1473 1489 1490
f 1481 1488 1489
f 1483 1487 1482
f 1482 1487 1488
f 1481 1489 1478
f 1478 1489 1473
f 1474 1490 1485
f 1473 1490 1474
f 1482 1488 1481
f 1491 1492 1493
f 1494 1493 1495
f 1496 1497 1498
f 1499 1500 1501
f 1501 1502 1499
f 1502 1501 1503
f 1504 1502 1503
f 1505 1504 1503
f 1505 1503 1506
f 1507 1508 1509
f 1509 1508 1510
f 1509 1510 1511
f 1511 1512 1513
f 1513 1514 1515
f 1516 1517 1518
f 1519 1520 1521
f 1522 1523 1524
f 1524 1525 1526
f 1526 1525 1527
f 1526 1527 1528
f 1529 1528 1530
f 1529 1530 1531
f 1532 1522 1533
f 1533 1522 1524
f 1533 1524 1526
f 1534 1526 1528
f 1534 1528 1529
f 1535 1529 1531
f 1533 1526 1534
f 1536 1537 1538
f 1539 1540 1541
f 1542 1541 1543
f 1523 1537 1536
f 1536 1538 1525
f 1525 1538 1540
f 1525 1540 1527
f 1527 1540 1539
f 1542 1539 1541
f 1544 1542 1543
f 1544 1543 1545
f 1524 1523 1536
f 1524 1536 1525
f 1528 1527 1539
f 1528 1539 1542
f 1528 1542 1530
f 1530 1542 1531
f 1531 1542 1544
f 1546 1547 1548
f 1548 1547 1549
f 1548 1549 1550
f 1551 1552 1553
f 1553 1552 1554
f 1553 1554 1555
f 1555 1556 1557
f 1557 1556 1558
f 1557 1558 1559
f 1557 1559 1560
f 1561 1548 1550
f 1561 1550 1551
f 1561 1551 1553
f 1553 1555 1557
f 1562 1563 1564
f 1564 1563 1565
f 1564 1565 1566
f 1567 1566 1568
f 1567 1568 1569
f 1558 1567 1569
f 1549 1562 1564
f 1552 1564 1566
f 1554 1566 1567
f 1554 1552 1566
f 1556 1567 1558
f 1547 1562 1549
f 1550 1549 1564
f 1550 1564 1551
f 1551 1564 1552
f 1555 1554 1567
f 1555 1567 1556
f 1570 1571 1572
f 1572 1571 1492
f 1572 1492 1491
f 1491 1493 1494
f 1573 1574 1575
f 1575 1576 1577
f 1578 1579 1580
f 1578 1580 1581
f 1582 1583 1584
f 1582 1584 1585
f 1585 1584 1586
f 1587 1588 1589
f 1587 1589 1590
f 1590 1589 1591
f 1592 1593 1594
f 1592 1594 1595
f 1595 1594 1596
f 1595 1596 1597
f 1597 1596 1598
f 1597 1598 1599
f 1599 1598 1600
f 1600 1598 1601
f 1600 1601 1602
f 1603 1491 1494
f 1603 1494 1604
f 1604 1494 1605
f 1604 1605 1606
f 1607 1608 1609
f 1609 1608 1605
f 1605 1608 1606
f 1610 1611 1612
f 1613 1614 1615
f 1615 1616 1613
f 1617 1618 1619
f 1620 1621 1622
f 1622 1621 1623
f 1624 1625 1626
f 1626 1625 1627
f 1624 1628 1625
f 1629 1628 1624
f 1629 1624 1630
f 1629 1630 1631
f 1631 1632 1629
f 1633 1632 1631
f 1633 1634 1632
f 1623 1634 1622
f 1622 1634 1633
f 1635 1636 1637
f 1635 1637 1638
f 1637 1639 1638
f 1638 1639 1629
f 1639 1640 1629
f 1629 1640 1628
f 1628 1640 1641
f 1641 1642 1628
f 1642 1641 1498
f 1643 1642 1498
f 1644 1636 1635
f 1636 1644 1645
f 1498 1646 1643
f 1646 1498 1497
f 1497 1647 1646
f 1607 1648 1571
f 1494 1495 1605
f 1605 1495 1609
f 1609 1648 1607
f 1570 1607 1571
f 1649 1650 1651
f 1649 1651 1652
f 1652 1651 1653
f 1652 1653 1654
f 1654 1653 1655
f 1656 1657 1658
f 1656 1658 1659
f 1659 1658 1660
f 1660 1658 1661
f 1660 1661 1662
f 1508 1507 1663
f 1664 1665 1666
f 1667 1668 1669
f 1670 1671 1672
f 1672 1671 1673
f 1673 1671 1674
f 1673 1674 1675
f 1675 1674 1676
f 1675 1676 1677
f 1678 1679 1680
f 1681 1682 1683
f 1683 1682 1684
f 1684 1685 1686
f 1687 1688 1689
f 1689 1688 1690
f 1689 1690 1691
f 1689 1691 1692
f 1692 1691 1693
f 1693 1691 1694
f 1693 1694 1695
f 1693 1695 1696
f 1697 1698 1699
f 1699 1700 1697
f 1701 1699 1698
f 1701 1702 1703
f 1704 1521 1705
f 1705 1521 1520
f 1705 1520 1706
f 1705 1706 1707
f 1707 1706 1708
f 1708 1706 1709
f 1708 1709 1710
f 1710 1709 1711
f 1710 1711 1712
f 1710 1712 1713
f 1702 1701 1698
f 1714 1715 1716
f 1716 1715 1717
f 1716 1717 1718
f 1718 1717 1719
f 1718 1719 1720
f 1720 1719 1721
f 1720 1721 1722
f 1722 1721 1723
f 1722 1723 1724
f 1724 1723 1725
f 1726 1727 1728
f 1728 1727 1729
f 1728 1729 1730
f 1730 1729 1731
f 1730 1731 1732
f 1732 1731 1733
f 1732 1733 1734
f 1734 1733 1735
f 1736 1737 1738
f 1738 1737 1739
f 1738 1739 1740
f 1740 1739 1741
f 1742 1743 1744
f 1742 1744 1745
f 1745 1744 1746
f 1745 1746 1747
f 1747 1746 1748
f 1749 1750 1751
f 1749 1751 1752
f 1752 1751 1753
f 1753 1751 1754
f 1753 1754 1755
f 1755 1754 1756
f 1755 1756 1757
f 1755 1757 1758
f 1758 1757 1759
f 1758 1759 1760
f 1760 1759 1750
f 1760 1750 1749
f 1755 1747 1753
f 1753 1747 1761
f 1753 1761 1752
f 1760 1742 1745
f 1760 1745 1758
f 1758 1745 1755
f 1755 1745 1747
f 1752 1761 1742
f 1752 1742 1749
f 1749 1742 1760
f 1747 1748 1761
f 1761 1748 1762
f 1761 1762 1743
f 1761 1743 1742
f 1750 1763 1751
f 1751 1763 1754
f 1757 1738 1759
f 1754 1763 1736
f 1754 1736 1756
f 1756 1736 1757
f 1757 1736 1738
f 1738 1740 1759
f 1759 1740 1750
f 1750 1740 1763
f 1748 1764 1762
f 1762 1764 1765
f 1762 1765 1743
f 1765 1735 1743
f 1743 1735 1744
f 1744 1735 1731
f 1744 1731 1746
f 1746 1731 1729
f 1746 1729 1748
f 1748 1729 1764
f 1740 1741 1766
f 1740 1766 1763
f 1763 1766 1767
f 1763 1767 1736
f 1736 1767 1737
f 1764 1768 1765
f 1735 1733 1731
f 1729 1727 1764
f 1737 1725 1721
f 1737 1721 1739
f 1739 1721 1717
f 1739 1717 1741
f 1741 1717 1769
f 1741 1769 1766
f 1766 1769 1770
f 1766 1770 1767
f 1767 1770 1771
f 1767 1771 1737
f 1737 1771 1725
f 1734 1735 1772
f 1772 1735 1765
f 1772 1765 1773
f 1773 1765 1768
f 1773 1768 1774
f 1774 1768 1775
f 1775 1768 1764
f 1775 1764 1726
f 1726 1764 1727
f 1721 1719 1717
f 1723 1721 1725
f 1717 1715 1769
f 1776 1730 1563
f 1730 1732 1563
f 1563 1732 1565
f 1565 1732 1734
f 1565 1734 1777
f 1778 1775 1779
f 1779 1775 1726
f 1779 1726 1728
f 1776 1728 1730
f 1777 1734 1568
f 1568 1734 1772
f 1568 1772 1773
f 1568 1773 1569
f 1569 1773 1774
f 1569 1774 1778
f 1778 1774 1775
f 1724 1725 1780
f 1780 1725 1771
f 1780 1771 1781
f 1781 1771 1770
f 1781 1770 1782
f 1782 1770 1769
f 1782 1769 1714
f 1714 1769 1715
f 1543 1781 1545
f 1545 1781 1782
f 1541 1724 1780
f 1541 1780 1543
f 1543 1780 1781
f 1545 1782 1783
f 1783 1782 1714
f 1784 1718 1785
f 1785 1718 1720
f 1786 1716 1784
f 1784 1716 1718
f 1783 1714 1786
f 1786 1714 1716
f 1785 1720 1538
f 1538 1720 1722
f 1538 1722 1724
f 1728 1787 1779
f 1776 1788 1728
f 1728 1788 1787
f 1778 1779 1789
f 1563 1788 1776
f 1777 1566 1565
f 1778 1790 1569
f 1779 1787 1789
f 1789 1790 1778
f 1568 1566 1777
f 1791 1569 1790
f 1792 1787 1788
f 1788 1563 1562
f 1558 1569 1791
f 1792 1788 1562
f 1793 1790 1789
f 1794 1789 1787
f 1795 1787 1792
f 1559 1558 1791
f 1793 1791 1790
f 1794 1793 1789
f 1795 1794 1787
f 1547 1792 1562
f 1795 1792 1796
f 1796 1792 1547
f 1560 1559 1791
f 1560 1791 1793
f 1797 1793 1794
f 1797 1794 1795
f 1546 1796 1547
f 1560 1793 1797
f 1797 1795 1798
f 1798 1795 1796
f 1798 1796 1546
f 1785 1538 1537
f 1724 1540 1538
f 1786 1784 1799
f 1785 1537 1784
f 1541 1540 1724
f 1786 1799 1783
f 1800 1560 1801
f 1706 1798 1546
f 1802 1557 1800
f 1800 1557 1560
f 1561 1553 1803
f 1519 1797 1798
f 1801 1797 1519
f 1802 1553 1557
f 1804 1548 1561
f 1801 1560 1797
f 1803 1553 1802
f 1706 1546 1804
f 1804 1546 1548
f 1805 1545 1783
f 1544 1545 1805
f 1805 1783 1806
f 1806 1783 1799
f 1807 1799 1784
f 1808 1784 1537
f 1808 1537 1523
f 1809 1544 1805
f 1810 1799 1807
f 1808 1807 1784
f 1809 1805 1806
f 1810 1806 1799
f 1811 1810 1807
f 1531 1544 1812
f 1812 1544 1809
f 1812 1809 1813
f 1813 1809 1806
f 1813 1806 1814
f 1814 1806 1810
f 1814 1810 1811
f 1811 1807 1815
f 1815 1807 1808
f 1815 1808 1522
f 1522 1808 1523
f 1535 1531 1812
f 1814 1811 1815
f 1532 1815 1522
f 1816 1817 1529
f 1816 1535 1818
f 1690 1819 1815
f 1817 1534 1529
f 1690 1815 1532
f 1819 1814 1815
f 1816 1529 1535
f 1820 1813 1819
f 1819 1813 1814
f 1818 1535 1812
f 1818 1812 1820
f 1820 1812 1813
f 1801 1821 1800
f 1561 1711 1709
f 1561 1709 1804
f 1804 1709 1706
f 1803 1712 1711
f 1803 1711 1561
f 1519 1521 1801
f 1706 1520 1798
f 1798 1520 1519
f 1801 1521 1517
f 1801 1517 1821
f 1802 1800 1712
f 1802 1712 1803
f 1702 1697 1822
f 1698 1697 1702
f 1697 1823 1822
f 1521 1704 1518
f 1521 1518 1517
f 1821 1517 1516
f 1821 1516 1824
f 1821 1824 1800
f 1800 1824 1825
f 1800 1825 1712
f 1712 1825 1713
f 1703 1702 1822
f 1703 1822 1826
f 1822 1823 1826
f 1823 1697 1700
f 1533 1694 1532
f 1532 1694 1691
f 1820 1827 1818
f 1534 1695 1533
f 1533 1695 1694
f 1818 1828 1816
f 1816 1828 1829
f 1816 1829 1817
f 1532 1691 1690
f 1819 1690 1688
f 1819 1688 1820
f 1820 1688 1827
f 1817 1829 1695
f 1817 1695 1534
f 1708 1710 1713
f 1824 1713 1825
f 1518 1704 1705
f 1688 1687 1830
f 1688 1830 1827
f 1827 1830 1831
f 1827 1831 1818
f 1818 1831 1828
f 1828 1831 1832
f 1828 1832 1833
f 1828 1833 1829
f 1829 1833 1696
f 1829 1696 1695
f 1834 1516 1518
f 1834 1518 1835
f 1835 1518 1686
f 1686 1518 1705
f 1686 1705 1684
f 1684 1705 1707
f 1684 1707 1683
f 1683 1707 1708
f 1683 1708 1681
f 1681 1708 1713
f 1681 1713 1836
f 1836 1713 1824
f 1836 1824 1834
f 1834 1824 1516
f 1831 1830 1687
f 1703 1677 1701
f 1701 1677 1837
f 1701 1837 1699
f 1699 1837 1838
f 1826 1675 1703
f 1703 1675 1677
f 1699 1838 1700
f 1700 1838 1839
f 1700 1839 1670
f 1700 1670 1823
f 1823 1670 1672
f 1823 1672 1673
f 1823 1673 1826
f 1826 1673 1675
f 1686 1685 1835
f 1506 1501 1500
f 1506 1500 1840
f 1841 1832 1831
f 1841 1831 1842
f 1842 1831 1687
f 1842 1687 1843
f 1843 1687 1689
f 1843 1689 1680
f 1680 1689 1692
f 1680 1692 1693
f 1680 1693 1678
f 1678 1693 1696
f 1678 1696 1844
f 1844 1696 1833
f 1844 1833 1832
f 1844 1832 1841
f 1501 1506 1503
f 1844 1841 1679
f 1844 1679 1678
f 1677 1676 1837
f 1838 1837 1845
f 1838 1845 1839
f 1839 1845 1670
f 1670 1845 1671
f 1660 1679 1841
f 1660 1841 1659
f 1656 1843 1846
f 1846 1843 1680
f 1846 1680 1662
f 1841 1842 1659
f 1659 1842 1656
f 1656 1842 1843
f 1662 1680 1679
f 1662 1679 1660
f 1847 1685 1684
f 1847 1684 1848
f 1684 1682 1848
f 1848 1682 1650
f 1650 1682 1681
f 1653 1835 1655
f 1655 1835 1685
f 1655 1685 1847
f 1650 1681 1651
f 1651 1681 1836
f 1651 1836 1834
f 1651 1834 1653
f 1653 1834 1835
f 1837 1665 1845
f 1671 1507 1509
f 1845 1507 1671
f 1845 1849 1507
f 1676 1668 1837
f 1837 1668 1665
f 1674 1513 1676
f 1676 1513 1515
f 1515 1668 1676
f 1845 1665 1849
f 1511 1513 1674
f 1671 1511 1674
f 1671 1509 1511
f 1515 1514 1669
f 1515 1669 1668
f 1668 1667 1666
f 1849 1665 1664
f 1849 1664 1663
f 1849 1663 1507
f 1668 1666 1665
f 1505 1506 1840
f 1840 1850 1505
f 1850 1840 1500
f 1851 1850 1500
f 1499 1851 1500
f 1852 1853 1854
f 1855 1853 1852
f 1856 1854 1853
f 1857 1853 1855
f 1514 1513 1858
f 1858 1513 1512
f 1512 1511 1510
f 1662 1661 1859
f 1662 1859 1846
f 1846 1859 1657
f 1846 1657 1656
f 1860 1856 1861
f 1861 1856 1853
f 1856 1860 1854
f 1862 1852 1854
f 1862 1854 1860
f 1863 1855 1862
f 1862 1855 1852
f 1855 1863 1857
f 1857 1863 1861
f 1861 1853 1857
f 1654 1655 1847
f 1654 1847 1864
f 1864 1847 1848
f 1864 1848 1649
f 1649 1848 1650
f 1666 1865 1664
f 1865 1666 1866
f 1858 1636 1514
f 1866 1666 1667
f 1667 1867 1866
f 1669 1645 1667
f 1667 1645 1867
f 1514 1636 1645
f 1514 1645 1669
f 1858 1637 1636
f 1512 1639 1858
f 1858 1639 1637
f 1865 1496 1664
f 1512 1640 1639
f 1498 1663 1496
f 1664 1496 1663
f 1498 1508 1663
f 1640 1512 1510
f 1510 1641 1640
f 1508 1498 1641
f 1508 1641 1510
f 1495 1492 1571
f 1571 1648 1495
f 1495 1493 1492
f 1868 1504 1869
f 1869 1504 1505
f 1850 1870 1869
f 1850 1869 1505
f 1870 1850 1851
f 1870 1851 1871
f 1871 1851 1872
f 1872 1851 1499
f 1502 1873 1499
f 1499 1873 1872
f 1873 1502 1504
f 1873 1504 1868
f 1658 1657 1874
f 1874 1657 1875
f 1859 1876 1875
f 1859 1875 1657
f 1658 1874 1661
f 1661 1874 1877
f 1878 1859 1661
f 1661 1877 1879
f 1661 1879 1878
f 1878 1876 1859
f 1880 1881 1882
f 1883 1652 1884
f 1884 1652 1654
f 1654 1647 1884
f 1654 1885 1647
f 1652 1883 1649
f 1649 1883 1886
f 1649 1886 1864
f 1864 1886 1887
f 1864 1885 1654
f 1864 1887 1885
f 1885 1887 1642
f 1643 1885 1642
f 1885 1643 1646
f 1647 1885 1646
f 1644 1635 1876
f 1644 1876 1878
f 1878 1879 1644
f 1609 1495 1648
f 1873 1871 1872
f 1888 1889 1890
f 1890 1891 1888
f 1892 1893 1889
f 1891 1889 1888
f 1888 1889 1893
f 1891 1879 1877
f 1879 1891 1890
f 1894 1882 1895
f 1884 1896 1883
f 1896 1886 1883
f 1884 1647 1897
f 1625 1642 1887
f 1635 1634 1876
f 1879 1867 1644
f 1645 1644 1867
f 1617 1619 1898
f 1899 1900 1901
f 1615 1614 1616
f 1610 1612 1902
f 1868 1875 1873
f 1869 1870 1874
f 1874 1870 1877
f 1877 1870 1871
f 1875 1868 1874
f 1874 1868 1869
f 1871 1621 1877
f 1871 1903 1621
f 1873 1875 1876
f 1873 1876 1903
f 1873 1903 1871
f 1876 1634 1903
f 1903 1634 1623
f 1903 1623 1621
f 1890 1889 1866
f 1867 1879 1890
f 1867 1890 1866
f 1889 1892 1866
f 1866 1892 1904
f 1866 1904 1865
f 1865 1904 1905
f 1865 1905 1496
f 1496 1905 1897
f 1496 1897 1647
f 1496 1647 1497
f 1891 1877 1906
f 1906 1904 1892
f 1892 1889 1906
f 1906 1889 1891
f 1625 1887 1627
f 1887 1880 1627
f 1627 1880 1894
f 1894 1895 1627
f 1907 1908 1909
f 1910 1911 1912
f 1911 1910 1913
f 1882 1913 1895
f 1914 1915 1886
f 1886 1915 1916
f 1917 1912 1918
f 1919 1920 1912
f 1912 1920 1895
f 1919 1912 1917
f 1884 1921 1896
f 1895 1921 1884
f 1919 1922 1921
f 1896 1921 1922
f 1909 1923 1917
f 1917 1923 1919
f 1914 1882 1881
f 1880 1882 1894
f 1914 1881 1916
f 1916 1881 1880
f 1913 1882 1911
f 1911 1882 1914
f 1911 1924 1907
f 1914 1924 1911
f 1886 1908 1914
f 1914 1908 1924
f 1917 1918 1909
f 1918 1907 1909
f 1907 1918 1911
f 1896 1922 1923
f 1886 1861 1863
f 1886 1896 1860
f 1860 1896 1862
f 1909 1863 1862
f 1912 1895 1913
f 1912 1913 1910
f 1895 1920 1919
f 1895 1919 1921
f 1886 1860 1861
f 1887 1886 1916
f 1916 1915 1914
f 1924 1908 1907
f 1863 1909 1886
f 1908 1886 1909
f 1922 1919 1923
f 1918 1912 1911
f 1887 1916 1880
f 1909 1862 1923
f 1923 1862 1896
f 1897 1925 1884
f 1642 1625 1628
f 1638 1632 1634
f 1638 1634 1635
f 1632 1638 1629
f 1877 1621 1906
f 1925 1897 1905
f 1904 1926 1905
f 1904 1906 1926
f 1925 1895 1884
f 1626 1895 1927
f 1895 1626 1627
f 1619 1618 1898
f 1902 1611 1610
f 1608 1607 1928
f 1928 1607 1570
f 1928 1570 1929
f 1929 1570 1572
f 1491 1603 1929
f 1491 1929 1572
f 1930 1596 1594
f 1598 1596 1930
f 1621 1620 1906
f 1895 1925 1927
f 1927 1925 1905
f 1905 1930 1927
f 1926 1620 1598
f 1926 1598 1930
f 1927 1930 1594
f 1930 1905 1926
f 1906 1620 1926
f 1601 1598 1620
f 1601 1620 1622
f 1601 1622 1931
f 1594 1626 1927
f 1932 1931 1622
f 1932 1622 1633
f 1933 1633 1631
f 1933 1631 1630
f 1934 1630 1624
f 1932 1633 1933
f 1630 1934 1933
f 1593 1934 1624
f 1593 1624 1626
f 1593 1626 1594
f 1935 1612 1611
f 1935 1611 1936
f 1936 1611 1902
f 1604 1606 1902
f 1936 1902 1606
f 1612 1604 1902
f 1935 1604 1612
f 1613 1616 1935
f 1935 1603 1604
f 1937 1614 1613
f 1937 1613 1935
f 1616 1603 1935
f 1614 1603 1616
f 1929 1603 1614
f 1614 1937 1929
f 1617 1937 1618
f 1900 1938 1936
f 1937 1617 1929
f 1936 1901 1900
f 1938 1900 1899
f 1938 1899 1937
f 1898 1928 1929
f 1899 1898 1618
f 1608 1901 1606
f 1898 1929 1617
f 1901 1928 1899
f 1899 1928 1898
f 1936 1606 1901
f 1901 1608 1928
f 1899 1618 1937
f 1602 1601 1931
f 1602 1931 1939
f 1932 1939 1931
f 1939 1932 1940
f 1940 1932 1933
f 1940 1933 1941
f 1941 1933 1934
f 1941 1934 1942
f 1593 1942 1934
f 1942 1593 1592
f 1936 1938 1575
f 1936 1575 1577
f 1936 1577 1943
f 1943 1577 1573
f 1943 1573 1944
f 1944 1573 1938
f 1938 1573 1575
f 1945 1591 1587
f 1937 1590 1938
f 1590 1937 1587
f 1587 1937 1945
f 1938 1590 1944
f 1944 1590 1591
f 1944 1591 1945
f 1946 1579 1578
f 1937 1581 1579
f 1937 1579 1946
f 1946 1578 1947
f 1947 1578 1935
f 1578 1581 1935
f 1935 1581 1937
f 1936 1582 1935
f 1935 1582 1947
f 1947 1582 1948
f 1948 1582 1585
f 1582 1936 1586
f 1586 1936 1948
f 1586 1948 1585
f 1587 1591 1588
f 1582 1586 1583
f 1577 1576 1574
f 1577 1574 1573
f 1936 1949 1950
f 1936 1950 1948
f 1949 1936 1943
f 1949 1943 1951
f 1943 1944 1951
f 1951 1944 1952
f 1952 1944 1945
f 1953 1952 1945
f 1946 1954 1937
f 1937 1954 1953
f 1937 1953 1945
f 1946 1947 1954
f 1954 1947 1950
f 1950 1947 1948
f 1583 1939 1940
f 1950 1949 1586
f 1583 1940 1941
f 1583 1941 1584
f 1939 1583 1602
f 1584 1950 1586
f 1949 1597 1599
f 1949 1600 1602
f 1583 1586 1602
f 1602 1586 1949
f 1599 1600 1949
f 1954 1950 1580
f 1584 1941 1950
f 1950 1941 1581
f 1950 1581 1580
f 1581 1941 1942
f 1581 1942 1579
f 1942 1592 1579
f 1953 1595 1597
f 1579 1592 1953
f 1579 1953 1954
f 1579 1954 1580
f 1592 1595 1953
f 1589 1597 1591
f 1953 1597 1589
f 1588 1952 1589
f 1589 1952 1953
f 1591 1597 1951
f 1591 1951 1952
f 1591 1952 1588
f 1574 1951 1597
f 1574 1597 1575
f 1949 1951 1576
f 1576 1951 1574
f 1949 1576 1597
f 1597 1576 1575
f 1955 1956 1957
f 1957 1956 1958
f 1958 1956 1959
f 1958 1959 1960
f 1960 1959 1961
f 1961 1959 1962
f 1961 1962 1963
f 1963 1962 1964
f 1958 1965 1957
f 1957 1965 1966
f 1957 1966 1955
f 1955 1966 1967
f 1955 1967 1968
f 1968 1967 1969
f 1968 1969 1970
f 1970 1969 1971
f 1970 1971 1972
f 1972 1971 1973
f 1972 1973 1974
f 1974 1973 1975
f 1974 1975 1976
f 1976 1975 1977
f 1976 1977 1964
f 1964 1977 1978
f 1964 1978 1963
f 1963 1978 1979
f 1963 1979 1961
f 1961 1979 1980
f 1961 1980 1960
f 1960 1980 1981
f 1960 1981 1958
f 1958 1981 1965
f 1962 1978 1982
f 1982 1978 1977
f 1982 1977 1975
f 1982 1975 1973
f 1982 1973 1983
f 1983 1973 1971
f 1983 1971 1969
f 1983 1969 1956
f 1956 1969 1967
f 1964 1962 1982
f 1964 1982 1976
f 1976 1982 1974
f 1974 1982 1972
f 1972 1982 1983
f 1972 1983 1970
f 1970 1983 1968
f 1968 1983 1956
f 1968 1956 1955
f 1956 1967 1966
f 1956 1966 1965
f 1956 1965 1959
f 1959 1965 1981
f 1959 1981 1980
f 1959 1980 1962
f 1962 1980 1979
f 1962 1979 1978
f 1984 1985 1986
f 1987 1986 1985
f 1987 1985 1988
f 1989 1990 1991
f 1992 1990 1993
f 1985 1993 1994
f 1988 1995 1987
f 1989 1993 1990
f 1989 1994 1993
f 1993 1984 1992
f 1984 1993 1985
f 1985 1994 1988
f 1986 1987 1996
f 1996 1987 1995
f 1995 1988 1997
f 1998 1996 1995
f 1998 1995 1997
f 1999 2000 2001
f 2002 2003 1997
f 1999 1990 2000
f 1999 2001 2004
f 2004 2001 2005
f 2005 2001 2006
f 2005 2006 2007
f 2002 2007 2006
f 2002 2006 2003
f 1996 2002 1997
f 2002 1996 1998
f 2007 2002 2008
f 2007 2009 2005
f 2005 2009 2010
f 2004 2011 1999
f 1999 2011 2012
f 2004 2005 2010
f 2003 1998 1997
f 2002 1998 2008
f 2008 2003 2006
f 2009 2008 2006
f 2003 2008 1998
f 2007 2008 2009
f 2010 2009 2006
f 2010 2006 2001
f 2010 2001 2011
f 2010 2011 2004
f 2012 2011 2001
f 2012 2001 2000
f 1999 2012 1992
f 1992 2012 2000
f 1992 2000 1990
f 1996 1997 1988
f 1984 1994 1989
f 1996 1988 1986
f 1986 1988 1984
f 1984 1988 1994
f 1984 1989 1992
f 1992 1989 1991
f 1992 1991 1999
f 1999 1991 1990
f 2013 2014 2015
f 2013 2015 2016
f 2017 2018 2019
f 2019 2018 2020
f 2017 2021 2018
f 2022 2023 2024
f 2025 2023 2022
f 2016 2015 2026
f 2016 2026 2027
f 2019 2020 2013
f 2013 2020 2014
f 2024 2021 2022
f 2022 2021 2017
f 2027 2023 2025
f 2027 2026 2023
f 2028 2017 2019
f 2028 2019 2029
f 2029 2019 2030
f 2013 2030 2019
f 2030 2013 2031
f 2016 2031 2013
f 2031 2016 2032
f 2018 2028 2029
f 2018 2029 2020
f 2020 2029 2030
f 2014 2030 2031
f 2014 2031 2015
f 2015 2031 2032
f 2020 2030 2014
f 2021 2028 2018
f 2032 2016 2027
f 2032 2027 2033
f 2025 2033 2027
f 2025 2034 2033
f 2022 2034 2025
f 2022 2035 2034
f 2035 2022 2028
f 2028 2022 2017
f 2034 2023 2033
f 2026 2032 2033
f 2024 2023 2034
f 2024 2034 2035
f 2021 2035 2028
f 2015 2032 2026
f 2026 2033 2023
f 2024 2035 2021
f 2036 2037 2038
f 2039 2040 2041
f 2042 2041 2043
f 2044 2045 2046
f 2047 2048 2049
f 2048 2047 2050
f 2051 2048 2050
f 2052 2051 2050
f 2052 2050 2053
f 2054 2055 2056
f 2057 2058 2059
f 2059 2058 2060
f 2057 2054 2061
f 2059 2060 2062
f 2063 2050 2047
f 2064 2065 2066
f 2066 2065 2067
f 2068 2067 2069
f 2068 2069 2070
f 2070 2069 2071
f 2070 2071 2072
f 2066 2067 2068
f 2073 2072 2074
f 2073 2074 2075
f 2075 2074 2076
f 2073 2070 2072
f 2077 2078 2079
f 2080 2081 2082
f 2069 2079 2083
f 2084 2085 2081
f 2084 2081 2080
f 2065 2077 2079
f 2067 2079 2069
f 2071 2083 2085
f 2067 2065 2079
f 2071 2085 2084
f 2074 2084 2080
f 2074 2080 2076
f 2069 2083 2071
f 2072 2071 2084
f 2072 2084 2074
f 2086 2087 2088
f 2089 2088 2090
f 2089 2090 2091
f 2092 2091 2093
f 2092 2093 2094
f 2094 2093 2095
f 2094 2095 2096
f 2096 2095 2097
f 2096 2097 2098
f 2096 2098 2099
f 2100 2086 2088
f 2100 2088 2089
f 2089 2091 2092
f 2094 2096 2099
f 2101 2102 2103
f 2104 2103 2105
f 2104 2105 2106
f 2107 2102 2087
f 2087 2102 2101
f 2090 2101 2103
f 2090 2103 2104
f 2095 2104 2106
f 2097 2106 2108
f 2088 2101 2090
f 2093 2090 2104
f 2095 2093 2104
f 2097 2095 2106
f 2098 2097 2108
f 2098 2108 2109
f 2088 2087 2101
f 2091 2090 2093
f 2042 2039 2041
f 2042 2043 2110
f 2111 2112 2113
f 2114 2115 2116
f 2117 2118 2119
f 2120 2121 2122
f 2122 2121 2123
f 2123 2124 2122
f 2124 2123 2125
f 2124 2125 2126
f 2126 2125 2127
f 2126 2127 2128
f 2128 2127 2129
f 2128 2129 2130
f 2037 2042 2038
f 2038 2042 2110
f 2038 2110 2131
f 2131 2110 2132
f 2132 2110 2133
f 2134 2135 2132
f 2134 2132 2133
f 2136 2137 2138
f 2136 2138 2139
f 2139 2138 2140
f 2141 2142 2143
f 2143 2142 2144
f 2145 2146 2147
f 2148 2149 2150
f 2148 2150 2151
f 2151 2150 2152
f 2153 2154 2155
f 2153 2156 2154
f 2157 2158 2159
f 2159 2160 2157
f 2159 2161 2160
f 2162 2161 2159
f 2162 2159 2163
f 2162 2163 2164
f 2164 2165 2162
f 2166 2165 2164
f 2166 2167 2165
f 2167 2166 2155
f 2154 2167 2155
f 2168 2169 2170
f 2169 2171 2170
f 2171 2169 2172
f 2171 2172 2173
f 2171 2173 2162
f 2162 2173 2161
f 2161 2173 2174
f 2174 2175 2161
f 2175 2174 2046
f 2176 2175 2046
f 2177 2168 2170
f 2046 2178 2176
f 2045 2178 2046
f 2178 2045 2179
f 2134 2133 2180
f 2134 2180 2181
f 2039 2181 2040
f 2182 2183 2184
f 2182 2184 2185
f 2182 2185 2186
f 2186 2185 2187
f 2188 2189 2190
f 2188 2190 2191
f 2191 2190 2192
f 2192 2190 2193
f 2194 2195 2196
f 2197 2198 2199
f 2197 2199 2200
f 2200 2199 2201
f 2200 2201 2202
f 2202 2201 2203
f 2203 2201 2204
f 2205 2206 2207
f 2208 2209 2210
f 2208 2210 2211
f 2211 2210 2212
f 2212 2210 2213
f 2212 2213 2214
f 2214 2213 2215
f 2214 2215 2216
f 2216 2215 2217
f 2216 2217 2218
f 2218 2217 2219
f 2220 2221 2222
f 2220 2223 2224
f 2224 2223 2225
f 2226 2227 2228
f 2226 2228 2229
f 2229 2228 2230
f 2229 2230 2231
f 2229 2231 2232
f 2232 2231 2233
f 2232 2233 2234
f 2234 2233 2235
f 2234 2235 2236
f 2237 2225 2223
f 2223 2220 2222
f 2238 2239 2240
f 2240 2239 2241
f 2240 2241 2242
f 2242 2241 2243
f 2242 2243 2244
f 2244 2243 2245
f 2244 2245 2246
f 2246 2245 2247
f 2248 2247 2249
f 2250 2251 2252
f 2252 2251 2253
f 2252 2253 2254
f 2252 2254 2255
f 2255 2254 2256
f 2256 2254 2257
f 2256 2257 2258
f 2258 2257 2259
f 2260 2261 2249
f 2251 2262 2263
f 2264 2265 2266
f 2266 2265 2267
f 2266 2267 2268
f 2268 2267 2269
f 2270 2271 2272
f 2270 2272 2273
f 2270 2273 2274
f 2274 2273 2275
f 2274 2275 2276
f 2276 2275 2277
f 2278 2279 2280
f 2278 2280 2281
f 2281 2280 2282
f 2281 2282 2283
f 2283 2282 2284
f 2283 2284 2285
f 2285 2284 2286
f 2285 2286 2287
f 2287 2286 2279
f 2287 2279 2288
f 2288 2279 2278
f 2288 2270 2287
f 2281 2289 2278
f 2278 2289 2270
f 2278 2270 2288
f 2283 2276 2290
f 2283 2290 2281
f 2281 2290 2289
f 2270 2274 2287
f 2287 2274 2285
f 2285 2274 2276
f 2285 2276 2283
f 2276 2277 2290
f 2290 2277 2291
f 2290 2291 2289
f 2289 2291 2271
f 2289 2271 2270
f 2280 2292 2293
f 2280 2293 2282
f 2279 2268 2280
f 2280 2268 2292
f 2284 2264 2286
f 2286 2264 2266
f 2286 2266 2279
f 2279 2266 2268
f 2282 2293 2284
f 2284 2293 2264
f 2271 2257 2272
f 2272 2257 2254
f 2272 2254 2273
f 2273 2254 2253
f 2273 2253 2275
f 2275 2253 2277
f 2253 2251 2277
f 2277 2251 2263
f 2277 2263 2291
f 2291 2263 2294
f 2291 2294 2271
f 2271 2294 2259
f 2271 2259 2257
f 2268 2269 2292
f 2293 2292 2295
f 2293 2295 2264
f 2269 2296 2292
f 2292 2296 2260
f 2292 2260 2295
f 2295 2260 2249
f 2295 2249 2264
f 2249 2247 2264
f 2264 2247 2265
f 2265 2247 2245
f 2265 2245 2267
f 2267 2245 2241
f 2267 2241 2269
f 2269 2241 2296
f 2260 2296 2261
f 2251 2250 2262
f 2262 2250 2297
f 2262 2297 2298
f 2262 2298 2263
f 2263 2298 2299
f 2263 2299 2294
f 2294 2299 2300
f 2294 2300 2258
f 2294 2258 2259
f 2243 2241 2245
f 2296 2301 2261
f 2239 2296 2241
f 2302 2256 2103
f 2303 2299 2304
f 2305 2252 2302
f 2302 2252 2255
f 2302 2255 2256
f 2299 2298 2304
f 2304 2298 2297
f 2304 2297 2306
f 2103 2256 2258
f 2103 2258 2105
f 2105 2258 2300
f 2303 2300 2299
f 2306 2297 2250
f 2306 2250 2307
f 2307 2250 2305
f 2305 2250 2252
f 2248 2249 2261
f 2248 2261 2308
f 2308 2261 2309
f 2309 2261 2301
f 2309 2301 2310
f 2310 2301 2296
f 2310 2296 2238
f 2238 2296 2239
f 2248 2246 2247
f 2082 2310 2311
f 2311 2310 2238
f 2311 2238 2312
f 2081 2309 2082
f 2082 2309 2310
f 2313 2248 2081
f 2081 2248 2308
f 2081 2308 2309
f 2078 2244 2314
f 2314 2244 2246
f 2314 2246 2248
f 2314 2248 2313
f 2315 2240 2316
f 2316 2240 2242
f 2316 2242 2078
f 2078 2242 2244
f 2312 2238 2315
f 2315 2238 2240
f 2105 2300 2106
f 2302 2102 2305
f 2307 2317 2306
f 2103 2102 2302
f 2304 2108 2303
f 2306 2318 2304
f 2108 2106 2303
f 2303 2106 2300
f 2306 2317 2318
f 2109 2108 2304
f 2109 2304 2319
f 2319 2304 2318
f 2320 2318 2317
f 2321 2317 2307
f 2107 2307 2305
f 2107 2305 2102
f 2321 2320 2317
f 2321 2307 2107
f 2322 2319 2318
f 2322 2318 2320
f 2098 2109 2323
f 2323 2109 2319
f 2324 2321 2107
f 2324 2107 2325
f 2325 2107 2087
f 2099 2098 2323
f 2323 2319 2326
f 2326 2319 2322
f 2326 2322 2327
f 2327 2322 2320
f 2327 2320 2328
f 2328 2320 2321
f 2328 2321 2324
f 2086 2325 2087
f 2326 2099 2323
f 2328 2324 2325
f 2328 2325 2086
f 2314 2083 2079
f 2314 2079 2078
f 2313 2083 2314
f 2081 2085 2313
f 2313 2085 2083
f 2329 2099 2326
f 2330 2099 2329
f 2329 2326 2331
f 2331 2326 2327
f 2092 2094 2332
f 2332 2094 2330
f 2330 2094 2099
f 2333 2092 2332
f 2334 2086 2100
f 2335 2327 2328
f 2331 2327 2335
f 2336 2089 2333
f 2333 2089 2092
f 2336 2100 2089
f 2335 2328 2334
f 2334 2328 2086
f 2080 2082 2311
f 2080 2311 2337
f 2337 2311 2312
f 2338 2315 2316
f 2338 2316 2077
f 2077 2316 2078
f 2337 2312 2339
f 2339 2312 2315
f 2339 2315 2340
f 2340 2315 2338
f 2341 2080 2337
f 2342 2337 2339
f 2343 2339 2340
f 2344 2340 2338
f 2345 2338 2077
f 2345 2077 2065
f 2076 2080 2341
f 2342 2341 2337
f 2343 2342 2339
f 2345 2344 2338
f 2346 2076 2341
f 2346 2341 2342
f 2346 2342 2343
f 2343 2340 2347
f 2347 2340 2344
f 2344 2345 2064
f 2064 2345 2065
f 2075 2076 2346
f 2346 2343 2347
f 2347 2344 2064
f 2219 2348 2068
f 2349 2350 2346
f 2219 2068 2070
f 2219 2070 2351
f 2348 2066 2068
f 2215 2064 2066
f 2215 2066 2348
f 2352 2347 2064
f 2352 2064 2215
f 2349 2347 2352
f 2351 2070 2073
f 2349 2346 2347
f 2350 2075 2346
f 2329 2353 2330
f 2331 2354 2353
f 2331 2353 2329
f 2332 2330 2355
f 2332 2355 2333
f 2333 2226 2336
f 2335 2234 2236
f 2335 2236 2331
f 2336 2226 2229
f 2336 2229 2100
f 2229 2232 2100
f 2100 2232 2334
f 2334 2232 2234
f 2334 2234 2335
f 2331 2236 2354
f 2222 2356 2223
f 2237 2223 2356
f 2333 2355 2226
f 2236 2357 2354
f 2354 2357 2358
f 2354 2358 2353
f 2353 2358 2359
f 2353 2359 2360
f 2353 2360 2330
f 2330 2360 2355
f 2355 2360 2361
f 2355 2361 2227
f 2355 2227 2226
f 2362 2363 2356
f 2225 2237 2363
f 2363 2237 2356
f 2362 2356 2222
f 2362 2222 2221
f 2215 2213 2352
f 2352 2213 2210
f 2352 2210 2349
f 2349 2210 2209
f 2075 2350 2364
f 2075 2364 2073
f 2219 2217 2348
f 2348 2217 2215
f 2209 2365 2349
f 2349 2365 2350
f 2073 2364 2366
f 2073 2366 2351
f 2351 2366 2219
f 2235 2357 2236
f 2231 2235 2233
f 2230 2228 2227
f 2359 2358 2357
f 2227 2361 2359
f 2359 2361 2360
f 2209 2208 2367
f 2209 2367 2365
f 2365 2367 2368
f 2365 2368 2350
f 2350 2368 2364
f 2364 2368 2369
f 2364 2369 2366
f 2366 2369 2370
f 2366 2370 2219
f 2219 2370 2218
f 2371 2231 2207
f 2207 2231 2230
f 2207 2230 2205
f 2205 2230 2227
f 2205 2227 2372
f 2372 2227 2359
f 2372 2359 2373
f 2373 2359 2357
f 2373 2357 2374
f 2374 2357 2235
f 2374 2235 2371
f 2371 2235 2231
f 2212 2208 2211
f 2208 2368 2367
f 2375 2369 2368
f 2370 2369 2375
f 2221 2197 2362
f 2362 2197 2200
f 2362 2200 2363
f 2224 2376 2220
f 2220 2376 2377
f 2220 2377 2221
f 2221 2377 2197
f 2200 2202 2363
f 2363 2202 2225
f 2225 2202 2203
f 2225 2203 2378
f 2225 2378 2224
f 2224 2378 2376
f 2374 2379 2373
f 2373 2379 2380
f 2373 2380 2372
f 2372 2380 2381
f 2372 2381 2205
f 2205 2381 2206
f 2063 2382 2050
f 2383 2053 2382
f 2382 2053 2050
f 2384 2375 2368
f 2384 2368 2385
f 2385 2368 2208
f 2385 2208 2386
f 2386 2208 2212
f 2386 2212 2387
f 2212 2214 2387
f 2387 2214 2216
f 2387 2216 2388
f 2388 2216 2218
f 2388 2218 2389
f 2389 2218 2370
f 2389 2370 2375
f 2047 2382 2063
f 2375 2384 2389
f 2203 2204 2378
f 2378 2204 2376
f 2376 2204 2390
f 2376 2390 2377
f 2377 2390 2198
f 2377 2198 2197
f 2391 2386 2387
f 2391 2387 2392
f 2392 2387 2393
f 2192 2389 2191
f 2191 2389 2384
f 2191 2384 2188
f 2188 2384 2385
f 2188 2385 2391
f 2391 2385 2386
f 2387 2388 2393
f 2393 2388 2192
f 2192 2388 2389
f 2185 2380 2187
f 2187 2380 2379
f 2187 2379 2374
f 2187 2374 2394
f 2184 2381 2380
f 2184 2380 2185
f 2183 2207 2206
f 2183 2206 2184
f 2184 2206 2381
f 2394 2374 2371
f 2394 2371 2183
f 2183 2371 2207
f 2199 2057 2201
f 2198 2055 2054
f 2198 2054 2199
f 2199 2054 2057
f 2390 2195 2395
f 2390 2395 2198
f 2198 2395 2055
f 2204 2396 2390
f 2390 2396 2195
f 2201 2057 2059
f 2204 2062 2396
f 2201 2059 2204
f 2204 2059 2062
f 2062 2060 2397
f 2396 2397 2196
f 2396 2196 2195
f 2395 2195 2194
f 2395 2194 2398
f 2055 2398 2399
f 2396 2062 2397
f 2395 2398 2055
f 2053 2400 2052
f 2053 2383 2400
f 2400 2383 2382
f 2401 2400 2382
f 2049 2401 2382
f 2049 2382 2047
f 2402 2403 2404
f 2405 2402 2406
f 2406 2402 2404
f 2402 2405 2407
f 2057 2061 2058
f 2061 2054 2056
f 2399 2056 2055
f 2192 2193 2393
f 2393 2193 2392
f 2392 2193 2408
f 2392 2408 2391
f 2391 2408 2189
f 2391 2189 2188
f 2409 2403 2410
f 2410 2403 2402
f 2403 2409 2404
f 2411 2406 2404
f 2411 2404 2409
f 2412 2405 2411
f 2411 2405 2406
f 2405 2412 2407
f 2407 2412 2413
f 2410 2402 2407
f 2410 2407 2413
f 2186 2187 2394
f 2186 2394 2414
f 2414 2394 2183
f 2414 2183 2182
f 2168 2415 2397
f 2172 2169 2058
f 2046 2398 2044
f 2194 2416 2044
f 2417 2196 2415
f 2415 2196 2397
f 2060 2168 2397
f 2399 2046 2174
f 2399 2174 2056
f 2194 2044 2398
f 2058 2169 2060
f 2060 2169 2168
f 2172 2058 2061
f 2061 2173 2172
f 2173 2061 2056
f 2056 2174 2173
f 2398 2046 2399
f 2196 2417 2416
f 2196 2416 2194
f 2043 2040 2180
f 2040 2043 2041
f 2418 2051 2419
f 2419 2051 2052
f 2400 2420 2419
f 2400 2419 2052
f 2420 2400 2401
f 2420 2401 2421
f 2421 2401 2422
f 2422 2401 2049
f 2048 2423 2049
f 2049 2423 2422
f 2423 2048 2051
f 2423 2051 2418
f 2424 2416 2417
f 2193 2190 2425
f 2425 2190 2426
f 2426 2190 2189
f 2426 2189 2427
f 2427 2408 2428
f 2428 2408 2193
f 2427 2189 2408
f 2193 2429 2428
f 2193 2425 2430
f 2193 2430 2429
f 2431 2432 2433
f 2434 2413 2412
f 2413 2434 2410
f 2182 2435 2436
f 2182 2436 2414
f 2414 2436 2437
f 2186 2438 2182
f 2182 2438 2435
f 2186 2179 2438
f 2186 2439 2179
f 2414 2437 2186
f 2186 2437 2439
f 2439 2437 2175
f 2176 2439 2175
f 2439 2176 2178
f 2179 2439 2178
f 2177 2170 2428
f 2177 2428 2429
f 2429 2430 2177
f 2110 2043 2180
f 2133 2110 2180
f 2181 2180 2040
f 2423 2421 2422
f 2440 2425 2426
f 2425 2441 2430
f 2442 2431 2443
f 2438 2444 2435
f 2444 2436 2435
f 2436 2445 2437
f 2438 2179 2446
f 2160 2175 2437
f 2170 2167 2428
f 2430 2417 2415
f 2430 2415 2177
f 2168 2177 2415
f 2151 2152 2148
f 2447 2146 2145
f 2144 2141 2143
f 2139 2140 2136
f 2418 2427 2423
f 2419 2420 2426
f 2426 2420 2440
f 2440 2420 2421
f 2427 2418 2426
f 2426 2418 2419
f 2421 2156 2440
f 2421 2448 2156
f 2423 2427 2428
f 2423 2428 2448
f 2423 2448 2421
f 2428 2167 2448
f 2448 2167 2154
f 2448 2154 2156
f 2417 2430 2441
f 2417 2441 2449
f 2417 2449 2424
f 2424 2449 2416
f 2416 2449 2450
f 2450 2044 2416
f 2446 2044 2450
f 2044 2446 2179
f 2044 2179 2045
f 2425 2449 2441
f 2160 2437 2157
f 2157 2442 2451
f 2437 2432 2157
f 2157 2432 2442
f 2442 2443 2451
f 2452 2453 2443
f 2454 2452 2455
f 2454 2456 2452
f 2456 2454 2455
f 2431 2455 2443
f 2457 2458 2445
f 2445 2458 2459
f 2460 2452 2461
f 2462 2463 2453
f 2463 2443 2453
f 2462 2453 2460
f 2438 2464 2444
f 2443 2464 2438
f 2462 2465 2464
f 2444 2464 2465
f 2462 2460 2466
f 2467 2466 2460
f 2457 2431 2433
f 2432 2431 2442
f 2457 2433 2459
f 2459 2433 2432
f 2455 2431 2456
f 2456 2431 2457
f 2468 2469 2470
f 2456 2469 2468
f 2457 2469 2456
f 2445 2470 2457
f 2457 2470 2469
f 2460 2461 2467
f 2461 2468 2467
f 2468 2461 2456
f 2444 2465 2466
f 2436 2410 2445
f 2445 2410 2434
f 2436 2444 2409
f 2409 2444 2411
f 2467 2412 2411
f 2443 2455 2452
f 2443 2463 2462
f 2443 2462 2464
f 2436 2409 2410
f 2437 2445 2459
f 2459 2458 2457
f 2412 2467 2434
f 2434 2467 2445
f 2470 2445 2467
f 2470 2467 2468
f 2460 2453 2452
f 2465 2462 2466
f 2461 2452 2456
f 2437 2459 2432
f 2467 2411 2466
f 2466 2411 2444
f 2446 2471 2438
f 2175 2160 2161
f 2171 2165 2167
f 2171 2167 2170
f 2165 2171 2162
f 2440 2156 2425
f 2449 2425 2156
f 2471 2446 2450
f 2449 2472 2450
f 2471 2443 2438
f 2443 2473 2451
f 2158 2451 2473
f 2451 2158 2157
f 2152 2149 2148
f 2145 2147 2447
f 2140 2137 2136
f 2135 2134 2474
f 2474 2134 2181
f 2474 2181 2039
f 2474 2039 2036
f 2042 2037 2036
f 2042 2036 2039
f 2121 2473 2123
f 2475 2125 2123
f 2127 2125 2475
f 2156 2153 2449
f 2473 2443 2471
f 2473 2471 2450
f 2450 2475 2473
f 2472 2153 2127
f 2472 2127 2475
f 2473 2475 2123
f 2475 2450 2472
f 2449 2153 2472
f 2129 2127 2153
f 2129 2153 2476
f 2476 2153 2155
f 2121 2158 2473
f 2159 2158 2477
f 2478 2476 2155
f 2478 2155 2166
f 2479 2166 2164
f 2480 2164 2163
f 2480 2163 2159
f 2166 2479 2478
f 2480 2479 2164
f 2481 2480 2159
f 2477 2481 2159
f 2477 2158 2121
f 2131 2138 2038
f 2482 2137 2140
f 2138 2131 2140
f 2131 2132 2140
f 2482 2140 2132
f 2482 2138 2137
f 2482 2038 2138
f 2482 2142 2141
f 2483 2144 2484
f 2141 2038 2482
f 2141 2036 2038
f 2144 2483 2036
f 2144 2036 2141
f 2144 2142 2484
f 2484 2142 2482
f 2447 2485 2482
f 2135 2474 2146
f 2485 2152 2483
f 2152 2150 2483
f 2485 2447 2147
f 2485 2147 2152
f 2147 2149 2152
f 2146 2474 2147
f 2147 2474 2149
f 2483 2150 2036
f 2036 2150 2149
f 2482 2146 2447
f 2135 2146 2132
f 2482 2132 2146
f 2149 2474 2036
f 2130 2129 2476
f 2130 2476 2478
f 2130 2478 2486
f 2486 2478 2479
f 2486 2479 2487
f 2487 2479 2480
f 2487 2480 2488
f 2488 2480 2481
f 2488 2481 2477
f 2488 2477 2120
f 2120 2477 2121
f 2485 2489 2111
f 2490 2113 2491
f 2111 2489 2490
f 2111 2490 2491
f 2485 2111 2482
f 2482 2111 2113
f 2482 2113 2490
f 2485 2119 2489
f 2489 2119 2492
f 2489 2492 2493
f 2493 2492 2117
f 2117 2483 2493
f 2117 2119 2483
f 2483 2119 2485
f 2483 2494 2495
f 2495 2494 2496
f 2484 2497 2483
f 2483 2497 2494
f 2495 2496 2498
f 2495 2498 2499
f 2499 2498 2484
f 2484 2498 2497
f 2484 2482 2500
f 2484 2500 2114
f 2484 2114 2499
f 2499 2114 2501
f 2501 2114 2116
f 2501 2116 2482
f 2482 2116 2500
f 2117 2492 2118
f 2116 2115 2500
f 2111 2491 2112
f 2482 2502 2503
f 2482 2503 2501
f 2502 2482 2490
f 2502 2490 2504
f 2490 2489 2504
f 2504 2489 2505
f 2505 2489 2493
f 2506 2505 2493
f 2495 2507 2483
f 2483 2507 2506
f 2483 2506 2493
f 2495 2499 2507
f 2507 2499 2503
f 2503 2499 2501
f 2503 2502 2500
f 2500 2486 2487
f 2500 2487 2114
f 2114 2487 2503
f 2114 2503 2115
f 2503 2500 2115
f 2502 2126 2128
f 2502 2128 2130
f 2130 2500 2502
f 2500 2130 2486
f 2507 2498 2496
f 2487 2498 2503
f 2503 2498 2507
f 2487 2497 2498
f 2488 2494 2497
f 2488 2497 2487
f 2488 2120 2494
f 2494 2120 2506
f 2494 2506 2507
f 2494 2507 2496
f 2120 2122 2506
f 2506 2122 2124
f 2506 2124 2126
f 2506 2126 2119
f 2119 2118 2506
f 2506 2118 2505
f 2119 2126 2492
f 2492 2126 2504
f 2492 2504 2505
f 2492 2505 2118
f 2112 2126 2113
f 2113 2126 2502
f 2126 2112 2504
f 2504 2112 2491
f 2502 2504 2113
f 2113 2504 2491
f 2508 2509 2510
f 2510 2509 2511
f 2510 2511 2512
f 2512 2511 2513
f 2513 2511 2514
f 2513 2514 2515
f 2515 2514 2516
f 2516 2514 2517
f 2508 2518 2519
f 2519 2518 2520
f 2519 2520 2521
f 2521 2520 2522
f 2521 2522 2523
f 2523 2522 2524
f 2523 2524 2525
f 2525 2524 2526
f 2525 2526 2527
f 2527 2526 2528
f 2527 2528 2517
f 2517 2528 2529
f 2517 2529 2516
f 2516 2529 2530
f 2516 2530 2515
f 2515 2530 2531
f 2515 2531 2513
f 2513 2531 2532
f 2513 2532 2512
f 2512 2532 2533
f 2512 2533 2510
f 2510 2533 2534
f 2510 2534 2508
f 2508 2534 2518
f 2514 2529 2535
f 2535 2529 2528
f 2535 2528 2526
f 2535 2526 2536
f 2536 2526 2524
f 2536 2524 2522
f 2536 2522 2509
f 2509 2522 2520
f 2509 2520 2518
f 2517 2514 2535
f 2517 2535 2527
f 2527 2535 2525
f 2525 2535 2536
f 2525 2536 2523
f 2523 2536 2521
f 2521 2536 2509
f 2521 2509 2519
f 2519 2509 2508
f 2509 2518 2534
f 2509 2534 2511
f 2511 2534 2533
f 2511 2533 2532
f 2511 2532 2514
f 2514 2532 2531
f 2514 2531 2530
f 2514 2530 2529
f 2537 2538 2539
f 2540 2537 2541
f 2540 2542 2543
f 2543 2542 2544
f 2543 2544 2545
f 2546 2539 2547
f 2546 2547 2548
f 2541 2539 2546
f 2541 2546 2549
f 2537 2539 2541
f 2542 2541 2549
f 2538 2550 2547
f 2547 2550 2548
f 2547 2539 2538
f 2540 2541 2542
f 2544 2542 2549
f 2544 2549 2551
f 2545 2544 2551
f 2545 2551 2552
f 2553 2550 2554
f 2555 2556 2557
f 2558 2557 2552
f 2538 2548 2553
f 2553 2548 2550
f 2559 2553 2554
f 2559 2554 2560
f 2560 2554 2556
f 2560 2556 2555
f 2561 2555 2557
f 2561 2557 2562
f 2562 2557 2558
f 2543 2558 2552
f 2558 2543 2545
f 2562 2558 2563
f 2555 2561 2564
f 2555 2565 2560
f 2560 2565 2566
f 2559 2567 2553
f 2568 2553 2567
f 2568 2567 2550
f 2557 2563 2552
f 2562 2563 2569
f 2564 2569 2557
f 2565 2564 2556
f 2554 2567 2566
f 2545 2552 2563
f 2545 2563 2558
f 2557 2569 2563
f 2557 2556 2564
f 2569 2564 2561
f 2569 2561 2562
f 2555 2564 2565
f 2566 2565 2556
f 2566 2556 2554
f 2560 2566 2559
f 2559 2566 2567
f 2567 2554 2550
f 2538 2553 2568
f 2538 2568 2550
f 2543 2552 2551
f 2538 2546 2548
f 2543 2551 2549
f 2543 2549 2540
f 2537 2540 2549
f 2537 2549 2546
f 2537 2546 2538
f 2570 2571 2572
f 2570 2572 2573
f 2574 2575 2576
f 2574 2577 2575
f 2577 2578 2579
f 2579 2578 2576
f 2576 2578 2580
f 2581 2577 2582
f 2582 2577 2583
f 2583 2577 2579
f 2583 2579 2584
f 2584 2579 2576
f 2584 2576 2575
f 2584 2575 2581
f 2581 2575 2577
f 2582 2585 2586
f 2582 2586 2581
f 2581 2586 2587
f 2581 2587 2584
f 2588 2589 2590
f 2590 2589 2591
f 2590 2591 2592
f 2593 2594 2595
f 2595 2594 2588
f 2595 2588 2596
f 2596 2588 2590
f 2596 2590 2597
f 2596 2597 2593
f 2593 2597 2594
f 2595 2598 2593
f 2593 2598 2599
f 2593 2599 2596
f 2600 2601 2602
f 2602 2603 2600
f 2604 2605 2606
f 2605 2604 2607
f 2604 2606 2608
f 2608 2606 2609
f 2604 2610 2607
f 2607 2610 2611
f 2607 2611 2612
f 2603 2613 2614
f 2603 2614 2600
f 2600 2614 2615
f 2616 2601 2617
f 2617 2601 2618
f 2617 2618 2619
f 2619 2618 2603
f 2619 2603 2602
f 2616 2602 2601
f 2619 2620 2617
f 2617 2620 2621
f 2617 2621 2622
f 2617 2622 2616
f 2623 2609 2624
f 2624 2609 2606
f 2624 2606 2605
f 2605 2607 2623
f 2623 2607 2609
f 2624 2625 2623
f 2623 2625 2626
f 2627 2628 2598
f 2629 2627 2630
f 2631 2632 2598
f 2627 2598 2630
f 2630 2598 2632
f 2631 2570 2633
f 2631 2633 2632
f 2634 2571 2570
f 2634 2570 2635
f 2570 2631 2635
f 2635 2631 2636
f 2636 2631 2599
f 2628 2637 2636
f 2628 2636 2598
f 2598 2636 2599
f 2633 2570 2573
f 2633 2573 2638
f 2639 2640 2641
f 2641 2585 2587
f 2642 2643 2644
f 2644 2643 2645
f 2646 2647 2648
f 2649 2645 2643
f 2586 2646 2648
f 2586 2648 2587
f 2587 2648 2639
f 2587 2639 2641
f 2646 2586 2585
f 2646 2585 2644
f 2650 2651 2642
f 2650 2642 2644
f 2650 2644 2585
f 2650 2585 2641
f 2652 2647 2646
f 2653 2648 2647
f 2642 2651 2654
f 2655 2649 2643
f 2655 2643 2656
f 2642 2578 2643
f 2643 2578 2656
f 2656 2578 2653
f 2653 2578 2657
f 2653 2647 2652
f 2641 2580 2578
f 2641 2578 2654
f 2654 2578 2642
f 2653 2657 2648
f 2648 2657 2580
f 2648 2580 2640
f 2648 2640 2639
f 2580 2641 2640
f 2572 2591 2589
f 2627 2629 2589
f 2628 2589 2592
f 2589 2573 2572
f 2658 2592 2635
f 2635 2592 2591
f 2632 2589 2629
f 2632 2629 2630
f 2589 2628 2627
f 2572 2634 2635
f 2572 2635 2591
f 2571 2634 2572
f 2589 2632 2659
f 2589 2659 2573
f 2638 2573 2659
f 2592 2658 2628
f 2628 2658 2637
f 2635 2636 2660
f 2660 2636 2661
f 2660 2661 2662
f 2662 2661 2663
f 2662 2663 2664
f 2664 2663 2665
f 2666 2667 2626
f 2622 2665 2666
f 2667 2666 2668
f 2626 2620 2622
f 2626 2622 2666
f 2622 2621 2665
f 2665 2621 2664
f 2664 2621 2620
f 2626 2625 2620
f 2620 2625 2664
f 2664 2625 2668
f 2668 2625 2667
f 2668 2666 2669
f 2669 2666 2670
f 2669 2670 2671
f 2671 2670 2672
f 2671 2672 2644
f 2644 2672 2646
f 2656 2653 2646
f 2656 2646 2672
f 2656 2672 2673
f 2673 2672 2674
f 2673 2674 2669
f 2669 2674 2675
f 2669 2675 2668
f 2613 2665 2676
f 2613 2615 2665
f 2611 2675 2612
f 2612 2675 2665
f 2615 2612 2665
f 2613 2676 2614
f 2614 2676 2668
f 2675 2611 2610
f 2675 2610 2668
f 2668 2610 2677
f 2668 2677 2614
f 2614 2677 2612
f 2614 2612 2615
f 2676 2665 2663
f 2676 2663 2678
f 2678 2663 2679
f 2678 2679 2660
f 2660 2679 2658
f 2660 2658 2635
f 2637 2658 2636
f 2636 2658 2661
f 2661 2658 2679
f 2661 2679 2663
f 2665 2675 2666
f 2666 2675 2670
f 2670 2675 2674
f 2670 2674 2672
f 2652 2646 2653
f 2638 2659 2633
f 2633 2659 2632
f 2654 2650 2641
f 2654 2651 2650
f 2655 2645 2649
f 2676 2664 2668
f 2644 2656 2671
f 2671 2656 2673
f 2671 2673 2669
f 2664 2676 2662
f 2662 2676 2678
f 2662 2678 2660
f 2655 2656 2645
f 2645 2656 2644
f 2623 2626 2667
f 2623 2667 2605
f 2605 2667 2624
f 2624 2667 2625
f 2616 2622 2602
f 2602 2622 2620
f 2602 2620 2619
f 2600 2615 2601
f 2601 2615 2618
f 2618 2615 2613
f 2618 2613 2603
f 2607 2612 2609
f 2609 2612 2608
f 2608 2612 2677
f 2608 2677 2604
f 2604 2677 2610
f 2596 2599 2631
f 2596 2631 2595
f 2595 2631 2598
f 2590 2592 2597
f 2597 2592 2594
f 2594 2592 2589
f 2594 2589 2588
f 2584 2587 2585
f 2584 2585 2583
f 2583 2585 2582
f 2576 2580 2574
f 2574 2580 2657
f 2574 2657 2577
f 2577 2657 2578
f 2680 2681 2682
f 2682 2681 2683
f 2682 2683 2684
f 2684 2683 2685
f 2684 2685 2686
f 2686 2685 2687
f 2687 2685 2688
f 2687 2688 2686
f 2686 2688 2689
f 2686 2689 2684
f 2684 2689 2690
f 2684 2690 2682
f 2682 2690 2680
f 2680 2690 2681
f 2691 2692 2693
f 2693 2692 2694
f 2693 2694 2695
f 2695 2694 2696
f 2695 2696 2697
f 2697 2696 2698
f 2698 2696 2699
f 2698 2699 2697
f 2697 2699 2700
f 2697 2700 2695
f 2695 2700 2701
f 2695 2701 2693
f 2693 2701 2691
f 2691 2701 2692
f 2702 2703 2704
f 2704 2703 2705
f 2704 2705 2706
f 2706 2705 2707
f 2706 2707 2708
f 2708 2707 2709
f 2709 2707 2710
f 2709 2710 2711
f 2711 2710 2712
f 2712 2710 2713
f 2712 2713 2714
f 2714 2713 2715
f 2714 2715 2712
f 2712 2715 2716
f 2712 2716 2711
f 2711 2716 2717
f 2711 2717 2709
f 2709 2717 2708
f 2708 2717 2718
f 2708 2718 2706
f 2706 2718 2719
f 2706 2719 2704
f 2704 2719 2702
f 2702 2719 2703
f 2720 2721 2722
f 2720 2722 2723
f 2721 2724 2725
f 2725 2724 2723
f 2723 2724 2726
f 2727 2728 2729
f 2729 2728 2730
f 2730 2728 2731
f 2727 2729 2732
f 2732 2729 2730
f 2732 2730 2733
f 2733 2730 2734
f 2733 2734 2735
f 2735 2734 2727
f 2727 2736 2735
f 2735 2736 2737
f 2735 2737 2733
f 2738 2721 2725
f 2738 2725 2739
f 2739 2725 2723
f 2739 2723 2740
f 2740 2723 2722
f 2740 2722 2738
f 2738 2722 2721
f 2738 2741 2742
f 2738 2742 2740
f 2740 2742 2743
f 2744 2745 2746
f 2746 2745 2747
f 2746 2747 2748
f 2749 2750 2751
f 2749 2751 2752
f 2752 2753 2749
f 2749 2753 2754
f 2749 2754 2750
f 2755 2752 2756
f 2756 2752 2751
f 2756 2751 2757
f 2757 2751 2750
f 2755 2750 2758
f 2755 2758 2752
f 2756 2759 2760
f 2756 2760 2755
f 2755 2760 2761
f 2755 2761 2750
f 2762 2746 2748
f 2762 2748 2763
f 2763 2748 2764
f 2763 2764 2765
f 2765 2764 2744
f 2765 2744 2762
f 2762 2744 2746
f 2765 2766 2767
f 2765 2767 2763
f 2763 2767 2762
f 2768 2769 2770
f 2770 2769 2771
f 2769 2772 2771
f 2771 2772 2773
f 2774 2768 2775
f 2775 2768 2770
f 2776 2777 2778
f 2777 2779 2778
f 2780 2781 2782
f 2782 2783 2780
f 2784 2785 2786
f 2726 2724 2787
f 2779 2788 2789
f 2788 2779 2777
f 2788 2790 2731
f 2788 2731 2787
f 2787 2724 2791
f 2777 2792 2788
f 2788 2792 2786
f 2785 2790 2786
f 2786 2790 2788
f 2785 2784 2793
f 2785 2793 2790
f 2790 2793 2728
f 2728 2793 2794
f 2791 2728 2795
f 2795 2728 2794
f 2796 2726 2731
f 2731 2726 2787
f 2792 2777 2776
f 2792 2776 2797
f 2791 2724 2796
f 2791 2796 2728
f 2728 2796 2731
f 2798 2799 2800
f 2798 2801 2802
f 2782 2781 2801
f 2801 2781 2803
f 2801 2804 2802
f 2802 2804 2754
f 2747 2745 2805
f 2806 2807 2802
f 2802 2807 2798
f 2798 2807 2799
f 2754 2753 2745
f 2745 2753 2805
f 2805 2753 2801
f 2801 2753 2804
f 2806 2802 2808
f 2809 2782 2801
f 2809 2801 2798
f 2783 2782 2810
f 2802 2747 2805
f 2809 2810 2782
f 2754 2811 2802
f 2802 2811 2747
f 2754 2745 2811
f 2812 2707 2813
f 2813 2707 2814
f 2814 2707 2705
f 2814 2705 2805
f 2768 2774 2815
f 2815 2774 2775
f 2768 2815 2769
f 2769 2815 2816
f 2769 2816 2772
f 2772 2816 2773
f 2805 2801 2817
f 2805 2817 2814
f 2814 2817 2818
f 2814 2818 2813
f 2813 2818 2819
f 2813 2819 2812
f 2820 2821 2822
f 2820 2822 2823
f 2823 2822 2824
f 2823 2824 2825
f 2825 2824 2788
f 2825 2788 2787
f 2816 2812 2819
f 2816 2819 2773
f 2812 2816 2820
f 2820 2816 2815
f 2820 2815 2821
f 2821 2815 2775
f 2770 2717 2692
f 2770 2692 2775
f 2775 2692 2821
f 2718 2771 2688
f 2688 2771 2773
f 2688 2773 2819
f 2717 2770 2718
f 2718 2770 2771
f 2787 2713 2825
f 2825 2713 2823
f 2823 2713 2710
f 2823 2710 2820
f 2716 2696 2717
f 2717 2696 2694
f 2717 2694 2692
f 2789 2788 2699
f 2699 2788 2700
f 2793 2715 2791
f 2791 2715 2787
f 2791 2794 2793
f 2699 2786 2792
f 2715 2826 2716
f 2737 2696 2716
f 2737 2716 2826
f 2715 2741 2787
f 2787 2741 2743
f 2793 2736 2715
f 2715 2736 2826
f 2696 2737 2736
f 2696 2736 2699
f 2699 2736 2786
f 2786 2736 2793
f 2786 2793 2784
f 2794 2791 2795
f 2787 2743 2713
f 2713 2743 2742
f 2713 2742 2715
f 2715 2742 2741
f 2776 2778 2797
f 2792 2797 2778
f 2792 2778 2699
f 2779 2789 2699
f 2779 2699 2778
f 2700 2788 2824
f 2700 2824 2701
f 2701 2824 2822
f 2701 2822 2821
f 2701 2821 2692
f 2718 2688 2685
f 2718 2685 2719
f 2719 2685 2683
f 2688 2819 2689
f 2689 2819 2818
f 2689 2818 2690
f 2690 2818 2817
f 2690 2817 2801
f 2690 2801 2681
f 2681 2801 2803
f 2703 2719 2761
f 2761 2719 2759
f 2760 2807 2761
f 2683 2759 2719
f 2703 2767 2705
f 2705 2767 2766
f 2805 2827 2767
f 2805 2767 2802
f 2802 2767 2703
f 2761 2807 2806
f 2681 2760 2683
f 2683 2760 2759
f 2681 2780 2809
f 2800 2799 2807
f 2800 2807 2760
f 2800 2760 2798
f 2798 2760 2681
f 2798 2681 2809
f 2703 2761 2802
f 2802 2761 2808
f 2808 2761 2806
f 2803 2781 2681
f 2681 2781 2780
f 2705 2766 2805
f 2805 2766 2827
f 2809 2780 2783
f 2809 2783 2810
f 2707 2812 2710
f 2710 2812 2820
f 2762 2767 2827
f 2762 2827 2766
f 2762 2766 2765
f 2750 2761 2757
f 2757 2761 2759
f 2757 2759 2756
f 2750 2754 2758
f 2758 2754 2804
f 2758 2804 2752
f 2752 2804 2753
f 2748 2747 2764
f 2764 2747 2811
f 2764 2811 2744
f 2744 2811 2745
f 2740 2743 2739
f 2739 2743 2741
f 2739 2741 2738
f 2733 2737 2826
f 2733 2826 2732
f 2732 2826 2736
f 2732 2736 2727
f 2730 2731 2734
f 2734 2731 2790
f 2734 2790 2727
f 2727 2790 2728
f 2723 2726 2720
f 2720 2726 2796
f 2720 2796 2721
f 2721 2796 2724
f 2828 2829 2830
f 2831 2830 2829
f 2832 2831 2829
f 2833 2834 2835
f 2836 2837 2838
f 2836 2838 2839
f 2839 2838 2840
f 2839 2840 2841
f 2841 2840 2842
f 2841 2842 2831
f 2831 2842 2843
f 2831 2843 2844
f 2834 2845 2835
f 2835 2845 2846
f 2836 2846 2837
f 2837 2846 2845
f 2847 2828 2830
f 2835 2846 2833
f 2833 2846 2836
f 2833 2836 2848
f 2848 2836 2839
f 2848 2839 2849
f 2847 2830 2844
f 2830 2831 2844
f 2841 2831 2849
f 2841 2849 2839
f 2850 2840 2851
f 2851 2840 2838
f 2851 2838 2834
f 2834 2838 2837
f 2834 2837 2845
f 2832 2852 2843
f 2832 2843 2842
f 2832 2842 2850
f 2850 2842 2840
f 2847 2844 2852
f 2852 2844 2843
f 2852 2832 2847
f 2847 2832 2829
f 2847 2829 2828
f 2831 2832 2850
f 2831 2850 2849
f 2849 2850 2848
f 2848 2850 2851
f 2848 2851 2833
f 2833 2851 2834
f 2853 2854 2855
f 2856 2857 2858
f 2858 2857 2859
f 2859 2857 2860
f 2859 2860 2861
f 2861 2860 2862
f 2862 2860 2863
f 2862 2863 2864
f 2864 2865 2853
f 2853 2865 2866
f 2853 2866 2854
f 2865 2867 2866
f 2866 2867 2868
f 2869 2870 2856
f 2856 2870 2857
f 2868 2871 2862
f 2861 2872 2873
f 2861 2873 2859
f 2859 2873 2858
f 2858 2873 2874
f 2858 2874 2856
f 2856 2874 2869
f 2862 2871 2861
f 2861 2871 2872
f 2868 2862 2866
f 2866 2862 2855
f 2866 2855 2854
f 2865 2864 2867
f 2867 2864 2875
f 2875 2864 2863
f 2857 2870 2876
f 2857 2876 2877
f 2857 2877 2860
f 2860 2877 2863
f 2868 2867 2875
f 2868 2875 2871
f 2871 2875 2863
f 2871 2863 2872
f 2872 2863 2877
f 2872 2877 2873
f 2873 2877 2876
f 2873 2876 2874
f 2869 2874 2870
f 2870 2874 2876
f 2853 2855 2864
f 2864 2855 2862
f 2878 2879 2880
f 2880 2879 2881
f 2882 2883 2880
f 2882 2880 2881
f 2884 2885 2886
f 2886 2885 2887
f 2886 2887 2888
f 2889 2890 2891
f 2891 2890 2892
f 2893 2894 2895
f 2895 2894 2896
f 2895 2896 2897
f 2897 2896 2898
f 2899 2900 2901
f 2899 2901 2902
f 2902 2901 2903
f 2904 2905 2906
f 2906 2905 2907
f 2906 2907 2908
f 2905 2909 2907
f 2907 2909 2910
f 2907 2910 2908
f 2908 2910 2911
f 2900 2912 2901
f 2901 2912 2913
f 2901 2913 2903
f 2903 2913 2914
f 2900 2915 2902
f 2900 2899 2916
f 2900 2916 2915
f 2916 2917 2918
f 2916 2918 2915
f 2908 2919 2906
f 2906 2919 2920
f 2906 2920 2904
f 2904 2920 2921
f 2904 2921 2908
f 2908 2921 2919
f 2921 2922 2923
f 2921 2923 2919
f 2924 2925 2926
f 2927 2928 2929
f 2930 2931 2932
f 2930 2933 2931
f 2934 2889 2891
f 2889 2934 2935
f 2935 2936 2891
f 2888 2884 2937
f 2937 2884 2938
f 2938 2884 2939
f 2939 2884 2886
f 2939 2886 2935
f 2935 2886 2936
f 2936 2886 2888
f 2937 2897 2893
f 2897 2937 2938
f 2893 2895 2940
f 2940 2895 2938
f 2938 2895 2897
f 2883 2878 2893
f 2883 2893 2940
f 2883 2940 2935
f 2883 2935 2934
f 2883 2934 2880
f 2941 2942 2943
f 2943 2942 2944
f 2945 2946 2947
f 2948 2949 2950
f 2951 2952 2953
f 2953 2952 2954
f 2955 2953 2954
f 2952 2955 2954
f 2956 2957 2958
f 2958 2957 2959
f 2959 2960 2958
f 2958 2960 2961
f 2961 2960 2962
f 2961 2962 2963
f 2964 2962 2965
f 2965 2962 2960
f 2966 2959 2957
f 2966 2957 2967
f 2968 2969 2970
f 2970 2969 2971
f 2971 2972 2970
f 2970 2972 2973
f 2973 2972 2974
f 2973 2974 2975
f 2976 2974 2977
f 2977 2974 2972
f 2978 2971 2969
f 2978 2969 2979
f 2980 2981 2982
f 2980 2982 2983
f 2984 2982 2981
f 2984 2981 2985
f 2985 2981 2986
f 2985 2986 2987
f 2985 2987 2988
f 2989 2987 2990
f 2990 2987 2986
f 2991 2992 2993
f 2991 2993 2994
f 2995 2993 2992
f 2995 2992 2996
f 2996 2992 2997
f 2996 2997 2998
f 2996 2998 2999
f 3000 2998 3001
f 3001 2998 2997
f 3002 3003 3004
f 3005 3006 3007
f 3008 3009 3010
f 3008 3010 3011
f 3011 3010 3012
f 3012 3010 3013
f 3007 3014 3005
f 3014 3015 3005
f 3005 3015 3008
f 3008 3015 3016
f 3008 3016 3009
f 3017 3018 3019
f 3019 3020 3017
f 3017 3020 3021
f 3017 3021 3012
f 3017 3012 3022
f 3022 3012 3013
f 3021 3020 3023
f 3023 3024 3021
f 3025 3026 3027
f 3027 3026 3028
f 3027 3028 3029
f 3029 3028 3030
f 3029 3030 3031
f 3032 3033 3034
f 3034 3033 3035
f 3034 3035 3036
f 3036 3035 3037
f 3037 3038 3039
f 3036 3037 3039
f 3036 3039 3002
f 3002 3039 3003
f 3003 3039 3040
f 3031 3030 3041
f 3032 3031 3042
f 3041 3042 3031
f 3043 3044 3033
f 3043 3033 3032
f 3043 3032 3042
f 3043 3042 3045
f 3045 3042 3046
f 3047 3048 3049
f 3049 3048 3050
f 3049 3050 3051
f 3051 3050 3052
f 3053 3054 3055
f 3056 3057 3058
f 3059 3060 3061
f 3061 3060 3062
f 3061 3062 3063
f 3063 3062 3064
f 3065 3066 3067
f 3068 3069 3070
f 3068 3070 3071
f 3071 3070 3072
f 3071 3072 3073
f 3057 2948 3068
f 3058 3057 3068
f 3074 3071 3075
f 3074 3075 3054
f 3076 3055 3054
f 3076 3054 3057
f 3071 3076 3068
f 3068 3076 3058
f 3074 3055 3071
f 3071 3055 3076
f 3065 3075 3071
f 3060 3077 3075
f 3062 3078 3066
f 3060 3064 3077
f 3077 3064 3073
f 3073 3064 3062
f 3075 3065 3078
f 3062 3060 3078
f 3078 3060 3075
f 3062 3066 3073
f 3073 3066 3071
f 3071 3066 3065
f 3061 3063 3073
f 3073 3063 3077
f 3077 3063 3059
f 3078 3072 3079
f 3077 3078 3079
f 3061 3067 3059
f 3059 3067 3077
f 3077 3067 3078
f 3078 3065 3072
f 3072 3065 3073
f 3073 3065 3067
f 3067 3061 3073
f 3072 3074 3079
f 3079 3056 3080
f 3056 3058 3070
f 3079 3074 3053
f 3053 3081 3079
f 3079 3081 3056
f 3080 3056 3070
f 3055 3081 3053
f 3070 3058 3072
f 3072 3058 3081
f 3081 3055 3072
f 3072 3055 3074
f 3047 3082 3080
f 3082 3047 3069
f 3069 3047 3049
f 3080 3083 3084
f 3084 3051 3047
f 3084 3047 3080
f 3070 3069 3085
f 3070 3085 3080
f 3080 3085 3083
f 3051 3084 3085
f 3051 3085 3069
f 3051 3069 3049
f 3084 3082 3048
f 3084 3048 3052
f 3084 3052 3085
f 2948 3083 3068
f 3050 3048 3069
f 3069 3048 3082
f 3082 3084 2948
f 2948 3084 3083
f 3068 3083 3085
f 3050 3069 3068
f 3050 3068 3052
f 3052 3068 3085
f 3086 3087 3088
f 3089 3090 3091
f 3092 3093 3094
f 3094 3093 3095
f 3094 3095 3096
f 3096 3095 3097
f 3096 3097 3093
f 3098 3099 3100
f 3096 3099 3098
f 3093 3101 3096
f 3096 3101 3099
f 3102 3103 3089
f 3102 3089 3104
f 3105 3103 3098
f 3098 3103 3102
f 3098 3100 3105
f 3105 3100 3089
f 3092 3104 3106
f 3089 3086 3104
f 3104 3086 3106
f 3093 3092 3107
f 3092 3106 3107
f 3107 3086 3093
f 3108 3109 3110
f 3110 3111 3108
f 3108 3111 3112
f 3108 3112 3113
f 3113 3112 3114
f 3115 3116 3117
f 3116 3118 3117
f 3117 3118 3119
f 3117 3119 3120
f 3120 3119 3121
f 3120 3121 3122
f 3121 3114 3122
f 3123 3124 3125
f 3125 3124 3126
f 3125 3126 3127
f 3128 3129 3130
f 3130 3129 3131
f 3130 3131 3132
f 3123 3133 3134
f 3134 3133 3135
f 3133 3123 2955
f 2955 3128 2953
f 2953 3128 3130
f 2955 3123 3128
f 3125 3132 3123
f 3123 3132 3128
f 2953 3130 3135
f 3135 3130 3132
f 3132 3125 3135
f 3135 3125 3134
f 3124 3133 2951
f 2953 3131 2951
f 3131 3129 2951
f 3129 3126 3124
f 3129 3124 2951
f 3133 3124 3135
f 3135 3124 3127
f 3135 3127 2953
f 2953 3127 3126
f 3132 3126 3129
f 3126 3132 2953
f 2953 3132 3131
f 3136 3110 3109
f 3137 3138 3136
f 3137 3136 3139
f 3139 3136 3109
f 3116 3115 3140
f 3140 3115 3141
f 3140 3141 3142
f 3142 3141 3143
f 3144 3145 3146
f 3144 3146 3147
f 3148 3146 3149
f 3149 3146 3145
f 3149 3145 3144
f 3150 3151 3152
f 3152 3151 3153
f 3152 3153 3154
f 3155 3153 3150
f 3150 3153 3151
f 3156 3157 3015
f 3015 3157 3016
f 3157 3156 3014
f 3014 3156 3015
f 3158 3159 3039
f 3039 3159 3040
f 3159 3158 3038
f 3038 3158 3039
f 3160 3161 3162
f 3163 3164 3165
f 3163 3165 3166
f 3166 3165 3167
f 3168 3169 3170
f 3168 3170 3171
f 3172 3173 3174
f 3174 3173 3175
f 3174 3175 3176
f 3177 3178 3179
f 3179 3178 3180
f 3179 3180 3181
f 3182 3183 3184
f 3184 3183 3185
f 3184 3185 3186
f 3186 3185 3187
f 3188 3189 3190
f 3190 3189 3191
f 3191 3189 3192
f 3170 3193 3194
f 3172 3195 3196
f 3196 3195 3197
f 3196 3197 3198
f 3196 3198 3174
f 3172 3174 3195
f 3177 3199 3200
f 3177 3200 3181
f 3181 3200 3201
f 3181 3201 3179
f 3179 3201 3199
f 3179 3199 3177
f 3184 3202 3182
f 3182 3202 3203
f 3182 3203 3186
f 3186 3203 3204
f 3186 3204 3184
f 3190 3205 3188
f 3188 3205 3206
f 3188 3206 3191
f 3191 3206 3207
f 3191 3207 3190
f 3185 3208 3187
f 3187 3208 3209
f 3189 3210 3192
f 3192 3210 3211
f 3173 3212 3213
f 3173 3213 3175
f 3175 3213 3214
f 3178 3215 3216
f 3178 3216 3180
f 3217 3164 3218
f 3218 3164 3219
f 3220 3165 3217
f 3217 3165 3164
f 3221 3169 3194
f 3221 3194 3222
f 3223 3170 3224
f 3224 3170 3169
f 3224 3169 3221
f 3197 3225 3198
f 3198 3225 3226
f 3198 3226 3174
f 3174 3226 3195
f 3200 3227 3228
f 3200 3228 3229
f 3200 3229 3201
f 3203 3230 3231
f 3203 3231 3204
f 3204 3231 3232
f 3204 3232 3184
f 3206 3233 3207
f 3207 3233 3234
f 3207 3234 3190
f 3190 3234 3205
f 3235 3236 3237
f 3237 3236 3238
f 3239 3240 3236
f 3239 3236 3235
f 3241 3242 3243
f 3244 3243 3242
f 3245 3246 3247
f 3237 3238 3248
f 3248 3238 3249
f 3250 3251 3252
f 3253 3251 3254
f 3254 3251 3250
f 3255 3256 3257
f 3257 3256 3258
f 3259 3260 3261
f 3256 3255 3259
f 3256 3259 3261
f 3262 3263 3261
f 3262 3261 3260
f 3253 3264 2830
f 3253 2830 3265
f 3266 3253 3265
f 3266 3251 3253
f 3251 3266 3267
f 3267 3252 3251
f 2833 3252 3267
f 3246 2836 3267
f 3246 3267 3266
f 3246 3266 3247
f 3247 3266 3265
f 3247 3265 3268
f 3268 3265 2844
f 2837 3269 3270
f 3270 3269 3271
f 3270 3271 3272
f 3272 3271 3273
f 3274 3275 3276
f 3276 3275 3277
f 3278 3279 3280
f 3281 3279 3278
f 3281 3282 3279
f 3282 2858 3283
f 3284 3279 3283
f 3283 3279 3282
f 3285 3280 3284
f 3284 3280 3279
f 2855 3286 3280
f 2855 3280 3285
f 3287 3288 3289
f 3287 3289 3290
f 3290 3289 3291
f 3290 3291 3292
f 3293 3294 3295
f 3295 3294 3296
f 3297 3295 3296
f 3297 3296 3298
f 3299 3138 3300
f 3299 3300 3301
f 2935 3302 3303
f 2935 3303 2939
f 2939 3303 2885
f 2939 2885 2938
f 3304 3305 3306
f 3307 3306 3308
f 3308 3306 3305
f 3023 3304 3306
f 3093 3309 3310
f 3093 3310 3101
f 3086 3088 3093
f 3089 3091 3086
f 3086 3091 3087
f 3101 3310 3100
f 3100 3310 3090
f 3090 3089 3100
f 3107 3311 3086
f 3086 3311 3312
f 3086 3312 3106
f 3105 3090 3103
f 3103 3090 3313
f 3103 3313 3089
f 3095 3314 3097
f 3097 3314 3309
f 3097 3309 3315
f 3097 3315 3093
f 3101 3316 3099
f 3099 3316 3100
f 3100 3316 3317
f 3318 3319 3320
f 3321 3318 3322
f 3322 3318 3320
f 3320 3319 3323
f 3258 2965 3257
f 2970 2973 2968
f 2968 2973 2975
f 3324 3325 3326
f 3326 3325 3327
f 3328 3329 3330
f 2867 3331 3332
f 3333 3332 3334
f 3333 3334 3335
f 3335 3334 3336
f 3335 3336 2876
f 3337 2868 3285
f 3337 3285 3284
f 3337 3284 3338
f 3338 3284 3283
f 3338 3283 3339
f 3339 3283 2874
f 3340 3337 3338
f 3340 3338 3339
f 3340 3339 3341
f 3342 3343 3344
f 3036 3002 3345
f 3345 3002 3004
f 3005 3292 3006
f 3006 3292 3291
f 3345 3004 3006
f 3345 3006 3291
f 3036 3345 3346
f 3036 3346 3034
f 3034 3346 3347
f 3034 3347 3348
f 3349 3249 3238
f 3349 3238 3350
f 3288 3351 3238
f 3238 3351 3350
f 3297 3352 3249
f 3297 3249 3288
f 3288 3249 3351
f 3351 3249 3349
f 3352 3297 3298
f 2950 3289 3288
f 2914 2950 2912
f 2950 2914 3289
f 2914 2913 3289
f 3289 2913 3291
f 2909 3346 2910
f 2910 3346 3345
f 2910 3345 2911
f 3353 2909 2911
f 3347 3346 3353
f 3353 3346 2909
f 3240 3354 3355
f 3347 3240 3355
f 3356 3357 3236
f 3347 3358 3240
f 3357 3359 3353
f 3353 3359 3347
f 3347 3359 3358
f 3358 3356 3240
f 3240 3356 3236
f 3353 3236 3357
f 3353 2946 2945
f 3236 2947 2946
f 2945 3360 3353
f 3353 3360 3236
f 2946 3353 2949
f 2947 3236 3360
f 2949 3236 2946
f 2949 3361 3236
f 3236 3361 3238
f 3238 3361 3362
f 3362 2950 3238
f 3238 2950 3288
f 3353 2911 3345
f 3353 3345 2949
f 2949 3345 2950
f 2950 3345 3291
f 2950 3291 2912
f 2912 3291 2913
f 3294 3293 3245
f 3245 3293 3246
f 3250 3252 2989
f 3250 2989 2990
f 2980 3263 3262
f 2836 3246 2846
f 2846 3246 3293
f 3269 2837 2845
f 3138 3299 3136
f 3136 3299 3293
f 3363 3297 3287
f 3287 3297 3288
f 3293 3299 2846
f 2846 3299 3301
f 2846 3301 2845
f 2845 3301 3364
f 2845 3364 3269
f 3136 3293 3110
f 3110 3293 3295
f 3110 3295 3297
f 3110 3297 3363
f 3326 3327 3339
f 3339 3327 3341
f 3326 3339 2869
f 2869 3339 2874
f 3348 3347 3355
f 3348 3355 3365
f 2876 3336 2870
f 2870 3336 3366
f 2870 3366 2869
f 3365 3355 3115
f 3115 3355 3324
f 3326 3141 3324
f 3324 3141 3115
f 3366 3330 2869
f 2869 3330 3326
f 3326 3330 3329
f 3329 3143 3326
f 3326 3143 3141
f 3247 3268 3242
f 3242 3268 3337
f 3242 3337 3340
f 3254 3152 3154
f 3154 3264 3254
f 3254 3264 3253
f 3148 3149 3286
f 3286 3149 3278
f 3286 3278 3280
f 3144 3147 3150
f 3150 3147 3155
f 3216 3242 3237
f 3216 3237 3367
f 3242 3216 3215
f 3242 3215 3247
f 3215 3245 3247
f 3213 3237 3214
f 3215 3367 3245
f 3245 3367 3237
f 3245 3237 3213
f 3248 3214 3237
f 3213 3212 3245
f 3248 3294 3245
f 3294 3248 3368
f 3214 3248 3212
f 3212 3248 3245
f 3209 3341 3369
f 3341 3209 3340
f 3208 3340 3209
f 3340 3244 3242
f 3208 3370 3244
f 3208 3244 3340
f 3237 3242 3241
f 3211 3210 3341
f 3341 3210 3235
f 3341 3235 3369
f 3369 3235 3237
f 3369 3237 3208
f 3208 3237 3241
f 3208 3241 3370
f 3211 3239 3371
f 3371 3239 3235
f 3371 3235 3210
f 3239 3211 3341
f 3327 3239 3341
f 3372 2835 2846
f 3372 2846 2845
f 3373 2870 2869
f 3373 2869 2856
f 3372 2845 2837
f 3372 2837 3270
f 3374 3273 2843
f 3374 2843 2852
f 3375 3376 3269
f 3375 3269 3364
f 3377 3273 3378
f 3378 3273 3271
f 3378 3271 3379
f 3379 3271 3269
f 3379 3269 3376
f 3273 3377 3331
f 3331 3377 3380
f 3381 3336 3334
f 3381 3334 3382
f 3382 3334 3332
f 3382 3332 3383
f 3383 3332 3331
f 3383 3331 3380
f 2856 3384 3373
f 3373 3384 3381
f 2957 2956 2963
f 2963 2962 2957
f 2957 2962 3385
f 2957 3385 3381
f 2957 3381 3386
f 3386 3381 3384
f 2957 3386 3387
f 2957 3387 2967
f 2968 2975 2969
f 2969 2975 2974
f 3387 3386 3388
f 3387 3388 2967
f 2967 3388 3282
f 3388 3386 3384
f 3388 3384 3282
f 3282 3384 2856
f 3282 2856 2858
f 2969 3143 2979
f 2979 3143 3329
f 2974 3140 2969
f 2969 3140 3142
f 2969 3142 3143
f 3140 2974 2976
f 3140 2976 3321
f 3366 3385 2962
f 3366 2962 3330
f 3330 2962 2964
f 3330 2964 3328
f 3328 2964 2979
f 3328 2979 3329
f 3140 3321 3116
f 3116 3321 3322
f 3374 2829 3377
f 3376 3372 3389
f 3376 3389 3379
f 3379 3389 3390
f 3379 3390 3378
f 3378 3390 3391
f 3378 3391 3377
f 3377 3391 3374
f 3373 3381 3392
f 3392 3381 3382
f 3392 3382 3393
f 3393 3382 3383
f 3393 3383 3394
f 3394 3383 3380
f 3394 3380 3395
f 3395 3380 2853
f 3374 3391 3273
f 3273 3391 3390
f 3273 3390 3272
f 3272 3390 3389
f 3272 3389 3270
f 3270 3389 3372
f 3373 3392 3335
f 3335 3392 3393
f 3335 3393 3333
f 3333 3393 3394
f 3333 3394 3332
f 3332 3394 3395
f 3385 3366 3336
f 3385 3336 3381
f 3365 3115 3117
f 3365 3117 3120
f 3365 3120 3396
f 3396 3120 3122
f 3396 3122 3025
f 3322 3320 3116
f 3116 3320 3397
f 3307 3109 3306
f 3306 3109 3398
f 3398 3109 3108
f 3398 3108 3399
f 3399 3108 3113
f 3399 3113 3400
f 3400 3113 3401
f 3401 3113 3114
f 3118 3116 3397
f 3118 3397 3119
f 3119 3397 3402
f 3119 3402 3121
f 3121 3402 3403
f 3121 3403 3401
f 3121 3401 3114
f 3403 3404 3405
f 3405 3406 3407
f 3403 3405 3401
f 3401 3405 3407
f 3404 3403 3408
f 3408 3409 3404
f 3404 3409 3410
f 3411 3412 3410
f 3411 3410 3409
f 3412 3411 3403
f 3403 3411 3408
f 3413 3406 3405
f 3401 3407 3414
f 3401 3414 3415
f 3415 3414 3413
f 3413 3414 3406
f 3416 3114 3112
f 3416 3112 3417
f 3417 3112 3111
f 3417 3111 3363
f 3363 3111 3110
f 3025 3122 3416
f 3416 3122 3114
f 2856 2869 2858
f 2858 2869 2874
f 2858 2874 3283
f 3285 2868 2855
f 2855 2868 2866
f 2846 2835 2836
f 2836 2835 2833
f 2836 2833 3267
f 2844 3265 2847
f 2847 3265 2830
f 3395 2865 2867
f 3395 2867 3332
f 3373 3335 2876
f 3373 2876 2870
f 3374 2852 2847
f 3374 2847 2829
f 3286 2855 2854
f 2830 3264 2828
f 2828 3264 3223
f 2828 3223 2829
f 2829 3223 3377
f 3219 3418 3286
f 3286 3418 3148
f 3223 3224 3377
f 3221 3377 3224
f 3155 3147 3153
f 3153 3147 3146
f 3221 3153 3377
f 3377 3153 3380
f 3380 3153 3146
f 3148 3418 3220
f 3148 3220 3146
f 3153 3221 3222
f 3153 3222 3154
f 3154 3222 3419
f 3419 3264 3154
f 3146 3220 3217
f 3419 3223 3264
f 3219 3286 3218
f 3218 3286 2854
f 3218 2854 2853
f 3218 2853 3380
f 3146 3217 3380
f 3380 3217 3218
f 3274 3276 3273
f 3337 3268 2847
f 2847 3268 2844
f 3331 2867 2865
f 3273 3331 3274
f 3274 3331 2865
f 3274 2865 3275
f 2866 2868 3337
f 2865 2866 3275
f 3275 2866 3337
f 3275 3337 3277
f 3277 3337 2847
f 3277 2847 3276
f 3276 2847 2852
f 3276 2852 3273
f 3273 2852 2843
f 3395 2866 2865
f 2866 3395 2853
f 3412 3403 3025
f 3025 3403 3026
f 3420 3421 3046
f 3046 3421 3045
f 3422 3423 3018
f 3018 3423 3019
f 3424 3425 3426
f 3424 3426 3427
f 3427 3426 3428
f 3428 3429 3430
f 3428 3430 3425
f 3425 3430 3431
f 3425 3431 3426
f 3426 3431 3429
f 3426 3429 3428
f 3429 3432 3430
f 3430 3432 3433
f 2991 2994 3305
f 3305 2994 3308
f 2996 2999 2995
f 2983 3000 2980
f 2980 3000 3001
f 2985 2988 2984
f 3432 2989 3252
f 3252 2833 2835
f 2995 2999 2993
f 2993 2999 2998
f 3434 3433 2835
f 2835 3433 3252
f 3252 3433 3432
f 3109 3307 3139
f 3139 3307 3308
f 2998 3137 2993
f 2993 3137 3139
f 2993 3139 3308
f 2993 3308 2994
f 3375 3364 2982
f 2984 2988 2982
f 2982 2988 2987
f 3000 3300 2998
f 2998 3300 3138
f 2998 3138 3137
f 2982 3364 2983
f 3375 2982 3376
f 3376 2982 2987
f 3364 3301 2983
f 2983 3301 3000
f 3000 3301 3300
f 2989 3432 2987
f 2987 3432 3434
f 2987 3434 3376
f 3376 3434 3372
f 3372 3434 2835
f 2958 2961 2956
f 2956 2961 2963
f 2976 2977 3321
f 3321 2977 3318
f 2966 2967 3281
f 3281 2967 3282
f 2978 2979 2965
f 2965 2979 2964
f 2966 3234 3233
f 3257 2965 2966
f 3435 3234 3255
f 3255 3234 3281
f 3281 3234 2966
f 2966 3233 3257
f 3257 3233 3435
f 3257 3435 3255
f 3144 3150 3243
f 3243 3244 3144
f 3231 3281 3278
f 3231 3278 3232
f 3232 3278 3149
f 3231 3255 3281
f 3244 3370 3144
f 3144 3370 3230
f 3144 3230 3149
f 3149 3230 3232
f 3230 3255 3231
f 3230 3370 3255
f 3255 3370 3259
f 3259 3370 3241
f 3229 3228 3150
f 3150 3228 3259
f 3150 3259 3241
f 3150 3241 3243
f 3250 3227 3229
f 3150 3152 3229
f 3229 3152 3254
f 3229 3254 3250
f 2990 3436 3250
f 3436 3226 3250
f 3250 3226 3260
f 3250 3260 3227
f 3227 3260 3228
f 3228 3260 3259
f 2990 2980 3262
f 3262 3436 2990
f 3226 3225 3260
f 3260 3225 3262
f 3262 3225 3436
f 3159 3038 3037
f 3349 3261 3263
f 3351 3013 3082
f 3351 3082 3350
f 3261 3349 3350
f 3261 3350 3082
f 3013 3351 3349
f 3437 3022 3263
f 3263 3022 3013
f 3263 3013 3349
f 3057 3361 2949
f 3057 2949 2948
f 3361 3261 3362
f 3082 2948 3362
f 3082 3362 3261
f 3077 3360 3075
f 3075 3360 2945
f 3075 2945 3054
f 3054 2945 2947
f 3361 3057 3261
f 3261 3057 3054
f 3261 3054 3256
f 3256 3054 2947
f 3077 3256 3360
f 3360 3256 2947
f 3357 3356 3256
f 3256 3356 3258
f 3258 3033 3044
f 3258 3356 3358
f 3258 3358 3033
f 3033 3358 3359
f 3044 3438 3439
f 3044 3439 3258
f 3079 3133 3040
f 2952 2951 3014
f 2952 3014 3007
f 2952 3007 2955
f 2955 3007 3133
f 3006 3004 3007
f 3007 3004 3003
f 3007 3003 3133
f 3133 3003 3040
f 3016 3157 3009
f 3010 3009 3440
f 3010 3440 2918
f 3010 2918 3013
f 2918 2917 3157
f 3157 2917 3009
f 2917 3440 3009
f 3077 3359 3256
f 3256 3359 3357
f 3014 2951 3157
f 2951 3133 3157
f 3157 3133 3079
f 3157 3079 3080
f 2923 2922 3033
f 3441 2923 3037
f 3159 3037 2923
f 3033 2922 3035
f 3035 2922 3441
f 3035 3441 3037
f 3082 3013 2918
f 3082 2918 3080
f 3080 2918 3157
f 3159 2923 3033
f 3159 3033 3079
f 3040 3159 3079
f 3079 3033 3077
f 3077 3033 3359
f 3320 3041 3030
f 3397 3320 3030
f 3397 3030 3402
f 3402 3030 3028
f 3402 3028 3403
f 3403 3028 3026
f 3041 3320 3323
f 3401 3442 3443
f 3401 3443 3400
f 3400 3443 3399
f 3399 3443 3444
f 3399 3444 3398
f 3398 3444 3024
f 3398 3024 3306
f 3306 3024 3023
f 3410 3412 2942
f 2942 3412 3025
f 3415 3413 3445
f 3445 3413 2944
f 2944 3025 3445
f 3445 3025 3416
f 3417 3363 3021
f 3021 3363 3012
f 3012 3363 3287
f 3012 3287 3011
f 3011 3287 3290
f 3011 3290 3008
f 3008 3290 3292
f 3008 3292 3005
f 3032 3034 3348
f 3032 3348 3031
f 3031 3348 3365
f 3031 3365 3029
f 3029 3365 3396
f 3029 3396 3027
f 3027 3396 3025
f 2942 3025 2944
f 3021 3024 3417
f 3417 3024 3444
f 3417 3444 3416
f 3416 3444 3443
f 3416 3443 3445
f 3445 3443 3442
f 3442 3401 3445
f 3445 3401 3415
f 3446 3411 3409
f 3446 3409 3408
f 3447 3414 3448
f 3448 3414 3407
f 2925 2928 2926
f 3449 2925 2924
f 2925 3449 3327
f 3325 2928 2925
f 3325 2925 3327
f 3327 3449 2924
f 2924 3239 3327
f 3090 3450 3091
f 3311 3087 3312
f 3311 3088 3087
f 3315 3309 3088
f 3310 3316 3451
f 3317 3090 3451
f 3090 3310 3451
f 3452 3088 3312
f 3450 3313 3091
f 3239 3313 3090
f 3315 3088 3325
f 3315 3325 3314
f 3239 3317 3316
f 2927 2926 2928
f 3088 3452 2929
f 2926 2927 2924
f 2924 2927 3452
f 2929 3452 2927
f 2928 3088 2929
f 3240 3309 3314
f 3240 3314 3325
f 3239 3316 3240
f 3240 3316 3310
f 3240 3310 3309
f 3325 3354 3240
f 3088 2928 3325
f 3239 3090 3317
f 3239 2924 3452
f 3239 3452 3312
f 3239 3312 3087
f 3313 3239 3091
f 3091 3239 3087
f 2943 3405 2941
f 2941 3405 3404
f 2944 3413 2943
f 2943 3413 3405
f 3404 3410 2941
f 2941 3410 2942
f 2894 3294 3368
f 2894 2898 3294
f 2898 2896 3294
f 3294 2896 2885
f 3294 2885 3296
f 2887 3352 3453
f 3453 3352 3298
f 3453 3298 3296
f 3453 3296 2885
f 3454 3302 3455
f 3455 3302 2882
f 3455 3456 3454
f 3457 3455 2882
f 3456 3455 3458
f 3458 3455 3457
f 3302 2890 3303
f 3303 2890 3459
f 3303 2887 2885
f 3368 2896 2894
f 2932 2890 3302
f 3303 3459 3352
f 3352 3459 2892
f 3352 2892 2932
f 2932 2892 2890
f 3352 2887 3303
f 2882 2896 3368
f 2882 3368 2879
f 3248 2881 2879
f 3248 2879 3368
f 3454 2932 3302
f 3454 3456 2932
f 2932 3456 3458
f 2930 3458 2933
f 2932 3458 2930
f 2931 3249 2932
f 2932 3249 3352
f 2931 2933 3249
f 3249 2933 3248
f 2933 3458 3248
f 3458 3457 2882
f 3458 2882 2881
f 3458 2881 3248
f 3017 3022 3460
f 3460 3022 3437
f 3438 3044 3461
f 3461 3044 3043
f 3420 3462 3161
f 3420 3161 3421
f 3160 3461 3421
f 3160 3421 3161
f 3461 3160 3463
f 3160 3462 3463
f 3463 3462 3420
f 3460 3342 3422
f 3422 3342 3344
f 3422 3344 3423
f 3423 3344 3464
f 3464 3465 3423
f 3464 3342 3465
f 3465 3342 3460
f 3318 2977 3439
f 2972 2971 2977
f 2977 2971 2978
f 3161 3466 3323
f 3439 3319 3318
f 2965 2960 2959
f 2965 2959 2966
f 3438 3161 3323
f 3438 3323 3439
f 3439 3323 3319
f 3323 3466 3463
f 3092 2977 2978
f 3092 2978 3104
f 3463 3466 3461
f 3461 3466 3162
f 3461 3162 3438
f 3438 3162 3161
f 3104 2978 2965
f 3104 2965 3102
f 3439 3096 3258
f 3258 3096 3098
f 3258 3098 2965
f 2965 3098 3102
f 3092 3094 2977
f 2977 3094 3439
f 3439 3094 3096
f 3045 3421 3043
f 3043 3421 3461
f 3463 3420 3042
f 3042 3420 3046
f 3460 3422 3017
f 3017 3422 3018
f 3019 3423 3020
f 3020 3423 3465
f 3463 3042 3041
f 3041 3323 3463
f 3023 3020 3465
f 3023 3465 3304
f 2990 2986 2980
f 2980 2986 2981
f 2980 2880 2934
f 2997 2992 3001
f 3001 2992 2991
f 2937 3001 2991
f 2937 2991 3305
f 3437 2888 3304
f 3304 2888 2937
f 3304 2937 3305
f 3344 3437 3304
f 3344 3304 3467
f 2980 2934 3263
f 3437 3344 3460
f 3460 3344 3343
f 3460 3343 3465
f 3467 3304 3465
f 3467 3465 3343
f 2937 2893 3001
f 3001 2893 2878
f 3001 2878 2980
f 2980 2878 2880
f 2934 2891 3263
f 3263 2891 2936
f 3263 2936 3437
f 3437 2936 2888
f 3448 3407 3406
f 3448 3406 3447
f 3447 3406 3414
f 3446 3408 3468
f 3468 3408 3411
f 3468 3411 3446
f 3430 3433 3434
f 3430 3434 3431
f 3431 3434 3432
f 3431 3432 3429
f 3427 3428 3424
f 3424 3428 3425
f 3464 3344 3467
f 3464 3467 3342
f 3342 3467 3343
f 3325 3324 3354
f 3354 3324 3355
f 3093 3088 3309
f 3106 3312 3088
f 3106 3088 3107
f 3107 3088 3311
f 3089 3313 3450
f 3089 3450 3105
f 3105 3450 3090
f 3093 3315 3095
f 3095 3315 3314
f 3100 3317 3451
f 3100 3451 3101
f 3101 3451 3316
f 2938 2885 2896
f 2938 2896 2940
f 2940 2896 2882
f 2940 2882 3302
f 2940 3302 2935
f 3166 3167 3163
f 3163 3167 3164
f 3171 3170 3194
f 3171 3194 3168
f 3168 3194 3169
f 3174 3176 3196
f 3196 3176 3172
f 3172 3176 3173
f 3181 3180 3177
f 3177 3180 3469
f 3177 3469 3178
f 3186 3187 3182
f 3182 3187 3183
f 3191 3192 3188
f 3187 3209 3369
f 3187 3369 3183
f 3183 3369 3185
f 3185 3369 3208
f 3192 3211 3371
f 3192 3371 3188
f 3188 3371 3189
f 3189 3371 3210
f 3175 3214 3176
f 3176 3214 3212
f 3176 3212 3173
f 3180 3216 3469
f 3469 3216 3367
f 3469 3367 3178
f 3178 3367 3215
f 3418 3167 3165
f 3418 3165 3220
f 3219 3164 3167
f 3219 3167 3418
f 3419 3193 3170
f 3419 3170 3223
f 3222 3194 3419
f 3419 3194 3193
f 3195 3226 3436
f 3195 3436 3197
f 3197 3436 3225
f 3201 3229 3199
f 3199 3229 3227
f 3199 3227 3200
f 3184 3232 3230
f 3184 3230 3202
f 3202 3230 3203
f 3205 3234 3435
f 3205 3435 3206
f 3206 3435 3233
f 3160 3162 3462
f 3462 3162 3466
f 3462 3466 3161
f 3128 3132 3129
f 3125 3127 3134
f 3134 3127 3123
f 3123 3127 3124
f 3067 3066 3078
f 3063 3064 3059
f 3059 3064 3060
f 3058 3076 3081
f 3081 3076 3057
f 3081 3057 3056
f 3053 3074 3054
f 3051 3052 3047
f 3047 3052 3048
f 2948 2950 3362
f 2919 2923 3441
f 2919 3441 2920
f 2920 3441 2922
f 2920 2922 2921
f 2915 2918 3440
f 2915 3440 2902
f 2902 3440 2899
f 2899 3440 2917
f 2899 2917 2916
f 2903 2914 2900
f 2900 2914 2912
f 2908 2911 2905
f 2905 2911 2909
f 2908 2905 2904
f 2902 2903 2900
f 2897 2898 2893
f 2893 2898 2894
f 2891 2892 2935
f 2935 2892 3459
f 2935 3459 2889
f 2889 3459 2890
f 2888 2887 3453
f 2885 2884 3453
f 3453 2884 2888
f 2883 2882 2879
f 2883 2879 2878
f 3470 3471 3472
f 3470 3472 3473
f 3473 3472 3474
f 3475 3476 3477
f 3475 3477 3478
f 3478 3477 3479
f 3479 3477 3480
f 3481 3482 3483
f 3481 3483 3484
f 3484 3483 3485
f 3486 3487 3488
f 3488 3487 3489
f 3490 3491 3492
f 3492 3491 3493
f 3492 3493 3494
f 3495 3496 3497
f 3495 3497 3498
f 3498 3497 3499
f 3499 3497 3500
f 3501 3502 3503
f 3501 3503 3504
f 3504 3503 3505
f 3506 3507 3508
f 3506 3508 3509
f 3509 3508 3510
f 3510 3508 3511
f 3512 3513 3514
f 3512 3514 3515
f 3515 3514 3516
f 3517 3518 3519
f 3519 3518 3520
f 3521 3522 3523
f 3523 3522 3524
f 3524 3522 3525
f 3524 3525 3526
f 3527 3526 3528
f 3528 3526 3525
f 3521 3523 3528
f 3528 3523 3527
f 3529 3530 3531
f 3531 3530 3532
f 3533 3534 3530
f 3530 3534 3532
f 3533 3535 3534
f 3534 3535 3536
f 3536 3535 3529
f 3536 3529 3531
f 3537 3538 3539
f 3539 3538 3540
f 3539 3540 3541
f 3542 3537 3539
f 3543 3539 3541
f 3544 3545 3546
f 3546 3545 3547
f 3546 3547 3548
f 3549 3550 3551
f 3551 3550 3552
f 3551 3552 3553
f 3554 3555 3556
f 3556 3555 3557
f 3556 3557 3558
f 3552 3491 3508
f 3559 3560 3561
f 3562 3482 3485
f 3485 3483 3563
f 3502 3497 3496
f 3497 3564 3500
f 3500 3564 3565
f 3500 3565 3496
f 3491 3566 3493
f 3567 3494 3566
f 3566 3494 3493
f 3561 3489 3538
f 3560 3487 3561
f 3487 3560 3568
f 3538 3487 3568
f 3538 3489 3487
f 3503 3564 3505
f 3471 3503 3502
f 3569 3511 3508
f 3552 3507 3511
f 3552 3511 3569
f 3513 3516 3552
f 3476 3514 3513
f 3520 3552 3570
f 3552 3520 3561
f 3561 3520 3518
f 3559 3483 3482
f 3559 3482 3562
f 3559 3561 3518
f 3559 3518 3570
f 3559 3570 3476
f 3559 3476 3513
f 3559 3513 3483
f 3552 3483 3513
f 3483 3552 3550
f 3483 3550 3553
f 3483 3553 3563
f 3563 3553 3552
f 3476 3480 3552
f 3476 3552 3514
f 3514 3552 3516
f 3571 3552 3480
f 3571 3477 3552
f 3552 3477 3570
f 3570 3477 3476
f 3538 3547 3561
f 3547 3545 3561
f 3561 3545 3548
f 3561 3548 3552
f 3552 3548 3538
f 3538 3548 3547
f 3562 3502 3565
f 3565 3502 3496
f 3552 3557 3555
f 3562 3485 3563
f 3562 3563 3502
f 3552 3555 3563
f 3502 3563 3557
f 3552 3538 3537
f 3540 3491 3552
f 3540 3552 3541
f 3537 3541 3552
f 3552 3502 3557
f 3538 3491 3540
f 3538 3568 3566
f 3538 3566 3491
f 3552 3508 3507
f 3502 3552 3471
f 3502 3505 3564
f 3502 3564 3497
f 3471 3572 3564
f 3471 3564 3503
f 3564 3572 3569
f 3569 3572 3573
f 3573 3472 3569
f 3569 3472 3552
f 3552 3472 3471
f 3491 3494 3508
f 3508 3494 3567
f 3508 3567 3569
f 3569 3567 3564
f 3574 3575 3576
f 3577 3578 3579
f 3580 3581 3582
f 3580 3582 3583
f 3583 3582 3584
f 3585 3586 3587
f 3587 3586 3588
f 3589 3585 3587
f 3589 3587 3590
f 3591 3592 3593
f 3594 3591 3593
f 3594 3593 3595
f 3594 3595 3596
f 3597 3598 3599
f 3599 3598 3600
f 3597 3599 3601
f 3597 3601 3602
f 3597 3602 3603
f 3603 3602 3604
f 3605 3606 3607
f 3605 3607 3608
f 3605 3608 3598
f 3598 3608 3600
f 3609 3610 3603
f 3609 3603 3604
f 3606 3605 3611
f 3606 3611 3612
f 3612 3611 3613
f 3610 3609 3614
f 3610 3614 3615
f 3610 3615 3616
f 3616 3615 3617
f 3618 3619 3620
f 3618 3620 3621
f 3618 3621 3613
f 3613 3621 3612
f 3619 3618 3616
f 3619 3616 3617
f 3582 3618 3613
f 3592 3610 3616
f 3559 3525 3533
f 3525 3559 3562
f 3525 3562 3565
f 3525 3565 3597
f 3597 3565 3564
f 3598 3567 3566
f 3605 3566 3611
f 3611 3566 3568
f 3566 3605 3598
f 3528 3610 3592
f 3528 3592 3521
f 3533 3525 3522
f 3610 3528 3603
f 3603 3528 3525
f 3603 3525 3597
f 3597 3564 3598
f 3598 3564 3567
f 3568 3560 3611
f 3611 3560 3533
f 3533 3560 3559
f 3588 3581 3584
f 3584 3535 3588
f 3586 3622 3521
f 3521 3622 3535
f 3535 3622 3588
f 3588 3586 3618
f 3588 3618 3581
f 3581 3618 3582
f 3618 3586 3616
f 3592 3595 3521
f 3593 3586 3595
f 3595 3586 3521
f 3586 3593 3616
f 3616 3593 3592
f 3582 3613 3535
f 3582 3535 3584
f 3611 3530 3613
f 3613 3530 3529
f 3613 3529 3535
f 3533 3530 3611
f 3535 3533 3521
f 3521 3533 3522
f 3619 3536 3620
f 3612 3621 3536
f 3536 3621 3620
f 3608 3607 3623
f 3623 3607 3606
f 3602 3601 3599
f 3617 3615 3527
f 3527 3615 3614
f 3614 3609 3527
f 3543 3506 3509
f 3509 3510 3624
f 3510 3506 3501
f 3501 3506 3543
f 3625 3517 3534
f 3534 3517 3519
f 3534 3519 3626
f 3626 3519 3625
f 3626 3625 3627
f 3527 3609 3526
f 3526 3609 3604
f 3612 3531 3628
f 3628 3531 3532
f 3536 3531 3612
f 3536 3583 3625
f 3536 3580 3583
f 3629 3580 3630
f 3630 3580 3619
f 3484 3526 3604
f 3484 3579 3578
f 3631 3604 3578
f 3604 3631 3484
f 3484 3631 3579
f 3484 3632 3526
f 3632 3481 3526
f 3526 3481 3524
f 3481 3484 3549
f 3602 3599 3604
f 3604 3599 3499
f 3499 3495 3604
f 3604 3495 3501
f 3501 3495 3498
f 3599 3498 3499
f 3617 3527 3523
f 3484 3578 3549
f 3549 3578 3633
f 3551 3633 3627
f 3627 3633 3578
f 3578 3558 3554
f 3578 3554 3627
f 3627 3554 3556
f 3578 3604 3501
f 3578 3501 3558
f 3501 3556 3558
f 3498 3599 3501
f 3591 3617 3596
f 3596 3617 3523
f 3617 3591 3630
f 3630 3591 3594
f 3630 3594 3523
f 3523 3594 3596
f 3481 3549 3524
f 3524 3549 3515
f 3524 3515 3634
f 3524 3634 3512
f 3524 3512 3625
f 3625 3512 3627
f 3627 3512 3515
f 3627 3515 3549
f 3504 3635 3599
f 3599 3635 3501
f 3501 3504 3510
f 3510 3504 3599
f 3636 3630 3523
f 3636 3523 3590
f 3630 3636 3589
f 3583 3629 3625
f 3625 3629 3630
f 3625 3630 3589
f 3589 3590 3625
f 3625 3590 3523
f 3534 3536 3625
f 3625 3523 3524
f 3551 3627 3549
f 3534 3626 3544
f 3544 3546 3623
f 3623 3546 3627
f 3627 3546 3626
f 3539 3623 3542
f 3542 3623 3627
f 3623 3539 3543
f 3556 3501 3627
f 3627 3501 3543
f 3627 3543 3542
f 3536 3619 3580
f 3534 3486 3532
f 3486 3488 3532
f 3532 3488 3544
f 3488 3637 3544
f 3544 3637 3534
f 3534 3637 3486
f 3624 3623 3543
f 3624 3543 3509
f 3623 3490 3492
f 3624 3490 3623
f 3600 3608 3623
f 3600 3623 3492
f 3600 3492 3624
f 3510 3599 3600
f 3510 3600 3624
f 3544 3574 3628
f 3544 3628 3532
f 3574 3576 3628
f 3628 3576 3606
f 3606 3576 3575
f 3544 3623 3574
f 3623 3606 3575
f 3612 3628 3606
f 3617 3630 3619
f 3596 3595 3591
f 3591 3595 3592
f 3590 3587 3636
f 3636 3587 3638
f 3587 3622 3638
f 3638 3622 3586
f 3583 3584 3629
f 3629 3584 3581
f 3629 3581 3580
f 3579 3631 3577
f 3577 3631 3578
f 3623 3575 3574
f 3558 3557 3563
f 3558 3563 3554
f 3554 3563 3555
f 3551 3553 3633
f 3633 3553 3549
f 3549 3553 3550
f 3546 3548 3626
f 3626 3548 3544
f 3544 3548 3545
f 3543 3541 3542
f 3542 3541 3537
f 3519 3520 3625
f 3625 3520 3570
f 3625 3570 3518
f 3625 3518 3517
f 3515 3516 3634
f 3634 3516 3513
f 3634 3513 3512
f 3510 3511 3506
f 3506 3511 3507
f 3504 3505 3635
f 3635 3505 3502
f 3635 3502 3501
f 3499 3500 3496
f 3499 3496 3495
f 3492 3494 3624
f 3624 3494 3490
f 3490 3494 3491
f 3488 3489 3637
f 3637 3489 3561
f 3637 3561 3486
f 3486 3561 3487
f 3484 3485 3632
f 3632 3485 3481
f 3481 3485 3482
f 3479 3480 3639
f 3639 3480 3476
f 3479 3639 3475
f 3474 3472 3572
f 3474 3572 3640
f 3640 3572 3471
f 3474 3640 3470
f 3641 3642 3643
f 3643 3642 3644
f 3644 3642 3645
f 3646 3647 3648
f 3644 3645 3647
f 3644 3647 3646
f 3647 3641 3648
f 3641 3643 3648
f 3648 3649 3646
f 3649 3648 3643
f 3649 3643 3650
f 3644 3650 3643
f 3650 3644 3651
f 3651 3644 3646
f 3646 3649 3651
f 3649 3650 3651
f 3652 3653 3654
f 3654 3655 3656
f 3653 3657 3658
f 3655 3653 3658
f 3655 3654 3653
f 3654 3656 3659
f 3658 3659 3656
f 3659 3658 3657
f 3655 3658 3656
f 3659 3660 3661
f 3659 3661 3654
f 3654 3661 3652
f 3660 3659 3657
f 3660 3657 3653
f 3660 3653 3652
f 3662 3663 3664
f 3662 3665 3663
f 3664 3666 3662
f 3664 3667 3666
f 3665 3668 3663
f 3667 3664 3669
f 3668 3665 3670
f 3671 3672 3673
f 3673 3674 3671
f 3671 3675 3672
f 3674 3673 3676
f 3677 3678 3679
f 3679 3680 3677
f 3677 3681 3678
f 3678 3681 3682
f 3679 3683 3680
f 3680 3683 3684
f 3682 3685 3678
f 3684 3686 3680
f 3687 3688 3689
f 3689 3690 3687
f 3691 3692 3693
f 3691 3694 3692
f 3691 3695 3694
f 3696 3697 3698
f 3698 3699 3696
f 3696 3700 3697
f 3698 3701 3699
f 3702 3703 3704
f 3702 3705 3703
f 3704 3706 3702
f 3707 3708 3709
f 3707 3709 3710
f 3711 3707 3710
f 3712 3713 3714
f 3713 3712 3715
f 3714 3716 3712
f 3717 3718 3719
f 3718 3720 3721
f 3718 3721 3719
f 3722 3723 3724
f 3724 3723 3725
f 3726 3727 3728
f 3729 3726 3730
f 3730 3726 3728
f 3727 3731 3728
f 3728 3731 3729
f 3728 3729 3730
f 3732 3729 3731
f 3724 3733 3734
f 3723 3726 3725
f 3732 3735 3729
f 3729 3735 3725
f 3726 3729 3725
f 3731 3724 3734
f 3731 3734 3732
f 3723 3722 3727
f 3726 3723 3727
f 3724 3731 3722
f 3722 3731 3727
f 3725 3735 3724
f 3724 3735 3733
f 3735 3736 3733
f 3733 3736 3737
f 3733 3737 3734
f 3735 3732 3736
f 3736 3732 3737
f 3737 3732 3734
f 3738 3739 3740
f 3740 3739 3741
f 3740 3741 3742
f 3742 3741 3743
f 3742 3743 3738
f 3738 3743 3739
f 3744 3741 3745
f 3746 3743 3744
f 3744 3743 3741
f 3739 3743 3747
f 3747 3743 3746
f 3741 3739 3745
f 3745 3739 3747
f 3748 3749 3750
f 3751 3752 3753
f 3753 3752 3754
f 3749 3751 3750
f 3750 3751 3753
f 3754 3752 3748
f 3748 3752 3749
f 3752 3755 3749
f 3751 3749 3756
f 3751 3756 3752
f 3752 3756 3755
f 3757 3758 3759
f 3759 3758 3760
f 3760 3758 3761
f 3760 3761 3757
f 3762 3758 3763
f 3758 3757 3763
f 3763 3757 3764
f 3761 3764 3757
f 3761 3758 3762
f 3765 3766 3767
f 3767 3766 3768
f 3767 3768 3769
f 3769 3768 3770
f 3769 3770 3765
f 3765 3770 3766
f 3766 3771 3772
f 3770 3773 3771
f 3770 3771 3766
f 3774 3768 3766
f 3774 3766 3772
f 3773 3770 3768
f 3773 3768 3774
f 3775 3776 3777
f 3777 3776 3778
f 3777 3778 3779
f 3779 3778 3780
f 3779 3780 3775
f 3775 3780 3776
f 3775 3781 3779
f 3779 3781 3782
f 3781 3775 3783
f 3783 3775 3777
f 3783 3777 3784
f 3784 3777 3779
f 3784 3779 3782
f 3785 3786 3787
f 3788 3789 3785
f 3785 3789 3786
f 3787 3786 3790
f 3787 3790 3791
f 3791 3790 3788
f 3788 3790 3789
f 3789 3792 3786
f 3786 3792 3793
f 3786 3793 3790
f 3789 3790 3792
f 3746 3738 3747
f 3746 3742 3738
f 3747 3738 3740
f 3756 3753 3754
f 3749 3755 3794
f 3754 3755 3756
f 3753 3756 3794
f 3794 3756 3749
f 3795 3796 3797
f 3795 3797 3798
f 3798 3797 3799
f 3798 3799 3796
f 3800 3796 3801
f 3800 3797 3796
f 3802 3799 3797
f 3801 3796 3802
f 3802 3796 3799
f 3759 3760 3764
f 3803 3757 3804
f 3804 3757 3759
f 3764 3760 3803
f 3803 3760 3757
f 3759 3764 3761
f 3774 3769 3773
f 3774 3767 3769
f 3773 3769 3765
f 3781 3776 3780
f 3781 3780 3805
f 3778 3806 3805
f 3778 3805 3780
f 3806 3778 3776
f 3783 3776 3781
f 3793 3792 3785
f 3785 3792 3788
f 3788 3792 3807
f 3807 3792 3790
f 3807 3790 3793
f 3808 3744 3745
f 3809 3808 3740
f 3740 3808 3745
f 3740 3745 3747
f 3809 3740 3810
f 3810 3740 3742
f 3742 3746 3744
f 3742 3744 3810
f 3810 3744 3808
f 3755 3811 3794
f 3794 3811 3812
f 3755 3754 3748
f 3755 3748 3811
f 3811 3748 3813
f 3813 3748 3750
f 3812 3813 3794
f 3794 3813 3750
f 3794 3750 3753
f 3800 3795 3814
f 3796 3815 3798
f 3815 3796 3795
f 3815 3795 3800
f 3795 3798 3814
f 3814 3797 3800
f 3816 3817 3818
f 3818 3817 3819
f 3819 3817 3820
f 3819 3820 3821
f 3821 3820 3822
f 3821 3822 3823
f 3823 3822 3824
f 3823 3824 3825
f 3825 3824 3826
f 3826 3824 3827
f 3828 3829 3827
f 3827 3829 3826
f 3828 3830 3829
f 3829 3830 3831
f 3832 3762 3763
f 3803 3832 3763
f 3803 3763 3764
f 3759 3761 3804
f 3804 3761 3762
f 3804 3762 3832
f 3833 3772 3771
f 3834 3833 3765
f 3765 3833 3771
f 3765 3771 3773
f 3834 3765 3835
f 3835 3765 3767
f 3767 3774 3772
f 3767 3772 3835
f 3835 3772 3833
f 3836 3807 3793
f 3805 3837 3782
f 3805 3782 3781
f 3776 3783 3806
f 3806 3783 3784
f 3806 3784 3837
f 3837 3784 3782
f 3838 3836 3793
f 3787 3838 3793
f 3787 3793 3785
f 3838 3787 3839
f 3839 3787 3791
f 3807 3839 3791
f 3807 3791 3788
f 3826 3840 3825
f 3831 3841 3798
f 3798 3841 3802
f 3798 3802 3814
f 3814 3802 3797
f 3798 3815 3831
f 3815 3800 3801
f 3815 3801 3841
f 3841 3801 3802
f 3842 3843 3844
f 3845 3846 3847
f 3848 3849 3850
f 3848 3850 3851
f 3851 3850 3852
f 3851 3852 3853
f 3851 3853 3854
f 3854 3853 3849
f 3854 3849 3848
f 3855 3856 3857
f 3855 3857 3858
f 3858 3857 3859
f 3858 3859 3860
f 3858 3860 3861
f 3861 3860 3856
f 3861 3856 3855
f 3817 3862 3820
f 3810 3863 3809
f 3864 3809 3865
f 3866 3844 3810
f 3810 3844 3843
f 3864 3867 3868
f 3811 3869 3870
f 3812 3811 3871
f 3812 3871 3872
f 3812 3872 3846
f 3812 3846 3873
f 3873 3846 3845
f 3867 3874 3868
f 3868 3874 3875
f 3868 3875 3876
f 3877 3878 3869
f 3869 3878 3879
f 3878 3877 3880
f 3880 3877 3804
f 3880 3804 3876
f 3876 3804 3868
f 3810 3843 3842
f 3807 3836 3881
f 3806 3882 3805
f 3805 3882 3881
f 3805 3881 3837
f 3837 3881 3836
f 3837 3836 3838
f 3839 3807 3810
f 3866 3810 3807
f 3816 3818 3837
f 3837 3818 3806
f 3806 3818 3882
f 3837 3838 3816
f 3816 3838 3808
f 3816 3808 3817
f 3820 3868 3822
f 3820 3864 3868
f 3862 3864 3820
f 3864 3862 3809
f 3808 3809 3862
f 3808 3862 3817
f 3810 3808 3838
f 3810 3838 3839
f 3883 3829 3884
f 3884 3829 3831
f 3883 3826 3829
f 3819 3821 3885
f 3821 3823 3885
f 3886 3823 3825
f 3840 3886 3825
f 3840 3826 3883
f 3841 3831 3830
f 3847 3841 3830
f 3830 3813 3812
f 3812 3847 3830
f 3877 3869 3827
f 3828 3869 3811
f 3828 3811 3813
f 3877 3827 3824
f 3828 3827 3869
f 3813 3830 3828
f 3887 3831 3815
f 3887 3815 3888
f 3888 3815 3841
f 3888 3841 3847
f 3812 3873 3847
f 3889 3888 3847
f 3845 3847 3873
f 3890 3891 3842
f 3842 3844 3866
f 3866 3807 3842
f 3842 3807 3890
f 3890 3807 3881
f 3847 3884 3889
f 3872 3847 3846
f 3892 3893 3833
f 3803 3877 3832
f 3877 3849 3853
f 3824 3849 3877
f 3853 3852 3822
f 3822 3852 3824
f 3824 3852 3850
f 3824 3850 3849
f 3822 3868 3857
f 3860 3894 3856
f 3894 3860 3859
f 3894 3859 3868
f 3868 3859 3857
f 3822 3857 3856
f 3856 3894 3895
f 3896 3895 3897
f 3898 3899 3900
f 3898 3900 3901
f 3899 3898 3902
f 3899 3902 3853
f 3901 3832 3903
f 3903 3853 3902
f 3832 3901 3804
f 3897 3892 3896
f 3900 3904 3901
f 3901 3904 3905
f 3901 3905 3833
f 3833 3905 3906
f 3833 3906 3892
f 3892 3906 3896
f 3894 3868 3833
f 3894 3833 3893
f 3833 3834 3804
f 3804 3834 3835
f 3804 3835 3868
f 3868 3835 3833
f 3833 3804 3901
f 3804 3877 3803
f 3822 3856 3895
f 3822 3895 3896
f 3822 3896 3899
f 3822 3899 3853
f 3853 3903 3877
f 3877 3903 3832
f 3842 3891 3810
f 3810 3891 3907
f 3907 3809 3863
f 3907 3863 3810
f 3885 3867 3864
f 3885 3864 3907
f 3907 3864 3865
f 3907 3865 3809
f 3908 3874 3885
f 3885 3874 3867
f 3908 3875 3874
f 3875 3908 3876
f 3888 3889 3887
f 3887 3889 3884
f 3887 3884 3831
f 3890 3881 3891
f 3891 3881 3882
f 3891 3882 3907
f 3907 3882 3818
f 3907 3819 3885
f 3907 3818 3819
f 3909 3886 3840
f 3908 3885 3823
f 3908 3823 3886
f 3811 3883 3884
f 3840 3878 3909
f 3840 3879 3878
f 3879 3840 3883
f 3879 3883 3869
f 3869 3883 3870
f 3883 3811 3870
f 3884 3871 3811
f 3884 3872 3871
f 3872 3884 3847
f 3851 3910 3848
f 3851 3854 3910
f 3855 3911 3861
f 3861 3912 3858
f 3858 3912 3911
f 3858 3911 3855
f 3899 3896 3913
f 3913 3896 3914
f 3914 3896 3906
f 3914 3906 3915
f 3915 3906 3904
f 3915 3904 3900
f 3910 3854 3916
f 3880 3901 3878
f 3878 3901 3903
f 3854 3903 3902
f 3854 3902 3916
f 3903 3854 3878
f 3878 3854 3848
f 3878 3848 3909
f 3902 3898 3916
f 3916 3898 3880
f 3880 3898 3901
f 3848 3910 3909
f 3909 3910 3886
f 3886 3910 3916
f 3915 3900 3880
f 3880 3900 3916
f 3876 3908 3911
f 3912 3880 3876
f 3912 3876 3911
f 3892 3899 3913
f 3892 3913 3893
f 3916 3897 3895
f 3900 3899 3916
f 3916 3899 3897
f 3897 3899 3892
f 3912 3895 3894
f 3912 3894 3893
f 3912 3893 3880
f 3893 3913 3914
f 3893 3914 3880
f 3880 3914 3917
f 3880 3917 3915
f 3908 3861 3911
f 3895 3912 3916
f 3916 3912 3886
f 3886 3912 3861
f 3886 3861 3908
f 3918 3919 3920
f 3921 3922 3919
f 3918 3920 3923
f 3923 3920 3922
f 3921 3919 3918
f 3920 3924 3922
f 3922 3924 3925
f 3922 3925 3919
f 3919 3925 3926
f 3919 3926 3920
f 3920 3926 3924
f 3927 3928 3929
f 3929 3928 3930
f 3929 3930 3931
f 3931 3930 3932
f 3931 3932 3927
f 3927 3932 3928
f 3932 3933 3934
f 3928 3935 3936
f 3928 3936 3930
f 3935 3928 3934
f 3934 3928 3932
f 3932 3930 3933
f 3933 3930 3936
f 3937 3938 3939
f 3940 3941 3938
f 3940 3938 3937
f 3941 3940 3942
f 3941 3942 3939
f 3937 3939 3942
f 3943 3944 3945
f 3945 3944 3946
f 3947 3948 3943
f 3943 3948 3944
f 3948 3947 3946
f 3946 3947 3945
f 3949 3950 3951
f 3951 3952 3949
f 3953 3954 3951
f 3951 3954 3952
f 3950 3954 3953
f 3949 3954 3950
f 3955 3956 3957
f 3955 3957 3958
f 3958 3957 3959
f 3958 3959 3960
f 3959 3961 3960
f 3956 3961 3959
f 3956 3955 3961
f 3952 3962 3949
f 3963 3964 3965
f 3922 3921 3966
f 3966 3921 3926
f 3926 3925 3966
f 3966 3925 3967
f 3967 3925 3924
f 3936 3929 3931
f 3935 3927 3936
f 3936 3927 3929
f 3947 3943 3968
f 3942 3969 3937
f 3970 3971 3972
f 3971 3973 3974
f 3972 3971 3974
f 3975 3970 3972
f 3975 3973 3970
f 3976 3971 3970
f 3976 3970 3977
f 3977 3970 3978
f 3978 3970 3973
f 3978 3973 3971
f 3978 3971 3976
f 3979 3980 3981
f 3981 3980 3982
f 3980 3979 3983
f 3983 3979 3984
f 3984 3981 3982
f 3979 3981 3985
f 3985 3981 3986
f 3986 3981 3984
f 3986 3984 3979
f 3987 3988 3989
f 3989 3990 3987
f 3991 3992 3965
f 3993 3994 3995
f 3965 3994 3991
f 3991 3994 3993
f 3963 3996 3995
f 3995 3996 3987
f 3995 3987 3993
f 3963 3965 3992
f 3996 3997 3987
f 3987 3997 3998
f 3998 3997 3999
f 3963 3992 3996
f 3909 4000 3993
f 3993 4000 4001
f 4002 3951 3950
f 4002 3950 4003
f 4003 3950 3953
f 3939 4004 4005
f 3939 4005 3941
f 3891 3948 4005
f 3946 3941 4005
f 3946 4005 3948
f 4006 4007 4008
f 4008 4007 4009
f 4004 4010 4011
f 4004 4008 4005
f 4005 4008 4012
f 4006 4004 4011
f 4004 3939 4010
f 4012 4008 4009
f 4004 4006 4008
f 4013 3990 4009
f 4012 4009 3990
f 4014 3908 3990
f 3909 3908 4014
f 3909 4014 4015
f 4015 4016 4017
f 3909 4015 4018
f 4018 4015 4017
f 3993 3987 3990
f 3993 3990 3909
f 3962 3952 3954
f 4017 4019 4020
f 4021 3960 3961
f 3962 3961 3955
f 3955 3949 3962
f 4019 4021 4020
f 4020 3962 4022
f 4023 3960 4021
f 4024 4021 4025
f 4019 4026 4025
f 4017 4026 4019
f 4019 4025 4021
f 4021 3961 3962
f 4021 3962 4020
f 4018 4017 4022
f 4022 4017 4020
f 4027 4028 4029
f 4029 4028 4030
f 4029 4030 4031
f 4032 4031 4028
f 4032 4028 4027
f 4028 4033 4030
f 4030 4033 4034
f 4030 4034 4031
f 4031 4034 4028
f 4028 4034 4035
f 4028 4035 4033
f 4036 4037 4038
f 4037 4039 4038
f 4038 4039 4040
f 4040 4037 4041
f 4041 4037 4036
f 4037 4042 4039
f 4039 4043 4040
f 4040 4043 4037
f 4037 4043 4042
f 4009 4007 4013
f 4013 4007 4044
f 3990 4013 4014
f 4014 4013 4044
f 4026 4017 4016
f 4026 4016 4045
f 4016 4015 4045
f 3965 3999 4045
f 3965 4045 3994
f 4044 3999 4014
f 4014 3999 3997
f 4015 3995 4045
f 4045 3995 3994
f 3996 3992 3964
f 3964 3992 3999
f 3964 3999 3965
f 4015 4014 3995
f 3995 4014 3997
f 3995 3997 3963
f 3963 3997 3964
f 3964 3997 3996
f 3926 3921 3924
f 3924 3921 3918
f 3924 3918 4046
f 3918 3923 3967
f 3967 3923 3966
f 3966 3923 3922
f 3924 4046 3967
f 4047 3933 3931
f 3931 3933 3936
f 3931 3927 4047
f 4047 3927 4048
f 3927 3935 3934
f 3927 3934 4048
f 3945 4049 3943
f 4049 3945 4050
f 4050 3945 3947
f 3947 3968 4050
f 3943 4049 3968
f 3940 4051 3942
f 3940 4052 4051
f 3937 4052 3940
f 3969 4053 3937
f 3937 4053 4052
f 4051 4053 3942
f 3942 4053 3969
f 3973 3975 3977
f 3977 3975 3976
f 3984 3982 3985
f 4054 3979 3982
f 3979 3985 3982
f 3985 3986 4055
f 4055 3986 4054
f 4054 3986 3979
f 4001 4056 4057
f 4000 4018 4001
f 4058 4057 4059
f 4060 4058 4059
f 4061 4062 4063
f 3989 3988 4064
f 4065 3989 4064
f 4066 4063 4065
f 4066 4065 4064
f 4067 4061 4063
f 4067 4063 4066
f 3988 4066 4064
f 3998 3988 3987
f 4057 3991 3993
f 3993 4001 4057
f 3951 4002 4068
f 4068 3953 3951
f 3959 4069 3956
f 4069 3959 4070
f 4070 3959 3957
f 4070 3957 4071
f 4071 3957 3956
f 4071 3956 4069
f 4072 4073 4011
f 4072 4011 4010
f 3939 3938 4010
f 4010 3938 3890
f 3890 3938 3941
f 3890 3941 3944
f 3890 3944 3891
f 3891 3944 3948
f 3941 3946 3944
f 3889 3888 3954
f 3954 3888 3887
f 3954 3887 4068
f 3954 4068 3962
f 3962 4068 4022
f 3881 3890 3882
f 3882 3890 3891
f 3882 3891 3968
f 3968 3891 4005
f 4012 3989 4005
f 3989 4012 3990
f 4000 3909 4018
f 3908 3909 3990
f 3954 3949 3889
f 3889 3949 3955
f 3960 4023 3958
f 3955 3958 3889
f 3889 3958 4023
f 4023 4021 4074
f 4074 4021 4024
f 4074 4024 4075
f 4075 4076 4077
f 4074 4075 4077
f 4078 4076 4079
f 4076 4078 4077
f 4078 4079 4072
f 4072 4079 4073
f 4031 4032 4035
f 4080 4034 4033
f 4035 4034 4080
f 4040 4041 4081
f 4081 4041 4042
f 4042 4043 4081
f 4081 4043 4082
f 4082 4043 4039
f 4082 4039 4083
f 4083 4039 4042
f 4006 4011 4044
f 4044 4007 4006
f 4011 4073 4079
f 4025 4026 4045
f 4045 4024 4025
f 4011 4024 4044
f 4045 3999 4044
f 4045 4044 4024
f 4084 4085 4086
f 4086 4085 4079
f 4086 4079 4087
f 4087 4079 4076
f 4087 4076 4088
f 4088 4076 4089
f 4090 4091 4046
f 3933 4092 3934
f 3934 4092 4093
f 3934 4093 4048
f 4048 4093 4090
f 4048 4090 4047
f 4047 4090 4046
f 4047 4046 3933
f 3933 4046 3918
f 3933 3918 4092
f 4092 3918 3967
f 4092 3967 4091
f 4091 3967 4046
f 3968 4049 3882
f 4051 4049 4050
f 4049 4051 4052
f 3882 4049 3881
f 3881 4049 4052
f 4005 3989 4065
f 4050 4053 4051
f 4053 4094 4052
f 4063 4062 4094
f 4053 4050 4094
f 3968 4005 4050
f 4050 4005 4094
f 4005 4065 4094
f 4094 4065 4063
f 4092 4091 4095
f 3978 3976 4096
f 4096 3976 4097
f 3976 3975 3972
f 3976 3972 4097
f 4097 3972 4098
f 3974 4098 3972
f 3973 3977 3974
f 3974 3977 3978
f 3978 4096 3974
f 3974 4096 4098
f 4054 3982 3980
f 4054 3980 4099
f 3983 4099 3980
f 3984 3985 3983
f 3983 3985 4055
f 3983 4055 4099
f 3998 4066 3988
f 4060 3991 4058
f 4058 3991 4057
f 3992 3991 3999
f 3998 3999 3991
f 3998 4067 4066
f 4067 3998 3991
f 4067 3991 4061
f 4060 4061 3991
f 4070 4100 4069
f 4002 4071 4069
f 4057 4056 4101
f 4057 4101 4059
f 4059 4100 4060
f 4069 4101 4002
f 4002 4101 4068
f 4056 4001 4018
f 4056 4018 4022
f 4100 4059 4101
f 4056 4022 4068
f 4056 4068 4101
f 4101 4069 4100
f 4003 4070 4071
f 4003 4071 4002
f 4068 3887 3953
f 3953 3887 3888
f 3953 3888 4003
f 4003 3888 4070
f 3888 3889 4070
f 4070 3889 4023
f 3890 3881 4010
f 4010 3881 4052
f 4072 4095 4078
f 4078 4095 4091
f 4074 4077 4082
f 4074 4082 4023
f 4023 4082 4070
f 4095 4072 4054
f 4078 4091 4077
f 4077 4091 4090
f 4010 4052 4072
f 4072 4052 4054
f 4090 4093 4077
f 4035 4032 4033
f 4033 4032 4027
f 4033 4027 4102
f 4102 4027 4103
f 4027 4029 4103
f 4103 4029 4080
f 4080 4029 4035
f 4035 4029 4031
f 4033 4102 4080
f 4042 4041 4083
f 4083 4041 4036
f 4036 4038 4104
f 4040 4081 4038
f 4038 4081 4082
f 4038 4082 4104
f 4079 4085 4011
f 4076 4075 4089
f 4089 4075 4024
f 4089 4024 4011
f 4089 4011 4085
f 4105 4106 4088
f 4088 4106 4107
f 4088 4107 4087
f 4087 4107 4108
f 4087 4108 4086
f 4086 4108 4109
f 4084 4110 4111
f 4111 4110 4112
f 4086 4109 4084
f 4084 4109 4110
f 4094 4099 4052
f 4052 4099 4055
f 4052 4055 4054
f 4094 4062 4092
f 4094 4092 4098
f 4094 4098 4099
f 4099 4098 4096
f 4099 4096 4054
f 4054 4096 4097
f 4054 4097 4095
f 4095 4097 4098
f 4095 4098 4092
f 4113 4062 4061
f 4113 4061 4100
f 4100 4061 4060
f 4083 4100 4070
f 4100 4083 4036
f 4100 4036 4104
f 4102 4082 4077
f 4102 4077 4080
f 4080 4077 4093
f 4080 4093 4103
f 4103 4093 4100
f 4083 4070 4082
f 4104 4082 4102
f 4104 4102 4103
f 4104 4103 4100
f 4105 4088 4089
f 4085 4084 4111
f 4111 4105 4085
f 4085 4105 4089
f 4105 4111 4113
f 4113 4100 4105
f 4105 4100 4107
f 4105 4107 4106
f 4111 4112 4113
f 4113 4112 4110
f 4113 4110 4062
f 4062 4110 4092
f 4092 4110 4109
f 4107 4100 4093
f 4107 4093 4108
f 4108 4093 4109
f 4109 4093 4092
f 4114 4115 4116
f 4116 4115 4117
f 4118 4119 4120
f 4120 4119 4121
f 4115 4122 4123
f 4115 4123 4117
f 4124 4125 4126
f 4127 4128 4129
f 4130 4131 4132
f 4133 4134 4135
f 4136 4137 4138
f 4138 4137 4139
f 4138 4139 4140
f 4140 4139 4141
f 4140 4141 4136
f 4136 4141 4137
f 4140 4142 4143
f 4144 4136 4145
f 4145 4136 4138
f 4140 4136 4142
f 4142 4136 4144
f 4145 4138 4143
f 4143 4138 4140
f 4146 4147 4148
f 4146 4148 4149
f 4149 4148 4150
f 4149 4150 4151
f 4151 4150 4147
f 4151 4147 4146
f 4151 4146 4152
f 4152 4146 4153
f 4149 4151 4154
f 4154 4151 4152
f 4153 4146 4155
f 4155 4146 4149
f 4155 4149 4154
f 4156 4157 4158
f 4159 4126 4125
f 4159 4125 4160
f 4160 4125 4124
f 4160 4124 4161
f 4126 4159 4124
f 4124 4159 4161
f 4162 4163 4164
f 4164 4163 4165
f 4164 4165 4166
f 4166 4165 4167
f 4163 4162 4167
f 4167 4162 4166
f 4168 4128 4169
f 4169 4128 4127
f 4169 4127 4170
f 4170 4127 4129
f 4128 4168 4129
f 4129 4168 4170
f 4171 4172 4173
f 4173 4172 4174
f 4174 4172 4175
f 4174 4175 4171
f 4176 4171 4175
f 4172 4171 4176
f 4177 4178 4179
f 4180 4181 4182
f 4180 4182 4183
f 4183 4182 4184
f 4183 4184 4185
f 4185 4184 4181
f 4185 4181 4180
f 4186 4185 4187
f 4180 4183 4188
f 4188 4183 4186
f 4186 4183 4185
f 4187 4185 4189
f 4189 4185 4180
f 4189 4180 4188
f 4190 4191 4192
f 4190 4192 4193
f 4193 4192 4194
f 4193 4194 4195
f 4195 4194 4191
f 4195 4191 4190
f 4196 4195 4197
f 4190 4193 4198
f 4198 4193 4196
f 4196 4193 4195
f 4190 4199 4195
f 4195 4199 4197
f 4199 4190 4198
f 4200 4201 4202
f 4202 4201 4203
f 4202 4203 4204
f 4204 4203 4205
f 4204 4205 4200
f 4200 4205 4201
f 4204 4206 4202
f 4202 4206 4207
f 4200 4208 4209
f 4200 4209 4204
f 4206 4204 4209
f 4200 4202 4208
f 4208 4202 4207
f 4210 4211 4212
f 4213 4211 4214
f 4214 4211 4210
f 4215 4216 4217
f 4114 4218 4219
f 4220 4221 4222
f 4223 4224 4222
f 4223 4222 4221
f 4220 4224 4225
f 4225 4224 4223
f 4226 4227 4228
f 4229 4230 4228
f 4230 4229 4231
f 4230 4231 4226
f 4227 4226 4231
f 4232 4233 4234
f 4235 4236 4237
f 4238 4239 4235
f 4238 4235 4237
f 4236 4235 4240
f 4236 4240 4241
f 4241 4240 4239
f 4241 4239 4238
f 4242 4243 4244
f 4243 4242 4245
f 4244 4246 4242
f 4247 4163 4167
f 4247 4167 4248
f 4248 4167 4165
f 4248 4165 4249
f 4249 4165 4163
f 4163 4247 4249
f 4176 4250 4251
f 4250 4176 4252
f 4252 4176 4175
f 4252 4175 4253
f 4253 4175 4172
f 4172 4251 4253
f 4176 4251 4172
f 4254 4255 4217
f 4254 4217 4256
f 4256 4217 4216
f 4256 4216 4257
f 4257 4216 4255
f 4257 4255 4254
f 4258 4211 4213
f 4258 4213 4259
f 4259 4213 4212
f 4259 4212 4211
f 4260 4261 4262
f 4263 4264 4265
f 4263 4266 4264
f 4266 4263 4267
f 4266 4267 4268
f 4264 4269 4265
f 4264 4268 4269
f 4269 4268 4267
f 4270 4271 4272
f 4270 4272 4273
f 4273 4122 4274
f 4271 4270 4274
f 4271 4274 4122
f 4275 4276 4132
f 4132 4276 4277
f 4130 4278 4275
f 4275 4278 4276
f 4277 4278 4132
f 4132 4278 4130
f 4010 4279 4280
f 4010 4280 4281
f 4281 4280 4282
f 4279 4283 4282
f 4282 4283 4281
f 4279 4010 4283
f 4284 4224 4220
f 4284 4220 4285
f 4285 4220 4222
f 4222 4224 4284
f 4228 4286 4226
f 4228 4230 4286
f 4287 4288 4289
f 4287 4289 4290
f 4290 4289 4291
f 4290 4291 4292
f 4292 4291 4293
f 4292 4293 4287
f 4287 4293 4288
f 4275 4132 4294
f 4132 4295 4294
f 4131 4295 4132
f 4130 4296 4131
f 4131 4296 4295
f 4294 4296 4275
f 4275 4296 4130
f 4134 4297 4135
f 4133 4294 4134
f 4134 4294 4297
f 4133 4135 4298
f 4133 4298 4294
f 4297 4298 4135
f 4299 4300 4301
f 4142 4141 4143
f 4142 4137 4141
f 4143 4141 4139
f 4302 4148 4147
f 4154 4150 4155
f 4154 4147 4150
f 4155 4150 4148
f 4155 4148 4302
f 4260 4303 4261
f 4260 4304 4303
f 4305 4304 4260
f 4262 4306 4305
f 4305 4306 4304
f 4261 4306 4262
f 4261 4303 4306
f 4157 4307 4158
f 4156 4304 4157
f 4157 4304 4307
f 4156 4308 4304
f 4158 4308 4156
f 4307 4308 4158
f 4309 4310 4311
f 4309 4311 4312
f 4313 4311 4310
f 4313 4310 4314
f 4314 4310 4315
f 4314 4315 4316
f 4214 4317 4213
f 4213 4317 4212
f 4214 4210 4318
f 4214 4318 4319
f 4317 4162 4164
f 4317 4164 4212
f 4212 4164 4166
f 4212 4166 4169
f 4168 4169 4166
f 4320 4168 4166
f 4212 4169 4170
f 4321 4170 4322
f 4323 4324 4325
f 4323 4325 4326
f 4325 4324 4159
f 4325 4159 4321
f 4321 4159 4212
f 4321 4212 4170
f 4323 4326 4327
f 4327 4326 4317
f 4159 4160 4212
f 4174 4160 4161
f 4161 4173 4174
f 4324 4328 4161
f 4161 4328 4171
f 4161 4171 4173
f 4160 4174 4212
f 4212 4174 4255
f 4255 4174 4171
f 4255 4171 4327
f 4171 4328 4329
f 4171 4329 4327
f 4327 4329 4323
f 4324 4161 4159
f 4330 4320 4317
f 4331 4330 4326
f 4326 4330 4317
f 4166 4162 4320
f 4320 4162 4317
f 4331 4326 4332
f 4320 4332 4168
f 4168 4332 4170
f 4170 4332 4322
f 4322 4332 4326
f 4333 4216 4215
f 4333 4215 4316
f 4217 4255 4327
f 4217 4327 4215
f 4215 4327 4316
f 4327 4314 4316
f 4313 4334 4335
f 4336 4335 4337
f 4336 4338 4335
f 4335 4338 4313
f 4339 4340 4338
f 4341 4338 4340
f 4341 4342 4343
f 4338 4341 4343
f 4214 4319 4317
f 4317 4319 4343
f 4343 4344 4345
f 4343 4345 4317
f 4317 4345 4346
f 4346 4347 4348
f 4346 4348 4317
f 4349 4350 4351
f 4351 4350 4344
f 4347 4346 4352
f 4352 4346 4350
f 4343 4353 4351
f 4344 4343 4351
f 4352 4350 4349
f 4352 4349 4354
f 4355 4356 4353
f 4355 4353 4342
f 4356 4357 4349
f 4349 4357 4358
f 4349 4358 4354
f 4354 4358 4359
f 4354 4360 4348
f 4343 4342 4353
f 4357 4356 4355
f 4360 4354 4359
f 4360 4359 4361
f 4355 4362 4357
f 4363 4364 4362
f 4362 4364 4357
f 4361 4359 4365
f 4365 4359 4364
f 4362 4355 4366
f 4366 4355 4340
f 4365 4364 4363
f 4365 4363 4367
f 4368 4369 4366
f 4368 4366 4339
f 4369 4370 4363
f 4363 4370 4371
f 4363 4371 4367
f 4372 4360 4367
f 4367 4371 4373
f 4317 4348 4327
f 4327 4348 4360
f 4327 4360 4372
f 4366 4340 4339
f 4370 4369 4368
f 4372 4367 4373
f 4372 4373 4374
f 4368 4375 4370
f 4376 4377 4375
f 4375 4377 4370
f 4374 4373 4377
f 4375 4368 4378
f 4378 4368 4336
f 4374 4377 4376
f 4374 4376 4379
f 4380 4381 4378
f 4380 4378 4337
f 4381 4382 4376
f 4376 4382 4383
f 4376 4383 4379
f 4379 4383 4384
f 4378 4336 4337
f 4382 4381 4380
f 4385 4379 4384
f 4385 4384 4386
f 4380 4387 4382
f 4388 4389 4387
f 4387 4389 4382
f 4386 4384 4389
f 4387 4380 4390
f 4390 4380 4334
f 4386 4389 4388
f 4386 4388 4391
f 4392 4393 4388
f 4388 4393 4394
f 4394 4391 4388
f 4379 4385 4372
f 4372 4385 4327
f 4327 4385 4391
f 4394 4395 4391
f 4391 4395 4327
f 4327 4395 4396
f 4396 4314 4327
f 4393 4392 4314
f 4393 4314 4396
f 4334 4313 4314
f 4334 4314 4392
f 4334 4392 4390
f 4397 4319 4318
f 4398 4343 4319
f 4398 4399 4343
f 4343 4399 4400
f 4401 4400 4399
f 4402 4399 4398
f 4402 4398 4397
f 4397 4398 4319
f 4403 4404 4232
f 4404 4403 4405
f 4405 4403 4234
f 4405 4234 4406
f 4406 4234 4233
f 4232 4404 4406
f 4232 4406 4233
f 4407 4178 4177
f 4407 4177 4405
f 4405 4177 4179
f 4405 4179 4404
f 4178 4407 4404
f 4178 4404 4179
f 4186 4181 4184
f 4186 4184 4188
f 4188 4184 4182
f 4408 4191 4196
f 4192 4191 4408
f 4194 4198 4196
f 4194 4196 4191
f 4198 4194 4192
f 4409 4203 4208
f 4201 4209 4208
f 4201 4208 4203
f 4205 4203 4409
f 4209 4201 4205
f 4410 4411 4412
f 4413 4414 4218
f 4218 4415 4413
f 4416 4417 4418
f 4418 4417 4263
f 4114 4219 4115
f 4318 4210 4218
f 4333 4122 4219
f 4241 4318 4218
f 4216 4333 4219
f 4216 4219 4255
f 4255 4219 4218
f 4255 4218 4212
f 4212 4218 4210
f 4229 4223 4419
f 4282 4420 4279
f 4280 4418 4282
f 4282 4418 4420
f 4416 4418 4280
f 4279 4416 4280
f 4279 4421 4416
f 4420 4421 4279
f 4422 4423 4424
f 4412 4425 4426
f 4425 4412 4427
f 4425 4427 4428
f 4410 4428 4427
f 4428 4410 4426
f 4412 4426 4410
f 4232 4429 4430
f 4234 4429 4232
f 4234 4431 4429
f 4431 4234 4403
f 4431 4403 4430
f 4232 4430 4403
f 4432 4242 4246
f 4432 4246 4433
f 4433 4246 4245
f 4433 4245 4242
f 4386 4434 4385
f 4391 4385 4435
f 4391 4435 4386
f 4374 4436 4372
f 4372 4436 4437
f 4372 4437 4379
f 4379 4437 4438
f 4379 4438 4374
f 4374 4438 4436
f 4361 4439 4360
f 4360 4440 4367
f 4367 4440 4365
f 4361 4365 4439
f 4347 4441 4348
f 4348 4442 4354
f 4354 4442 4352
f 4389 4384 4443
f 4389 4443 4382
f 4382 4443 4383
f 4371 4444 4373
f 4377 4373 4445
f 4377 4445 4370
f 4370 4445 4444
f 4370 4444 4371
f 4358 4446 4359
f 4364 4359 4447
f 4364 4447 4357
f 4357 4447 4446
f 4357 4446 4358
f 4350 4346 4448
f 4350 4448 4344
f 4380 4449 4334
f 4334 4450 4335
f 4335 4450 4337
f 4337 4449 4380
f 4368 4451 4336
f 4336 4451 4338
f 4339 4451 4368
f 4355 4452 4340
f 4340 4452 4453
f 4340 4453 4341
f 4341 4453 4454
f 4341 4454 4342
f 4342 4454 4355
f 4454 4452 4355
f 4325 4321 4455
f 4325 4455 4326
f 4455 4456 4326
f 4326 4456 4322
f 4322 4456 4457
f 4322 4457 4321
f 4331 4332 4458
f 4331 4458 4330
f 4320 4330 4459
f 4320 4459 4332
f 4388 4460 4461
f 4388 4461 4392
f 4392 4461 4390
f 4387 4460 4388
f 4363 4462 4369
f 4362 4462 4363
f 4351 4353 4463
f 4351 4463 4349
f 4305 4464 4262
f 4305 4465 4464
f 4465 4305 4260
f 4465 4260 4466
f 4262 4466 4260
f 4262 4464 4466
f 4467 4268 4264
f 4467 4264 4468
f 4468 4264 4266
f 4469 4273 4274
f 4469 4274 4470
f 4470 4274 4270
f 4270 4273 4469
f 4281 4283 4471
f 4471 4283 4010
f 4226 4286 4472
f 4286 4230 4473
f 4226 4472 4473
f 4226 4473 4230
f 4288 4293 4289
f 4474 4475 4476
f 4476 4475 4477
f 4476 4477 4478
f 4478 4477 4474
f 4479 4480 4481
f 4479 4481 4482
f 4482 4481 4483
f 4479 4483 4480
f 4421 4420 4484
f 4484 4420 4418
f 4485 4298 4297
f 4485 4297 4295
f 4295 4297 4294
f 4485 4295 4484
f 4295 4296 4484
f 4227 4296 4294
f 4227 4294 4228
f 4228 4294 4298
f 4228 4298 4485
f 4231 4421 4484
f 4231 4484 4227
f 4227 4484 4296
f 4229 4228 4223
f 4223 4485 4225
f 4225 4485 4486
f 4225 4486 4220
f 4220 4486 4221
f 4223 4228 4485
f 4302 4487 4153
f 4302 4153 4155
f 4290 4486 4488
f 4290 4488 4287
f 4287 4488 4489
f 4287 4489 4292
f 4292 4489 4486
f 4292 4486 4290
f 4301 4490 4491
f 4301 4491 4299
f 4299 4491 4488
f 4299 4488 4300
f 4300 4488 4490
f 4300 4490 4301
f 4144 4145 4492
f 4492 4145 4493
f 4494 4493 4139
f 4139 4493 4145
f 4139 4145 4143
f 4139 4137 4494
f 4494 4137 4495
f 4137 4142 4144
f 4137 4144 4495
f 4495 4144 4492
f 4147 4496 4302
f 4147 4154 4152
f 4147 4152 4496
f 4496 4152 4487
f 4153 4487 4152
f 4497 4486 4485
f 4497 4485 4484
f 4316 4265 4269
f 4122 4333 4271
f 4271 4333 4316
f 4271 4316 4272
f 4272 4316 4269
f 4272 4269 4273
f 4273 4269 4267
f 4418 4308 4484
f 4484 4308 4307
f 4306 4315 4304
f 4304 4315 4307
f 4315 4306 4316
f 4316 4306 4303
f 4263 4265 4418
f 4418 4265 4316
f 4418 4316 4303
f 4303 4304 4308
f 4303 4308 4418
f 4307 4315 4484
f 4484 4315 4310
f 4484 4310 4497
f 4310 4309 4497
f 4311 4401 4312
f 4312 4401 4498
f 4311 4400 4401
f 4313 4343 4311
f 4311 4343 4400
f 4313 4338 4343
f 4246 4244 4499
f 4318 4241 4397
f 4397 4241 4238
f 4397 4238 4237
f 4404 4407 4500
f 4500 4407 4499
f 4499 4407 4405
f 4397 4406 4404
f 4499 4405 4397
f 4499 4397 4246
f 4246 4397 4237
f 4246 4237 4245
f 4245 4237 4236
f 4245 4236 4243
f 4397 4405 4406
f 4500 4402 4397
f 4500 4397 4404
f 4182 4189 4188
f 4181 4186 4187
f 4192 4199 4198
f 4408 4196 4197
f 4402 4500 4501
f 4502 4206 4205
f 4205 4206 4209
f 4205 4409 4502
f 4409 4208 4207
f 4423 4501 4503
f 4503 4501 4504
f 4499 4504 4500
f 4501 4500 4504
f 4499 4427 4504
f 4504 4427 4412
f 4411 4504 4412
f 4504 4411 4503
f 4503 4411 4410
f 4427 4499 4410
f 4410 4499 4503
f 4505 4506 4507
f 4508 4499 4244
f 4218 4414 4241
f 4241 4414 4243
f 4241 4243 4236
f 4509 4414 4413
f 4510 4509 4413
f 4510 4413 4415
f 4115 4219 4122
f 4122 4273 4267
f 4421 4231 4416
f 4416 4231 4511
f 4221 4512 4513
f 4503 4499 4514
f 4423 4422 4507
f 4514 4515 4503
f 4503 4515 4424
f 4503 4424 4423
f 4515 4516 4517
f 4516 4515 4514
f 4516 4514 4517
f 4235 4518 4240
f 4235 4239 4518
f 4240 4519 4239
f 4240 4518 4519
f 4074 4510 4520
f 4521 4510 4077
f 4522 4523 4524
f 4521 4525 4526
f 4521 4526 4520
f 4521 4520 4510
f 4524 4523 4525
f 4525 4523 4526
f 4257 4254 4120
f 4254 4527 4120
f 4254 4256 4527
f 4527 4256 4528
f 4528 4256 4078
f 4256 4257 4078
f 4078 4257 4120
f 4252 4253 4120
f 4253 4251 4457
f 4457 4251 4321
f 4328 4324 4251
f 4251 4329 4328
f 4118 4249 4529
f 4249 4247 4529
f 4332 4459 4118
f 4330 4458 4527
f 4120 4253 4457
f 4120 4457 4118
f 4458 4457 4456
f 4457 4458 4332
f 4458 4456 4527
f 4527 4456 4455
f 4332 4118 4457
f 4455 4321 4324
f 4324 4321 4251
f 4455 4324 4323
f 4455 4323 4527
f 4527 4323 4329
f 4247 4248 4459
f 4247 4459 4330
f 4247 4330 4529
f 4329 4251 4250
f 4329 4250 4527
f 4250 4252 4527
f 4527 4252 4120
f 4459 4248 4118
f 4118 4248 4249
f 4077 4258 4521
f 4258 4259 4529
f 4529 4259 4118
f 4118 4259 4211
f 4118 4211 4077
f 4077 4211 4258
f 4525 4521 4529
f 4521 4258 4529
f 4453 4338 4525
f 4453 4525 4454
f 4453 4339 4338
f 4450 4338 4337
f 4450 4530 4525
f 4450 4525 4338
f 4530 4450 4334
f 4356 4349 4347
f 4347 4349 4441
f 4348 4441 4529
f 4441 4346 4529
f 4346 4345 4529
f 4529 4345 4525
f 4345 4344 4525
f 4353 4454 4525
f 4359 4446 4347
f 4347 4352 4359
f 4347 4446 4356
f 4353 4452 4454
f 4452 4353 4356
f 4369 4462 4365
f 4365 4462 4439
f 4452 4451 4339
f 4339 4453 4452
f 4359 4352 4442
f 4462 4447 4439
f 4442 4360 4439
f 4439 4447 4359
f 4439 4359 4442
f 4446 4447 4452
f 4452 4356 4446
f 4447 4462 4362
f 4447 4362 4452
f 4452 4362 4366
f 4452 4366 4451
f 4373 4444 4365
f 4365 4440 4373
f 4365 4444 4369
f 4451 4366 4369
f 4381 4376 4438
f 4438 4376 4436
f 4451 4449 4337
f 4337 4338 4451
f 4376 4445 4436
f 4440 4437 4436
f 4436 4445 4373
f 4436 4373 4440
f 4444 4445 4451
f 4451 4369 4444
f 4445 4376 4375
f 4445 4375 4451
f 4451 4375 4378
f 4451 4378 4449
f 4384 4383 4438
f 4384 4438 4437
f 4438 4383 4381
f 4378 4381 4449
f 4381 4383 4449
f 4461 4460 4386
f 4386 4460 4434
f 4334 4449 4530
f 4529 4442 4348
f 4330 4527 4529
f 4529 4527 4385
f 4460 4443 4434
f 4385 4434 4437
f 4434 4443 4384
f 4384 4437 4434
f 4437 4440 4360
f 4360 4442 4529
f 4360 4529 4437
f 4437 4529 4385
f 4460 4387 4443
f 4443 4387 4449
f 4443 4449 4383
f 4449 4387 4390
f 4386 4394 4461
f 4461 4394 4393
f 4449 4390 4530
f 4390 4461 4530
f 4393 4530 4461
f 4394 4386 4435
f 4394 4435 4395
f 4393 4396 4530
f 4528 4530 4527
f 4527 4530 4396
f 4396 4395 4527
f 4395 4435 4527
f 4527 4435 4385
f 4344 4463 4353
f 4344 4353 4525
f 4349 4463 4448
f 4448 4463 4344
f 4349 4448 4441
f 4441 4448 4346
f 4072 4531 4532
f 4533 4534 4535
f 4533 4535 4536
f 4536 4535 4537
f 4528 4078 4537
f 4532 4531 4537
f 4528 4537 4530
f 4530 4537 4535
f 4530 4535 4538
f 4538 4535 4534
f 4532 4537 4078
f 4266 4539 4468
f 4268 4539 4266
f 4268 4467 4539
f 4284 4285 4540
f 4540 4285 4513
f 4513 4285 4222
f 4513 4222 4419
f 4419 4222 4284
f 4541 4278 4277
f 4473 4419 4277
f 4277 4276 4473
f 4473 4276 4286
f 4472 4286 4276
f 4419 4473 4471
f 4473 4472 4471
f 4471 4472 4276
f 4471 4276 4278
f 4281 4471 4541
f 4541 4471 4278
f 4281 4541 4010
f 4419 4284 4540
f 4419 4540 4277
f 4277 4540 4541
f 4481 4513 4542
f 4477 4542 4474
f 4474 4542 4543
f 4540 4291 4543
f 4543 4291 4289
f 4483 4475 4480
f 4480 4475 4474
f 4481 4480 4289
f 4289 4480 4543
f 4543 4480 4474
f 4475 4483 4477
f 4477 4483 4542
f 4542 4483 4481
f 4481 4289 4293
f 4291 4540 4293
f 4481 4293 4540
f 4481 4540 4513
f 4544 4545 4546
f 4546 4545 4547
f 4512 4482 4548
f 4512 4221 4482
f 4545 4478 4493
f 4548 4483 4549
f 4483 4479 4549
f 4548 4482 4483
f 4493 4478 4550
f 4478 4474 4550
f 4550 4474 4551
f 4551 4474 4476
f 4551 4476 4545
f 4545 4476 4478
f 4491 4492 4493
f 4489 4221 4486
f 4551 4548 4550
f 4550 4548 4549
f 4550 4549 4488
f 4488 4549 4479
f 4488 4479 4489
f 4489 4479 4482
f 4489 4482 4221
f 4491 4490 4492
f 4492 4490 4302
f 4492 4302 4495
f 4495 4302 4547
f 4495 4547 4494
f 4490 4487 4302
f 4488 4486 4490
f 4547 4545 4494
f 4494 4545 4493
f 4493 4550 4491
f 4491 4550 4488
f 4487 4490 4486
f 4552 4553 4312
f 4312 4553 4309
f 4309 4553 4497
f 4497 4553 4496
f 4497 4496 4487
f 4497 4487 4486
f 4192 4408 4554
f 4554 4408 4197
f 4554 4197 4498
f 4401 4555 4498
f 4555 4401 4556
f 4556 4401 4557
f 4558 4312 4559
f 4559 4312 4498
f 4312 4558 4560
f 4312 4560 4552
f 4554 4561 4192
f 4192 4561 4181
f 4192 4181 4199
f 4199 4181 4187
f 4559 4189 4561
f 4561 4189 4182
f 4561 4182 4181
f 4498 4197 4199
f 4498 4199 4559
f 4559 4199 4187
f 4559 4187 4189
f 4207 4206 4501
f 4501 4206 4502
f 4501 4502 4402
f 4402 4502 4562
f 4402 4562 4399
f 4399 4562 4563
f 4399 4563 4401
f 4401 4563 4557
f 4423 4564 4409
f 4423 4409 4207
f 4423 4207 4501
f 4564 4423 4507
f 4507 4506 4565
f 4507 4565 4564
f 4566 4564 4567
f 4567 4564 4565
f 4564 4566 4568
f 4568 4566 4569
f 4424 4428 4505
f 4424 4515 4428
f 4428 4515 4517
f 4506 4505 4570
f 4507 4422 4505
f 4505 4422 4424
f 4229 4419 4471
f 4229 4471 4231
f 4221 4513 4419
f 4221 4419 4223
f 4570 4569 4566
f 4566 4567 4570
f 4570 4567 4565
f 4570 4565 4506
f 4517 4514 4428
f 4428 4514 4499
f 4508 4023 4428
f 4508 4428 4499
f 4414 4074 4519
f 4010 4417 4471
f 4551 4545 4513
f 4551 4513 4548
f 4544 4542 4545
f 4545 4542 4513
f 4508 4244 4023
f 4023 4244 4519
f 4417 4416 4471
f 4471 4416 4511
f 4471 4511 4231
f 4512 4548 4513
f 4244 4243 4519
f 4519 4243 4414
f 4267 4539 4072
f 4267 4072 4571
f 4267 4263 4539
f 4539 4263 4417
f 4539 4417 4010
f 4571 4122 4267
f 4123 4532 4078
f 4123 4078 4117
f 4123 4072 4532
f 4122 4571 4072
f 4122 4072 4123
f 4414 4509 4074
f 4074 4509 4510
f 4415 4077 4510
f 4078 4120 4117
f 4117 4120 4116
f 4116 4120 4121
f 4116 4121 4114
f 4114 4121 4119
f 4114 4119 4218
f 4118 4077 4415
f 4118 4415 4119
f 4119 4415 4218
f 4572 4573 4505
f 4505 4573 4570
f 4426 4425 4572
f 4572 4425 4023
f 4023 4425 4428
f 4572 4505 4428
f 4426 4572 4428
f 4523 4562 4526
f 4526 4562 4572
f 4429 4431 4023
f 4023 4431 4572
f 4572 4431 4430
f 4572 4430 4526
f 4526 4430 4520
f 4520 4430 4429
f 4520 4429 4023
f 4518 4433 4519
f 4433 4242 4519
f 4432 4433 4023
f 4023 4433 4520
f 4520 4433 4518
f 4519 4242 4432
f 4519 4432 4023
f 4518 4239 4520
f 4520 4239 4074
f 4239 4519 4074
f 4574 4522 4533
f 4533 4522 4524
f 4533 4524 4534
f 4534 4524 4538
f 4538 4524 4525
f 4538 4525 4530
f 4539 4531 4270
f 4539 4270 4469
f 4531 4539 4467
f 4531 4467 4010
f 4010 4467 4468
f 4010 4468 4539
f 4539 4469 4072
f 4469 4470 4072
f 4072 4470 4531
f 4531 4470 4270
f 4465 4010 4541
f 4465 4541 4464
f 4010 4465 4466
f 4010 4466 4531
f 4531 4466 4537
f 4537 4466 4464
f 4537 4464 4541
f 4537 4541 4540
f 4537 4540 4536
f 4496 4540 4543
f 4540 4496 4553
f 4540 4553 4536
f 4536 4553 4533
f 4533 4553 4575
f 4552 4560 4575
f 4552 4575 4553
f 4302 4496 4543
f 4302 4543 4547
f 4547 4543 4542
f 4547 4542 4544
f 4547 4544 4546
f 4574 4558 4559
f 4561 4574 4559
f 4564 4568 4569
f 4564 4569 4570
f 4564 4570 4409
f 4409 4570 4573
f 4409 4573 4502
f 4502 4573 4562
f 4557 4563 4576
f 4557 4576 4556
f 4573 4572 4562
f 4562 4523 4563
f 4563 4523 4522
f 4563 4522 4576
f 4575 4560 4533
f 4533 4560 4558
f 4574 4533 4558
f 4561 4554 4574
f 4574 4554 4498
f 4574 4498 4522
f 4522 4498 4555
f 4522 4555 4556
f 4522 4556 4576
f 4577 4578 4579
f 4580 4581 4579
f 4579 4581 4582
f 4579 4582 4583
f 4582 4584 4583
f 4585 4586 4580
f 4580 4579 4578
f 4580 4578 4585
f 4584 4587 4588
f 4589 4590 4588
f 4587 4591 4588
f 4588 4591 4589
f 4580 4586 4591
f 4580 4591 4592
f 4591 4587 4592
f 4588 4590 4578
f 4578 4590 4593
f 4578 4593 4585
f 4583 4584 4588
f 4594 4595 4596
f 4597 3878 4598
f 4598 3878 4599
f 4598 4599 3879
f 4598 3879 4600
f 4600 3879 4601
f 4600 4601 4602
f 4603 4604 4605
f 4606 4605 4604
f 4606 4607 4605
f 4607 4606 4608
f 4607 4608 4603
f 4604 4603 4608
f 4609 4610 4611
f 4609 4611 4612
f 4611 4613 4612
f 4613 4614 4612
f 4610 4614 4613
f 4609 4614 4610
f 4615 4616 4617
f 4617 4616 4618
f 4618 4616 4619
f 4618 4619 4615
f 4620 4621 4622
f 4620 3863 4621
f 4623 3863 4620
f 4623 4624 3863
f 4624 4623 4621
f 4622 4621 4623
f 4602 4625 3871
f 3871 4625 4626
f 4626 4601 3871
f 4627 4601 4626
f 4625 4601 4627
f 4625 4602 4601
f 4628 4629 4630
f 4630 4629 4631
f 4632 4633 4634
f 4632 4634 4635
f 4636 4637 4638
f 4639 4640 4638
f 4639 4638 4637
f 4641 4642 4643
f 4641 4643 4644
f 4644 4643 4645
f 4646 4647 4648
f 4648 4647 4649
f 4648 4649 4650
f 4650 4649 4651
f 4650 4651 4646
f 4646 4651 4647
f 4652 4653 3867
f 3867 4653 4654
f 3846 4602 3871
f 3871 4601 3870
f 3870 4601 3879
f 4638 4633 4635
f 4628 4655 3876
f 4628 3876 4629
f 4597 4636 4638
f 4634 3878 4635
f 4640 4636 4645
f 4633 4638 4640
f 4655 4636 4597
f 4640 4643 4633
f 4633 4643 4634
f 4597 4638 4635
f 4597 4635 3878
f 4634 4643 4628
f 4628 4643 4642
f 4642 4645 4655
f 4655 4645 4636
f 4628 4642 4655
f 4628 4631 4634
f 4634 4631 4629
f 4634 4629 3878
f 3878 4629 3876
f 4643 4640 4645
f 4621 3865 4656
f 4656 3865 3867
f 3865 4621 3863
f 4624 4621 4656
f 3863 4624 3843
f 3876 4655 4654
f 4654 4655 3875
f 3875 4655 3867
f 3867 4655 4657
f 3867 4657 4656
f 4656 4657 4658
f 4656 4658 4659
f 4659 4624 4656
f 4658 4660 4659
f 4659 4660 4661
f 4662 4663 4664
f 4665 4662 4664
f 4665 4664 4655
f 4663 4660 4658
f 4664 4663 4658
f 4664 4658 4657
f 4664 4657 4655
f 4666 4667 4668
f 4668 4667 4597
f 4597 4667 4669
f 4597 4669 4670
f 4671 4672 4673
f 4674 4665 4670
f 4674 4670 4672
f 4672 4670 4673
f 4671 4666 4675
f 4675 4666 4662
f 4666 4671 4673
f 4668 4662 4666
f 4665 4674 4675
f 4665 4675 4662
f 4670 4665 4597
f 4597 4665 4655
f 4668 4597 4676
f 4676 4597 4598
f 4676 4598 4677
f 4677 4598 4600
f 4677 4600 4607
f 4607 4600 4605
f 4605 4600 4602
f 4605 4602 4678
f 4679 4680 4678
f 4678 4680 4681
f 4682 4683 4681
f 4681 4683 4678
f 4683 4682 4684
f 4684 4682 4685
f 4684 4685 4686
f 4679 4678 4505
f 4505 4678 4602
f 4505 4602 3846
f 4505 3846 3845
f 4680 4687 4681
f 4681 4687 4688
f 4689 4685 4690
f 4690 4685 4682
f 4690 4682 4681
f 4690 4681 4688
f 4604 4613 4611
f 4608 4606 4613
f 4608 4613 4604
f 4611 4610 4604
f 4691 4692 4693
f 4691 4693 4694
f 4694 4693 4695
f 4694 4695 4692
f 4619 4696 4697
f 4696 4619 4616
f 4696 4616 4698
f 4615 4699 4616
f 4616 4699 4698
f 4699 4615 4697
f 4697 4615 4619
f 4617 4696 4698
f 4615 4617 4700
f 4696 4618 4701
f 4696 4617 4618
f 4618 4615 4701
f 4701 4615 4700
f 4702 4622 4623
f 4652 4620 4622
f 4652 4622 4702
f 4652 4703 4620
f 4704 4626 4625
f 4705 4627 4626
f 4705 4626 4704
f 4594 4704 4625
f 4706 4707 4708
f 4708 4707 4599
f 4708 4599 4709
f 4639 4710 4640
f 4640 4710 4636
f 4636 4710 4637
f 4645 4642 4644
f 4711 4712 4713
f 4713 4712 4714
f 4713 4714 4715
f 4715 4714 4711
f 4716 4717 4718
f 4716 4718 4719
f 4720 4719 4717
f 4720 4717 4716
f 4624 4513 3843
f 3843 4513 3844
f 4650 4721 4648
f 4648 4721 4722
f 4721 4650 4646
f 4651 4721 4723
f 4651 4723 4647
f 4721 4651 4722
f 4722 4651 4649
f 4722 4649 4724
f 4649 4647 4724
f 4724 4647 4723
f 4704 3871 3870
f 3844 3866 3843
f 3843 3866 4725
f 3873 3845 4595
f 4595 3845 3846
f 3879 4599 4707
f 4652 3865 3863
f 4595 3846 4596
f 4596 3846 3871
f 4596 3871 4594
f 3843 4725 3863
f 3863 4725 4703
f 3863 4703 4652
f 4726 4727 3876
f 3876 4727 4709
f 3876 4709 3878
f 3878 4709 4599
f 4704 3870 4707
f 3871 4704 4594
f 4707 3870 3879
f 4652 3867 3865
f 3875 3867 4654
f 4728 4726 3876
f 4728 3876 4654
f 4513 4624 4729
f 4729 4624 4659
f 4729 4659 4661
f 4661 4660 4730
f 4730 4660 4663
f 4662 4731 4663
f 4663 4731 4730
f 4668 4732 4662
f 4662 4732 4731
f 4614 4609 4733
f 4733 4609 4684
f 4684 4609 4612
f 4683 4684 4612
f 4683 4612 4603
f 4683 4603 4605
f 4683 4605 4678
f 4677 4607 4603
f 4733 4612 4614
f 4732 4668 4676
f 4732 4676 4734
f 4676 4677 4734
f 4734 4677 4733
f 4733 4677 4612
f 4612 4677 4603
f 4686 4735 4684
f 4684 4735 4733
f 4736 4735 4737
f 4737 4735 4686
f 4737 4686 4689
f 4689 4686 4685
f 3845 3873 4505
f 4679 4505 4738
f 4679 4738 4680
f 4680 4738 4687
f 4689 4690 4737
f 4738 4688 4687
f 4739 4606 4740
f 4740 4606 4604
f 4741 4740 4610
f 4610 4740 4604
f 4741 4610 4742
f 4742 4610 4613
f 4739 4742 4606
f 4606 4742 4613
f 4695 4693 4738
f 4743 4693 4744
f 4744 4693 4692
f 4744 4692 4695
f 4744 4695 4738
f 4693 4743 4745
f 4745 4743 4691
f 4692 4691 4746
f 4745 4691 4694
f 4745 4694 4747
f 4747 4694 4692
f 4747 4692 4746
f 4652 4748 4653
f 4653 4748 4749
f 4653 4749 4654
f 4699 4750 4700
f 4699 4700 4698
f 4698 4700 4617
f 4751 4750 4697
f 4697 4750 4699
f 4701 4751 4697
f 4701 4697 4696
f 4752 4702 4623
f 4703 4752 4623
f 4703 4623 4620
f 3873 4595 4505
f 4594 4505 4595
f 4594 4625 4627
f 4594 4627 4753
f 4627 4705 4753
f 4754 4706 4708
f 4704 4707 4706
f 4631 4628 4755
f 4755 4628 4756
f 4633 4632 4757
f 4631 4755 4726
f 4756 4628 4630
f 4756 4630 4728
f 4654 4749 4728
f 4726 4728 4630
f 4726 4630 4631
f 4708 4709 4754
f 4709 4635 4758
f 4757 4632 4759
f 4758 4635 4633
f 4758 4633 4757
f 4709 4727 4726
f 4709 4726 4759
f 4759 4632 4709
f 4709 4632 4635
f 4760 4644 4642
f 4714 4761 4762
f 4761 4714 4712
f 4763 4712 4711
f 4763 4711 4762
f 4762 4711 4714
f 4764 4761 4712
f 4711 4765 4715
f 4765 4711 4764
f 4764 4711 4713
f 4764 4713 4761
f 4761 4713 4715
f 4766 4767 4723
f 4723 4767 4724
f 4717 4768 4769
f 4770 4718 4717
f 4770 4717 4769
f 4717 4719 4768
f 4768 4719 4718
f 4720 4768 4718
f 4719 4720 4771
f 4719 4771 4716
f 4768 4720 4716
f 4513 4729 4701
f 4513 4701 3844
f 3844 4701 3866
f 4772 4773 4765
f 4765 4773 4715
f 4771 4774 4716
f 4775 4766 4646
f 4646 4766 4723
f 4646 4723 4721
f 4776 4775 4648
f 4648 4775 4646
f 4767 4776 4648
f 4724 4767 4648
f 4724 4648 4722
f 4750 4725 4700
f 4701 4700 3866
f 3866 4700 4725
f 4735 4736 4733
f 4744 4746 4743
f 4743 4746 4691
f 4744 4738 4505
f 4594 4777 4505
f 4505 4777 4744
f 4741 4736 4737
f 4741 4737 4690
f 4736 4741 4733
f 4741 4742 4733
f 4688 4740 4690
f 4690 4740 4741
f 4688 4738 4778
f 4739 4740 4688
f 4583 4732 4779
f 4779 4732 4734
f 4779 4734 4780
f 4780 4734 4733
f 4780 4733 4742
f 4780 4742 4739
f 4747 4778 4738
f 4747 4738 4745
f 4745 4738 4693
f 4744 4778 4746
f 4746 4778 4747
f 4748 4652 4702
f 4751 4752 4750
f 4725 4750 4703
f 4703 4750 4752
f 4754 4579 4781
f 4754 4781 4782
f 4782 4781 4706
f 4706 4781 4783
f 4706 4783 4705
f 4705 4783 4753
f 4753 4783 4777
f 4777 4594 4753
f 4704 4706 4705
f 4754 4782 4706
f 4763 4765 4712
f 4712 4765 4764
f 4765 4763 4784
f 4784 4763 4762
f 4773 4784 4715
f 4715 4784 4762
f 4715 4762 4761
f 4729 4661 4784
f 4784 4661 4785
f 4785 4661 4786
f 4786 4661 4730
f 4786 4730 4787
f 4787 4730 4731
f 4787 4731 4588
f 4767 4766 4785
f 4751 4767 4752
f 4752 4767 4785
f 4752 4785 4702
f 4702 4785 4788
f 4702 4788 4748
f 4577 4749 4789
f 4789 4749 4748
f 4789 4748 4788
f 4790 4774 4771
f 4770 4790 4771
f 4770 4771 4718
f 4718 4771 4720
f 4790 4770 4791
f 4791 4770 4769
f 4774 4791 4716
f 4716 4791 4769
f 4716 4769 4768
f 4784 4773 4729
f 4765 4791 4772
f 4772 4791 4774
f 4767 4751 4776
f 4776 4751 4701
f 4776 4701 4775
f 4773 4772 4729
f 4729 4772 4774
f 4729 4774 4701
f 4701 4774 4775
f 4775 4774 4790
f 4775 4790 4766
f 4588 4731 4583
f 4583 4731 4732
f 4688 4778 4744
f 4780 4783 4779
f 4579 4583 4781
f 4781 4583 4779
f 4781 4779 4783
f 4783 4780 4777
f 4777 4780 4739
f 4777 4739 4688
f 4777 4688 4744
f 4755 4641 4726
f 4749 4756 4728
f 4754 4709 4758
f 4639 4759 4726
f 4726 4641 4639
f 4639 4641 4644
f 4710 4577 4579
f 4710 4579 4637
f 4637 4579 4754
f 4637 4754 4639
f 4639 4754 4758
f 4639 4758 4757
f 4639 4757 4759
f 4577 4760 4642
f 4760 4577 4644
f 4644 4577 4710
f 4644 4710 4639
f 4749 4577 4756
f 4756 4577 4642
f 4756 4642 4755
f 4755 4642 4641
f 4766 4790 4785
f 4785 4790 4791
f 4765 4785 4791
f 4785 4765 4784
f 4788 4785 4786
f 4577 4789 4787
f 4787 4588 4578
f 4787 4578 4577
f 4786 4787 4789
f 4786 4789 4788
f 4792 4586 4585
f 4586 4792 4793
f 4586 4793 4591
f 4794 4589 4793
f 4793 4589 4591
f 4794 4590 4589
f 4590 4794 4593
f 4593 4794 4792
f 4585 4593 4792
f 4795 4792 4796
f 4796 4792 4794
f 4796 4794 4793
f 4796 4793 4797
f 4797 4793 4795
f 4795 4793 4792
f 4581 4798 4799
f 4581 4799 4582
f 4582 4799 4584
f 4800 4584 4799
f 4800 4587 4584
f 4587 4800 4592
f 4592 4800 4798
f 4580 4592 4798
f 4798 4581 4580
f 4801 4798 4802
f 4802 4798 4800
f 4802 4800 4799
f 4802 4799 4803
f 4803 4799 4801
f 4801 4799 4798
f 4804 4675 4674
f 4675 4804 4671
f 4802 4667 4666
f 4802 4666 4801
f 4801 4666 4670
f 4801 4670 4803
f 4803 4670 4667
f 4803 4667 4802
f 4666 4673 4670
f 4670 4669 4667
f 4796 4671 4804
f 4796 4804 4795
f 4795 4804 4672
f 4795 4672 4797
f 4797 4672 4671
f 4797 4671 4796
f 4672 4804 4674
f 4805 4806 4807
f 4805 4808 4806
f 4575 4809 4805
f 4807 4808 4576
f 4576 4808 4810
f 4805 4811 4808
f 4808 4811 4810
f 4810 4811 4812
f 4811 4809 4812
f 4812 4809 4575
f 4813 4814 4815
f 4814 4813 4816
f 4814 4816 4543
f 4817 4543 4815
f 4815 4814 4817
f 4817 4814 4812
f 4817 4812 4818
f 4818 4812 4575
f 4542 4544 4819
f 4542 4819 4820
f 4542 4820 4729
f 4576 4810 4821
f 4821 4810 4822
f 4822 4823 4821
f 4821 4823 4824
f 4824 4825 4821
f 4821 4825 4573
f 4825 4823 4573
f 4573 4823 4822
f 4822 4826 4573
f 4827 4828 4826
f 4826 4570 4573
f 4829 4830 4570
f 4826 4822 4827
f 4735 4831 4822
f 4822 4831 4827
f 4679 4830 4832
f 4833 4826 4834
f 4834 4826 4828
f 4831 4735 4828
f 4828 4735 4686
f 4828 4686 4834
f 4835 4836 4826
f 4826 4836 4829
f 4826 4829 4570
f 4570 4830 4679
f 4833 4834 4832
f 4833 4832 4835
f 4835 4832 4830
f 4835 4830 4836
f 4837 4838 4839
f 4840 4820 4841
f 4842 4843 4844
f 4844 4843 4837
f 4845 4838 4843
f 4845 4843 4842
f 4820 4846 4841
f 4840 4841 4847
f 4847 4841 4848
f 4847 4848 4819
f 4819 4848 4846
f 4844 4837 4849
f 4849 4837 4839
f 4819 4846 4820
f 4850 4851 4852
f 4853 4810 4852
f 4852 4810 4812
f 4852 4812 4850
f 4854 4855 4856
f 4856 4855 4810
f 4856 4810 4857
f 4857 4810 4853
f 4857 4853 4858
f 4858 4853 4859
f 4860 4822 4861
f 4861 4822 4862
f 4862 4822 4863
f 4863 4822 4810
f 4863 4810 4855
f 4864 4865 4866
f 4866 4865 4867
f 4866 4867 4868
f 4868 4867 4869
f 4868 4869 4870
f 4870 4869 4871
f 4868 4872 4866
f 4866 4872 4860
f 4860 4872 4822
f 4822 4872 4873
f 4874 4873 4875
f 4822 4873 4874
f 4875 4873 4876
f 4876 4873 4868
f 4735 4874 4686
f 4686 4874 4875
f 4686 4875 4685
f 4685 4875 4689
f 4839 4838 4845
f 4877 4878 4879
f 4842 4877 4847
f 4842 4847 4845
f 4845 4847 4819
f 4845 4819 4839
f 4842 4844 4877
f 4877 4844 4880
f 4877 4880 4881
f 4847 4877 4879
f 4847 4879 4840
f 4820 4840 4729
f 4729 4840 4879
f 4729 4879 4814
f 4814 4879 4882
f 4879 4883 4882
f 4881 4880 4882
f 4881 4882 4883
f 4881 4883 4878
f 4814 4882 4884
f 4884 4885 4814
f 4814 4885 4886
f 4814 4886 4812
f 4812 4886 4850
f 4887 4888 4889
f 4890 4888 4887
f 4841 4891 4729
f 4542 4892 4888
f 4888 4890 4543
f 4543 4890 4893
f 4729 4891 4542
f 4543 4893 4814
f 4814 4893 4887
f 4814 4887 4729
f 4892 4542 4891
f 4892 4891 4889
f 4889 4891 4848
f 4848 4841 4889
f 4889 4841 4729
f 4889 4729 4887
f 4557 4894 4854
f 4543 4880 4844
f 4807 4895 4808
f 4808 4895 4806
f 4807 4806 4858
f 4895 4807 4858
f 4818 4851 4850
f 4854 4894 4855
f 4853 4852 4809
f 4857 4858 4806
f 4857 4806 4856
f 4896 4851 4897
f 4897 4851 4859
f 4858 4859 4895
f 4854 4895 4898
f 4898 4895 4859
f 4856 4806 4854
f 4854 4806 4895
f 4851 4896 4852
f 4852 4896 4809
f 4809 4897 4853
f 4853 4897 4859
f 4809 4896 4805
f 4805 4896 4897
f 4805 4897 4811
f 4897 4809 4811
f 4568 4864 4569
f 4569 4864 4570
f 4570 4864 4573
f 4864 4866 4573
f 4543 4885 4880
f 4576 4854 4807
f 4807 4854 4898
f 4807 4898 4859
f 4807 4859 4805
f 4844 4888 4543
f 4839 4546 4544
f 4839 4544 4542
f 4839 4542 4849
f 4849 4542 4888
f 4849 4888 4844
f 4805 4859 4851
f 4805 4851 4575
f 4575 4851 4552
f 4575 4552 4818
f 4817 4885 4543
f 4899 4821 4862
f 4862 4821 4573
f 4862 4573 4866
f 4899 4894 4821
f 4821 4894 4576
f 4576 4894 4557
f 4576 4557 4854
f 4546 4819 4544
f 4900 4825 4824
f 4900 4823 4825
f 4901 4870 4871
f 4864 4871 4865
f 4869 4836 4871
f 4867 4865 4836
f 4867 4836 4869
f 4901 4871 4864
f 4818 4552 4851
f 4817 4818 4902
f 4817 4902 4885
f 4888 4843 4889
f 4889 4843 4892
f 4888 4892 4838
f 4838 4892 4843
f 4837 4843 4888
f 4837 4888 4838
f 4891 4841 4846
f 4891 4846 4848
f 4839 4819 4546
f 4569 4570 4901
f 4901 4570 4679
f 4870 4901 4679
f 4870 4679 4687
f 4687 4679 4680
f 4568 4569 4901
f 4864 4568 4901
f 4815 4543 4816
f 4900 4903 4823
f 4900 4824 4861
f 4861 4824 4823
f 4861 4823 4903
f 4680 4679 4904
f 4904 4679 4832
f 4904 4832 4905
f 4905 4832 4834
f 4905 4834 4685
f 4685 4834 4686
f 4829 4836 4865
f 4829 4865 4830
f 4830 4865 4871
f 4830 4871 4836
f 4861 4903 4860
f 4860 4903 4866
f 4866 4903 4900
f 4866 4900 4862
f 4900 4861 4862
f 4855 4894 4899
f 4855 4899 4863
f 4863 4899 4862
f 4870 4687 4906
f 4870 4906 4868
f 4885 4902 4886
f 4886 4902 4818
f 4886 4818 4850
f 4907 4880 4885
f 4880 4907 4908
f 4880 4908 4882
f 4882 4908 4884
f 4884 4907 4885
f 4685 4689 4905
f 4905 4689 4876
f 4687 4680 4906
f 4906 4680 4904
f 4906 4904 4905
f 4906 4905 4876
f 4815 4884 4813
f 4813 4884 4908
f 4815 4907 4884
f 4907 4815 4816
f 4816 4908 4907
f 4813 4908 4816
f 4909 4873 4910
f 4909 4911 4873
f 4873 4911 4868
f 4912 4872 4911
f 4911 4872 4868
f 4912 4910 4872
f 4872 4910 4873
f 4868 4906 4876
f 4875 4876 4689
f 4913 4878 4877
f 4913 4877 4914
f 4914 4877 4881
f 4914 4881 4915
f 4915 4881 4878
f 4915 4878 4913
f 4915 4893 4914
f 4914 4893 4890
f 4914 4890 4913
f 4913 4890 4887
f 4913 4887 4915
f 4915 4887 4893
f 4916 4879 4917
f 4917 4879 4878
f 4917 4878 4918
f 4918 4878 4883
f 4918 4883 4879
f 4918 4879 4916
f 4919 4833 4911
f 4911 4833 4835
f 4911 4835 4912
f 4912 4835 4826
f 4912 4826 4919
f 4919 4826 4833
f 4828 4827 4920
f 4920 4827 4910
f 4910 4827 4909
f 4909 4827 4831
f 4909 4831 4920
f 4920 4831 4828
f 4919 4920 4912
f 4910 4912 4920
f 4920 4919 4909
f 4909 4919 4911
f 4916 4917 4918
f 4874 4735 4822
